path,file_id,fault_id,condition_id,opening_id,parse_ok,issue_type,missing_columns,read_error,duration_s,fs_hz,n_samples,preview_rows,missing_combo
tmp_demo_data\fault0-condition1\fault0-condition1-1.csv,fault0-condition1/fault0-condition1-1.csv,0,1,1,True,ok,,,0.0399,10000.0,400,128,
tmp_demo_data\fault0-condition1\fault0-condition1-2.csv,fault0-condition1/fault0-condition1-2.csv,0,1,2,True,ok,,,0.0399,10000.0,400,128,
tmp_demo_data\fault0-condition2\fault0-condition2-1.csv,fault0-condition2/fault0-condition2-1.csv,0,2,1,True,ok,,,0.0399,10000.0,400,128,
tmp_demo_data\fault0-condition2\fault0-condition2-2.csv,fault0-condition2/fault0-condition2-2.csv,0,2,2,True,ok,,,0.0399,10000.0,400,128,
tmp_demo_data\fault1-condition1\fault1-condition1-1.csv,fault1-condition1/fault1-condition1-1.csv,1,1,1,True,ok,,,0.0399,10000.0,400,128,
tmp_demo_data\fault1-condition1\fault1-condition1-2.csv,fault1-condition1/fault1-condition1-2.csv,1,1,2,True,ok,,,0.0399,10000.0,400,128,
tmp_demo_data\fault1-condition2\fault1-condition2-1.csv,fault1-condition2/fault1-condition2-1.csv,1,2,1,True,ok,,,0.0399,10000.0,400,128,
tmp_demo_data\fault1-condition2\fault1-condition2-2.csv,fault1-condition2/fault1-condition2-2.csv,1,2,2,True,ok,,,0.0399,10000.0,400,128,
,Fault0/Fault0-condition1/Fault0-condition1-3.csv,0,1,3,False,missing_expected_sample,,missing_expected_sample,200.0,,0,0,Fault0-condition1-opening3
,Fault0/Fault0-condition1/Fault0-condition1-4.csv,0,1,4,False,missing_expected_sample,,missing_expected_sample,200.0,,0,0,Fault0-condition1-opening4
,Fault0/Fault0-condition1/Fault0-condition1-5.csv,0,1,5,False,missing_expected_sample,,missing_expected_sample,200.0,,0,0,Fault0-condition1-opening5
,Fault0/Fault0-condition1/Fault0-condition1-6.csv,0,1,6,False,missing_expected_sample,,missing_expected_sample,200.0,,0,0,Fault0-condition1-opening6
,Fault0/Fault0-condition1/Fault0-condition1-7.csv,0,1,7,False,missing_expected_sample,,missing_expected_sample,200.0,,0,0,Fault0-condition1-opening7
,Fault0/Fault0-condition1/Fault0-condition1-8.csv,0,1,8,False,missing_expected_sample,,missing_expected_sample,200.0,,0,0,Fault0-condition1-opening8
,Fault0/Fault0-condition1/Fault0-condition1-9.csv,0,1,9,False,missing_expected_sample,,missing_expected_sample,200.0,,0,0,Fault0-condition1-opening9
,Fault0/Fault0-condition1/Fault0-condition1-10.csv,0,1,10,False,missing_expected_sample,,missing_expected_sample,200.0,,0,0,Fault0-condition1-opening10
,Fault0/Fault0-condition1/Fault0-condition1-11.csv,0,1,11,False,missing_expected_sample,,missing_expected_sample,200.0,,0,0,Fault0-condition1-opening11
,Fault0/Fault0-condition1/Fault0-condition1-12.csv,0,1,12,False,missing_expected_sample,,missing_expected_sample,200.0,,0,0,Fault0-condition1-opening12
,Fault0/Fault0-condition1/Fault0-condition1-13.csv,0,1,13,False,missing_expected_sample,,missing_expected_sample,200.0,,0,0,Fault0-condition1-opening13
,Fault0/Fault0-condition1/Fault0-condition1-14.csv,0,1,14,False,missing_expected_sample,,missing_expected_sample,200.0,,0,0,Fault0-condition1-opening14
,Fault0/Fault0-condition1/Fault0-condition1-15.csv,0,1,15,False,missing_expected_sample,,missing_expected_sample,200.0,,0,0,Fault0-condition1-opening15
,Fault0/Fault0-condition1/Fault0-condition1-16.csv,0,1,16,False,missing_expected_sample,,missing_expected_sample,200.0,,0,0,Fault0-condition1-opening16
,Fault0/Fault0-condition1/Fault0-condition1-17.csv,0,1,17,False,missing_expected_sample,,missing_expected_sample,200.0,,0,0,Fault0-condition1-opening17
,Fault0/Fault0-condition1/Fault0-condition1-18.csv,0,1,18,False,missing_expected_sample,,missing_expected_sample,200.0,,0,0,Fault0-condition1-opening18
,Fault0/Fault0-condition1/Fault0-condition1-19.csv,0,1,19,False,missing_expected_sample,,missing_expected_sample,200.0,,0,0,Fault0-condition1-opening19
,Fault0/Fault0-condition1/Fault0-condition1-20.csv,0,1,20,False,missing_expected_sample,,missing_expected_sample,200.0,,0,0,Fault0-condition1-opening20
,Fault0/Fault0-condition2/Fault0-condition2-3.csv,0,2,3,False,missing_expected_sample,,missing_expected_sample,200.0,,0,0,Fault0-condition2-opening3
,Fault0/Fault0-condition2/Fault0-condition2-4.csv,0,2,4,False,missing_expected_sample,,missing_expected_sample,200.0,,0,0,Fault0-condition2-opening4
,Fault0/Fault0-condition2/Fault0-condition2-5.csv,0,2,5,False,missing_expected_sample,,missing_expected_sample,200.0,,0,0,Fault0-condition2-opening5
,Fault0/Fault0-condition2/Fault0-condition2-6.csv,0,2,6,False,missing_expected_sample,,missing_expected_sample,200.0,,0,0,Fault0-condition2-opening6
,Fault0/Fault0-condition2/Fault0-condition2-7.csv,0,2,7,False,missing_expected_sample,,missing_expected_sample,200.0,,0,0,Fault0-condition2-opening7
,Fault0/Fault0-condition2/Fault0-condition2-8.csv,0,2,8,False,missing_expected_sample,,missing_expected_sample,200.0,,0,0,Fault0-condition2-opening8
,Fault0/Fault0-condition2/Fault0-condition2-9.csv,0,2,9,False,missing_expected_sample,,missing_expected_sample,200.0,,0,0,Fault0-condition2-opening9
,Fault0/Fault0-condition2/Fault0-condition2-10.csv,0,2,10,False,missing_expected_sample,,missing_expected_sample,200.0,,0,0,Fault0-condition2-opening10
,Fault0/Fault0-condition2/Fault0-condition2-11.csv,0,2,11,False,missing_expected_sample,,missing_expected_sample,200.0,,0,0,Fault0-condition2-opening11
,Fault0/Fault0-condition2/Fault0-condition2-12.csv,0,2,12,False,missing_expected_sample,,missing_expected_sample,200.0,,0,0,Fault0-condition2-opening12
,Fault0/Fault0-condition2/Fault0-condition2-13.csv,0,2,13,False,missing_expected_sample,,missing_expected_sample,200.0,,0,0,Fault0-condition2-opening13
,Fault0/Fault0-condition2/Fault0-condition2-14.csv,0,2,14,False,missing_expected_sample,,missing_expected_sample,200.0,,0,0,Fault0-condition2-opening14
,Fault0/Fault0-condition2/Fault0-condition2-15.csv,0,2,15,False,missing_expected_sample,,missing_expected_sample,200.0,,0,0,Fault0-condition2-opening15
,Fault0/Fault0-condition2/Fault0-condition2-16.csv,0,2,16,False,missing_expected_sample,,missing_expected_sample,200.0,,0,0,Fault0-condition2-opening16
,Fault0/Fault0-condition2/Fault0-condition2-17.csv,0,2,17,False,missing_expected_sample,,missing_expected_sample,200.0,,0,0,Fault0-condition2-opening17
,Fault0/Fault0-condition2/Fault0-condition2-18.csv,0,2,18,False,missing_expected_sample,,missing_expected_sample,200.0,,0,0,Fault0-condition2-opening18
,Fault0/Fault0-condition2/Fault0-condition2-19.csv,0,2,19,False,missing_expected_sample,,missing_expected_sample,200.0,,0,0,Fault0-condition2-opening19
,Fault0/Fault0-condition2/Fault0-condition2-20.csv,0,2,20,False,missing_expected_sample,,missing_expected_sample,200.0,,0,0,Fault0-condition2-opening20
,Fault0/Fault0-condition3/Fault0-condition3-1.csv,0,3,1,False,missing_expected_sample,,missing_expected_sample,200.0,,0,0,Fault0-condition3-opening1
,Fault0/Fault0-condition3/Fault0-condition3-2.csv,0,3,2,False,missing_expected_sample,,missing_expected_sample,200.0,,0,0,Fault0-condition3-opening2
,Fault0/Fault0-condition3/Fault0-condition3-3.csv,0,3,3,False,missing_expected_sample,,missing_expected_sample,200.0,,0,0,Fault0-condition3-opening3
,Fault0/Fault0-condition3/Fault0-condition3-4.csv,0,3,4,False,missing_expected_sample,,missing_expected_sample,200.0,,0,0,Fault0-condition3-opening4
,Fault0/Fault0-condition3/Fault0-condition3-5.csv,0,3,5,False,missing_expected_sample,,missing_expected_sample,200.0,,0,0,Fault0-condition3-opening5
,Fault0/Fault0-condition3/Fault0-condition3-6.csv,0,3,6,False,missing_expected_sample,,missing_expected_sample,200.0,,0,0,Fault0-condition3-opening6
,Fault0/Fault0-condition3/Fault0-condition3-7.csv,0,3,7,False,missing_expected_sample,,missing_expected_sample,200.0,,0,0,Fault0-condition3-opening7
,Fault0/Fault0-condition3/Fault0-condition3-8.csv,0,3,8,False,missing_expected_sample,,missing_expected_sample,200.0,,0,0,Fault0-condition3-opening8
,Fault0/Fault0-condition3/Fault0-condition3-9.csv,0,3,9,False,missing_expected_sample,,missing_expected_sample,200.0,,0,0,Fault0-condition3-opening9
,Fault0/Fault0-condition3/Fault0-condition3-10.csv,0,3,10,False,missing_expected_sample,,missing_expected_sample,200.0,,0,0,Fault0-condition3-opening10
,Fault0/Fault0-condition3/Fault0-condition3-11.csv,0,3,11,False,missing_expected_sample,,missing_expected_sample,200.0,,0,0,Fault0-condition3-opening11
,Fault0/Fault0-condition3/Fault0-condition3-12.csv,0,3,12,False,missing_expected_sample,,missing_expected_sample,200.0,,0,0,Fault0-condition3-opening12
,Fault0/Fault0-condition3/Fault0-condition3-13.csv,0,3,13,False,missing_expected_sample,,missing_expected_sample,200.0,,0,0,Fault0-condition3-opening13
,Fault0/Fault0-condition3/Fault0-condition3-14.csv,0,3,14,False,missing_expected_sample,,missing_expected_sample,200.0,,0,0,Fault0-condition3-opening14
,Fault0/Fault0-condition3/Fault0-condition3-15.csv,0,3,15,False,missing_expected_sample,,missing_expected_sample,200.0,,0,0,Fault0-condition3-opening15
,Fault0/Fault0-condition3/Fault0-condition3-16.csv,0,3,16,False,missing_expected_sample,,missing_expected_sample,200.0,,0,0,Fault0-condition3-opening16
,Fault0/Fault0-condition3/Fault0-condition3-17.csv,0,3,17,False,missing_expected_sample,,missing_expected_sample,200.0,,0,0,Fault0-condition3-opening17
,Fault0/Fault0-condition3/Fault0-condition3-18.csv,0,3,18,False,missing_expected_sample,,missing_expected_sample,200.0,,0,0,Fault0-condition3-opening18
,Fault0/Fault0-condition3/Fault0-condition3-19.csv,0,3,19,False,missing_expected_sample,,missing_expected_sample,200.0,,0,0,Fault0-condition3-opening19
,Fault0/Fault0-condition3/Fault0-condition3-20.csv,0,3,20,False,missing_expected_sample,,missing_expected_sample,200.0,,0,0,Fault0-condition3-opening20
,Fault0/Fault0-condition4/Fault0-condition4-1.csv,0,4,1,False,missing_expected_sample,,missing_expected_sample,200.0,,0,0,Fault0-condition4-opening1
,Fault0/Fault0-condition4/Fault0-condition4-2.csv,0,4,2,False,missing_expected_sample,,missing_expected_sample,200.0,,0,0,Fault0-condition4-opening2
,Fault0/Fault0-condition4/Fault0-condition4-3.csv,0,4,3,False,missing_expected_sample,,missing_expected_sample,200.0,,0,0,Fault0-condition4-opening3
,Fault0/Fault0-condition4/Fault0-condition4-4.csv,0,4,4,False,missing_expected_sample,,missing_expected_sample,200.0,,0,0,Fault0-condition4-opening4
,Fault0/Fault0-condition4/Fault0-condition4-5.csv,0,4,5,False,missing_expected_sample,,missing_expected_sample,200.0,,0,0,Fault0-condition4-opening5
,Fault0/Fault0-condition4/Fault0-condition4-6.csv,0,4,6,False,missing_expected_sample,,missing_expected_sample,200.0,,0,0,Fault0-condition4-opening6
,Fault0/Fault0-condition4/Fault0-condition4-7.csv,0,4,7,False,missing_expected_sample,,missing_expected_sample,200.0,,0,0,Fault0-condition4-opening7
,Fault0/Fault0-condition4/Fault0-condition4-8.csv,0,4,8,False,missing_expected_sample,,missing_expected_sample,200.0,,0,0,Fault0-condition4-opening8
,Fault0/Fault0-condition4/Fault0-condition4-9.csv,0,4,9,False,missing_expected_sample,,missing_expected_sample,200.0,,0,0,Fault0-condition4-opening9
,Fault0/Fault0-condition4/Fault0-condition4-10.csv,0,4,10,False,missing_expected_sample,,missing_expected_sample,200.0,,0,0,Fault0-condition4-opening10
,Fault0/Fault0-condition4/Fault0-condition4-11.csv,0,4,11,False,missing_expected_sample,,missing_expected_sample,200.0,,0,0,Fault0-condition4-opening11
,Fault0/Fault0-condition4/Fault0-condition4-12.csv,0,4,12,False,missing_expected_sample,,missing_expected_sample,200.0,,0,0,Fault0-condition4-opening12
,Fault0/Fault0-condition4/Fault0-condition4-13.csv,0,4,13,False,missing_expected_sample,,missing_expected_sample,200.0,,0,0,Fault0-condition4-opening13
,Fault0/Fault0-condition4/Fault0-condition4-14.csv,0,4,14,False,missing_expected_sample,,missing_expected_sample,200.0,,0,0,Fault0-condition4-opening14
,Fault0/Fault0-condition4/Fault0-condition4-15.csv,0,4,15,False,missing_expected_sample,,missing_expected_sample,200.0,,0,0,Fault0-condition4-opening15
,Fault0/Fault0-condition4/Fault0-condition4-16.csv,0,4,16,False,missing_expected_sample,,missing_expected_sample,200.0,,0,0,Fault0-condition4-opening16
,Fault0/Fault0-condition4/Fault0-condition4-17.csv,0,4,17,False,missing_expected_sample,,missing_expected_sample,200.0,,0,0,Fault0-condition4-opening17
,Fault0/Fault0-condition4/Fault0-condition4-18.csv,0,4,18,False,missing_expected_sample,,missing_expected_sample,200.0,,0,0,Fault0-condition4-opening18
,Fault0/Fault0-condition4/Fault0-condition4-19.csv,0,4,19,False,missing_expected_sample,,missing_expected_sample,200.0,,0,0,Fault0-condition4-opening19
,Fault0/Fault0-condition4/Fault0-condition4-20.csv,0,4,20,False,missing_expected_sample,,missing_expected_sample,200.0,,0,0,Fault0-condition4-opening20
,Fault0/Fault0-condition5/Fault0-condition5-1.csv,0,5,1,False,missing_expected_sample,,missing_expected_sample,200.0,,0,0,Fault0-condition5-opening1
,Fault0/Fault0-condition5/Fault0-condition5-2.csv,0,5,2,False,missing_expected_sample,,missing_expected_sample,200.0,,0,0,Fault0-condition5-opening2
,Fault0/Fault0-condition5/Fault0-condition5-3.csv,0,5,3,False,missing_expected_sample,,missing_expected_sample,200.0,,0,0,Fault0-condition5-opening3
,Fault0/Fault0-condition5/Fault0-condition5-4.csv,0,5,4,False,missing_expected_sample,,missing_expected_sample,200.0,,0,0,Fault0-condition5-opening4
,Fault0/Fault0-condition5/Fault0-condition5-5.csv,0,5,5,False,missing_expected_sample,,missing_expected_sample,200.0,,0,0,Fault0-condition5-opening5
,Fault0/Fault0-condition5/Fault0-condition5-6.csv,0,5,6,False,missing_expected_sample,,missing_expected_sample,200.0,,0,0,Fault0-condition5-opening6
,Fault0/Fault0-condition5/Fault0-condition5-7.csv,0,5,7,False,missing_expected_sample,,missing_expected_sample,200.0,,0,0,Fault0-condition5-opening7
,Fault0/Fault0-condition5/Fault0-condition5-8.csv,0,5,8,False,missing_expected_sample,,missing_expected_sample,200.0,,0,0,Fault0-condition5-opening8
,Fault0/Fault0-condition5/Fault0-condition5-9.csv,0,5,9,False,missing_expected_sample,,missing_expected_sample,200.0,,0,0,Fault0-condition5-opening9
,Fault0/Fault0-condition5/Fault0-condition5-10.csv,0,5,10,False,missing_expected_sample,,missing_expected_sample,200.0,,0,0,Fault0-condition5-opening10
,Fault0/Fault0-condition5/Fault0-condition5-11.csv,0,5,11,False,missing_expected_sample,,missing_expected_sample,200.0,,0,0,Fault0-condition5-opening11
,Fault0/Fault0-condition5/Fault0-condition5-12.csv,0,5,12,False,missing_expected_sample,,missing_expected_sample,200.0,,0,0,Fault0-condition5-opening12
,Fault0/Fault0-condition5/Fault0-condition5-13.csv,0,5,13,False,missing_expected_sample,,missing_expected_sample,200.0,,0,0,Fault0-condition5-opening13
,Fault0/Fault0-condition5/Fault0-condition5-14.csv,0,5,14,False,missing_expected_sample,,missing_expected_sample,200.0,,0,0,Fault0-condition5-opening14
,Fault0/Fault0-condition5/Fault0-condition5-15.csv,0,5,15,False,missing_expected_sample,,missing_expected_sample,200.0,,0,0,Fault0-condition5-opening15
,Fault0/Fault0-condition5/Fault0-condition5-16.csv,0,5,16,False,missing_expected_sample,,missing_expected_sample,200.0,,0,0,Fault0-condition5-opening16
,Fault0/Fault0-condition5/Fault0-condition5-17.csv,0,5,17,False,missing_expected_sample,,missing_expected_sample,200.0,,0,0,Fault0-condition5-opening17
,Fault0/Fault0-condition5/Fault0-condition5-18.csv,0,5,18,False,missing_expected_sample,,missing_expected_sample,200.0,,0,0,Fault0-condition5-opening18
,Fault0/Fault0-condition5/Fault0-condition5-19.csv,0,5,19,False,missing_expected_sample,,missing_expected_sample,200.0,,0,0,Fault0-condition5-opening19
,Fault0/Fault0-condition5/Fault0-condition5-20.csv,0,5,20,False,missing_expected_sample,,missing_expected_sample,200.0,,0,0,Fault0-condition5-opening20
,Fault0/Fault0-condition6/Fault0-condition6-1.csv,0,6,1,False,missing_expected_sample,,missing_expected_sample,200.0,,0,0,Fault0-condition6-opening1
,Fault0/Fault0-condition6/Fault0-condition6-2.csv,0,6,2,False,missing_expected_sample,,missing_expected_sample,200.0,,0,0,Fault0-condition6-opening2
,Fault0/Fault0-condition6/Fault0-condition6-3.csv,0,6,3,False,missing_expected_sample,,missing_expected_sample,200.0,,0,0,Fault0-condition6-opening3
,Fault0/Fault0-condition6/Fault0-condition6-4.csv,0,6,4,False,missing_expected_sample,,missing_expected_sample,200.0,,0,0,Fault0-condition6-opening4
,Fault0/Fault0-condition6/Fault0-condition6-5.csv,0,6,5,False,missing_expected_sample,,missing_expected_sample,200.0,,0,0,Fault0-condition6-opening5
,Fault0/Fault0-condition6/Fault0-condition6-6.csv,0,6,6,False,missing_expected_sample,,missing_expected_sample,200.0,,0,0,Fault0-condition6-opening6
,Fault0/Fault0-condition6/Fault0-condition6-7.csv,0,6,7,False,missing_expected_sample,,missing_expected_sample,200.0,,0,0,Fault0-condition6-opening7
,Fault0/Fault0-condition6/Fault0-condition6-8.csv,0,6,8,False,missing_expected_sample,,missing_expected_sample,200.0,,0,0,Fault0-condition6-opening8
,Fault0/Fault0-condition6/Fault0-condition6-9.csv,0,6,9,False,missing_expected_sample,,missing_expected_sample,200.0,,0,0,Fault0-condition6-opening9
,Fault0/Fault0-condition6/Fault0-condition6-10.csv,0,6,10,False,missing_expected_sample,,missing_expected_sample,200.0,,0,0,Fault0-condition6-opening10
,Fault0/Fault0-condition6/Fault0-condition6-11.csv,0,6,11,False,missing_expected_sample,,missing_expected_sample,200.0,,0,0,Fault0-condition6-opening11
,Fault0/Fault0-condition6/Fault0-condition6-12.csv,0,6,12,False,missing_expected_sample,,missing_expected_sample,200.0,,0,0,Fault0-condition6-opening12
,Fault0/Fault0-condition6/Fault0-condition6-13.csv,0,6,13,False,missing_expected_sample,,missing_expected_sample,200.0,,0,0,Fault0-condition6-opening13
,Fault0/Fault0-condition6/Fault0-condition6-14.csv,0,6,14,False,missing_expected_sample,,missing_expected_sample,200.0,,0,0,Fault0-condition6-opening14
,Fault0/Fault0-condition6/Fault0-condition6-15.csv,0,6,15,False,missing_expected_sample,,missing_expected_sample,200.0,,0,0,Fault0-condition6-opening15
,Fault0/Fault0-condition6/Fault0-condition6-16.csv,0,6,16,False,missing_expected_sample,,missing_expected_sample,200.0,,0,0,Fault0-condition6-opening16
,Fault0/Fault0-condition6/Fault0-condition6-17.csv,0,6,17,False,missing_expected_sample,,missing_expected_sample,200.0,,0,0,Fault0-condition6-opening17
,Fault0/Fault0-condition6/Fault0-condition6-18.csv,0,6,18,False,missing_expected_sample,,missing_expected_sample,200.0,,0,0,Fault0-condition6-opening18
,Fault0/Fault0-condition6/Fault0-condition6-19.csv,0,6,19,False,missing_expected_sample,,missing_expected_sample,200.0,,0,0,Fault0-condition6-opening19
,Fault0/Fault0-condition6/Fault0-condition6-20.csv,0,6,20,False,missing_expected_sample,,missing_expected_sample,200.0,,0,0,Fault0-condition6-opening20
,Fault0/Fault0-condition7/Fault0-condition7-1.csv,0,7,1,False,missing_expected_sample,,missing_expected_sample,200.0,,0,0,Fault0-condition7-opening1
,Fault0/Fault0-condition7/Fault0-condition7-2.csv,0,7,2,False,missing_expected_sample,,missing_expected_sample,200.0,,0,0,Fault0-condition7-opening2
,Fault0/Fault0-condition7/Fault0-condition7-3.csv,0,7,3,False,missing_expected_sample,,missing_expected_sample,200.0,,0,0,Fault0-condition7-opening3
,Fault0/Fault0-condition7/Fault0-condition7-4.csv,0,7,4,False,missing_expected_sample,,missing_expected_sample,200.0,,0,0,Fault0-condition7-opening4
,Fault0/Fault0-condition7/Fault0-condition7-5.csv,0,7,5,False,missing_expected_sample,,missing_expected_sample,200.0,,0,0,Fault0-condition7-opening5
,Fault0/Fault0-condition7/Fault0-condition7-6.csv,0,7,6,False,missing_expected_sample,,missing_expected_sample,200.0,,0,0,Fault0-condition7-opening6
,Fault0/Fault0-condition7/Fault0-condition7-7.csv,0,7,7,False,missing_expected_sample,,missing_expected_sample,200.0,,0,0,Fault0-condition7-opening7
,Fault0/Fault0-condition7/Fault0-condition7-8.csv,0,7,8,False,missing_expected_sample,,missing_expected_sample,200.0,,0,0,Fault0-condition7-opening8
,Fault0/Fault0-condition7/Fault0-condition7-9.csv,0,7,9,False,missing_expected_sample,,missing_expected_sample,200.0,,0,0,Fault0-condition7-opening9
,Fault0/Fault0-condition7/Fault0-condition7-10.csv,0,7,10,False,missing_expected_sample,,missing_expected_sample,200.0,,0,0,Fault0-condition7-opening10
,Fault0/Fault0-condition7/Fault0-condition7-11.csv,0,7,11,False,missing_expected_sample,,missing_expected_sample,200.0,,0,0,Fault0-condition7-opening11
,Fault0/Fault0-condition7/Fault0-condition7-12.csv,0,7,12,False,missing_expected_sample,,missing_expected_sample,200.0,,0,0,Fault0-condition7-opening12
,Fault0/Fault0-condition7/Fault0-condition7-13.csv,0,7,13,False,missing_expected_sample,,missing_expected_sample,200.0,,0,0,Fault0-condition7-opening13
,Fault0/Fault0-condition7/Fault0-condition7-14.csv,0,7,14,False,missing_expected_sample,,missing_expected_sample,200.0,,0,0,Fault0-condition7-opening14
,Fault0/Fault0-condition7/Fault0-condition7-15.csv,0,7,15,False,missing_expected_sample,,missing_expected_sample,200.0,,0,0,Fault0-condition7-opening15
,Fault0/Fault0-condition7/Fault0-condition7-16.csv,0,7,16,False,missing_expected_sample,,missing_expected_sample,200.0,,0,0,Fault0-condition7-opening16
,Fault0/Fault0-condition7/Fault0-condition7-17.csv,0,7,17,False,missing_expected_sample,,missing_expected_sample,200.0,,0,0,Fault0-condition7-opening17
,Fault0/Fault0-condition7/Fault0-condition7-18.csv,0,7,18,False,missing_expected_sample,,missing_expected_sample,200.0,,0,0,Fault0-condition7-opening18
,Fault0/Fault0-condition7/Fault0-condition7-19.csv,0,7,19,False,missing_expected_sample,,missing_expected_sample,200.0,,0,0,Fault0-condition7-opening19
,Fault0/Fault0-condition7/Fault0-condition7-20.csv,0,7,20,False,missing_expected_sample,,missing_expected_sample,200.0,,0,0,Fault0-condition7-opening20
,Fault0/Fault0-condition8/Fault0-condition8-1.csv,0,8,1,False,missing_expected_sample,,missing_expected_sample,200.0,,0,0,Fault0-condition8-opening1
,Fault0/Fault0-condition8/Fault0-condition8-2.csv,0,8,2,False,missing_expected_sample,,missing_expected_sample,200.0,,0,0,Fault0-condition8-opening2
,Fault0/Fault0-condition8/Fault0-condition8-3.csv,0,8,3,False,missing_expected_sample,,missing_expected_sample,200.0,,0,0,Fault0-condition8-opening3
,Fault0/Fault0-condition8/Fault0-condition8-4.csv,0,8,4,False,missing_expected_sample,,missing_expected_sample,200.0,,0,0,Fault0-condition8-opening4
,Fault0/Fault0-condition8/Fault0-condition8-5.csv,0,8,5,False,missing_expected_sample,,missing_expected_sample,200.0,,0,0,Fault0-condition8-opening5
,Fault0/Fault0-condition8/Fault0-condition8-6.csv,0,8,6,False,missing_expected_sample,,missing_expected_sample,200.0,,0,0,Fault0-condition8-opening6
,Fault0/Fault0-condition8/Fault0-condition8-7.csv,0,8,7,False,missing_expected_sample,,missing_expected_sample,200.0,,0,0,Fault0-condition8-opening7
,Fault0/Fault0-condition8/Fault0-condition8-8.csv,0,8,8,False,missing_expected_sample,,missing_expected_sample,200.0,,0,0,Fault0-condition8-opening8
,Fault0/Fault0-condition8/Fault0-condition8-9.csv,0,8,9,False,missing_expected_sample,,missing_expected_sample,200.0,,0,0,Fault0-condition8-opening9
,Fault0/Fault0-condition8/Fault0-condition8-10.csv,0,8,10,False,missing_expected_sample,,missing_expected_sample,200.0,,0,0,Fault0-condition8-opening10
,Fault0/Fault0-condition8/Fault0-condition8-11.csv,0,8,11,False,missing_expected_sample,,missing_expected_sample,200.0,,0,0,Fault0-condition8-opening11
,Fault0/Fault0-condition8/Fault0-condition8-12.csv,0,8,12,False,missing_expected_sample,,missing_expected_sample,200.0,,0,0,Fault0-condition8-opening12
,Fault0/Fault0-condition8/Fault0-condition8-13.csv,0,8,13,False,missing_expected_sample,,missing_expected_sample,200.0,,0,0,Fault0-condition8-opening13
,Fault0/Fault0-condition8/Fault0-condition8-14.csv,0,8,14,False,missing_expected_sample,,missing_expected_sample,200.0,,0,0,Fault0-condition8-opening14
,Fault0/Fault0-condition8/Fault0-condition8-15.csv,0,8,15,False,missing_expected_sample,,missing_expected_sample,200.0,,0,0,Fault0-condition8-opening15
,Fault0/Fault0-condition8/Fault0-condition8-16.csv,0,8,16,False,missing_expected_sample,,missing_expected_sample,200.0,,0,0,Fault0-condition8-opening16
,Fault0/Fault0-condition8/Fault0-condition8-17.csv,0,8,17,False,missing_expected_sample,,missing_expected_sample,200.0,,0,0,Fault0-condition8-opening17
,Fault0/Fault0-condition8/Fault0-condition8-18.csv,0,8,18,False,missing_expected_sample,,missing_expected_sample,200.0,,0,0,Fault0-condition8-opening18
,Fault0/Fault0-condition8/Fault0-condition8-19.csv,0,8,19,False,missing_expected_sample,,missing_expected_sample,200.0,,0,0,Fault0-condition8-opening19
,Fault0/Fault0-condition8/Fault0-condition8-20.csv,0,8,20,False,missing_expected_sample,,missing_expected_sample,200.0,,0,0,Fault0-condition8-opening20
,Fault0/Fault0-condition9/Fault0-condition9-1.csv,0,9,1,False,missing_expected_sample,,missing_expected_sample,200.0,,0,0,Fault0-condition9-opening1
,Fault0/Fault0-condition9/Fault0-condition9-2.csv,0,9,2,False,missing_expected_sample,,missing_expected_sample,200.0,,0,0,Fault0-condition9-opening2
,Fault0/Fault0-condition9/Fault0-condition9-3.csv,0,9,3,False,missing_expected_sample,,missing_expected_sample,200.0,,0,0,Fault0-condition9-opening3
,Fault0/Fault0-condition9/Fault0-condition9-4.csv,0,9,4,False,missing_expected_sample,,missing_expected_sample,200.0,,0,0,Fault0-condition9-opening4
,Fault0/Fault0-condition9/Fault0-condition9-5.csv,0,9,5,False,missing_expected_sample,,missing_expected_sample,200.0,,0,0,Fault0-condition9-opening5
,Fault0/Fault0-condition9/Fault0-condition9-6.csv,0,9,6,False,missing_expected_sample,,missing_expected_sample,200.0,,0,0,Fault0-condition9-opening6
,Fault0/Fault0-condition9/Fault0-condition9-7.csv,0,9,7,False,missing_expected_sample,,missing_expected_sample,200.0,,0,0,Fault0-condition9-opening7
,Fault0/Fault0-condition9/Fault0-condition9-8.csv,0,9,8,False,missing_expected_sample,,missing_expected_sample,200.0,,0,0,Fault0-condition9-opening8
,Fault0/Fault0-condition9/Fault0-condition9-9.csv,0,9,9,False,missing_expected_sample,,missing_expected_sample,200.0,,0,0,Fault0-condition9-opening9
,Fault0/Fault0-condition9/Fault0-condition9-10.csv,0,9,10,False,missing_expected_sample,,missing_expected_sample,200.0,,0,0,Fault0-condition9-opening10
,Fault0/Fault0-condition9/Fault0-condition9-11.csv,0,9,11,False,missing_expected_sample,,missing_expected_sample,200.0,,0,0,Fault0-condition9-opening11
,Fault0/Fault0-condition9/Fault0-condition9-12.csv,0,9,12,False,missing_expected_sample,,missing_expected_sample,200.0,,0,0,Fault0-condition9-opening12
,Fault0/Fault0-condition9/Fault0-condition9-13.csv,0,9,13,False,missing_expected_sample,,missing_expected_sample,200.0,,0,0,Fault0-condition9-opening13
,Fault0/Fault0-condition9/Fault0-condition9-14.csv,0,9,14,False,missing_expected_sample,,missing_expected_sample,200.0,,0,0,Fault0-condition9-opening14
,Fault0/Fault0-condition9/Fault0-condition9-15.csv,0,9,15,False,missing_expected_sample,,missing_expected_sample,200.0,,0,0,Fault0-condition9-opening15
,Fault0/Fault0-condition9/Fault0-condition9-16.csv,0,9,16,False,missing_expected_sample,,missing_expected_sample,200.0,,0,0,Fault0-condition9-opening16
,Fault0/Fault0-condition9/Fault0-condition9-17.csv,0,9,17,False,missing_expected_sample,,missing_expected_sample,200.0,,0,0,Fault0-condition9-opening17
,Fault0/Fault0-condition9/Fault0-condition9-18.csv,0,9,18,False,missing_expected_sample,,missing_expected_sample,200.0,,0,0,Fault0-condition9-opening18
,Fault0/Fault0-condition9/Fault0-condition9-19.csv,0,9,19,False,missing_expected_sample,,missing_expected_sample,200.0,,0,0,Fault0-condition9-opening19
,Fault0/Fault0-condition9/Fault0-condition9-20.csv,0,9,20,False,missing_expected_sample,,missing_expected_sample,200.0,,0,0,Fault0-condition9-opening20
,Fault0/Fault0-condition10/Fault0-condition10-1.csv,0,10,1,False,missing_expected_sample,,missing_expected_sample,200.0,,0,0,Fault0-condition10-opening1
,Fault0/Fault0-condition10/Fault0-condition10-2.csv,0,10,2,False,missing_expected_sample,,missing_expected_sample,200.0,,0,0,Fault0-condition10-opening2
,Fault0/Fault0-condition10/Fault0-condition10-3.csv,0,10,3,False,missing_expected_sample,,missing_expected_sample,200.0,,0,0,Fault0-condition10-opening3
,Fault0/Fault0-condition10/Fault0-condition10-4.csv,0,10,4,False,missing_expected_sample,,missing_expected_sample,200.0,,0,0,Fault0-condition10-opening4
,Fault0/Fault0-condition10/Fault0-condition10-5.csv,0,10,5,False,missing_expected_sample,,missing_expected_sample,200.0,,0,0,Fault0-condition10-opening5
,Fault0/Fault0-condition10/Fault0-condition10-6.csv,0,10,6,False,missing_expected_sample,,missing_expected_sample,200.0,,0,0,Fault0-condition10-opening6
,Fault0/Fault0-condition10/Fault0-condition10-7.csv,0,10,7,False,missing_expected_sample,,missing_expected_sample,200.0,,0,0,Fault0-condition10-opening7
,Fault0/Fault0-condition10/Fault0-condition10-8.csv,0,10,8,False,missing_expected_sample,,missing_expected_sample,200.0,,0,0,Fault0-condition10-opening8
,Fault0/Fault0-condition10/Fault0-condition10-9.csv,0,10,9,False,missing_expected_sample,,missing_expected_sample,200.0,,0,0,Fault0-condition10-opening9
,Fault0/Fault0-condition10/Fault0-condition10-10.csv,0,10,10,False,missing_expected_sample,,missing_expected_sample,200.0,,0,0,Fault0-condition10-opening10
,Fault0/Fault0-condition10/Fault0-condition10-11.csv,0,10,11,False,missing_expected_sample,,missing_expected_sample,200.0,,0,0,Fault0-condition10-opening11
,Fault0/Fault0-condition10/Fault0-condition10-12.csv,0,10,12,False,missing_expected_sample,,missing_expected_sample,200.0,,0,0,Fault0-condition10-opening12
,Fault0/Fault0-condition10/Fault0-condition10-13.csv,0,10,13,False,missing_expected_sample,,missing_expected_sample,200.0,,0,0,Fault0-condition10-opening13
,Fault0/Fault0-condition10/Fault0-condition10-14.csv,0,10,14,False,missing_expected_sample,,missing_expected_sample,200.0,,0,0,Fault0-condition10-opening14
,Fault0/Fault0-condition10/Fault0-condition10-15.csv,0,10,15,False,missing_expected_sample,,missing_expected_sample,200.0,,0,0,Fault0-condition10-opening15
,Fault0/Fault0-condition10/Fault0-condition10-16.csv,0,10,16,False,missing_expected_sample,,missing_expected_sample,200.0,,0,0,Fault0-condition10-opening16
,Fault0/Fault0-condition10/Fault0-condition10-17.csv,0,10,17,False,missing_expected_sample,,missing_expected_sample,200.0,,0,0,Fault0-condition10-opening17
,Fault0/Fault0-condition10/Fault0-condition10-18.csv,0,10,18,False,missing_expected_sample,,missing_expected_sample,200.0,,0,0,Fault0-condition10-opening18
,Fault0/Fault0-condition10/Fault0-condition10-19.csv,0,10,19,False,missing_expected_sample,,missing_expected_sample,200.0,,0,0,Fault0-condition10-opening19
,Fault0/Fault0-condition10/Fault0-condition10-20.csv,0,10,20,False,missing_expected_sample,,missing_expected_sample,200.0,,0,0,Fault0-condition10-opening20
,Fault1/Fault1-condition1/Fault1-condition1-3.csv,1,1,3,False,missing_expected_sample,,missing_expected_sample,200.0,,0,0,Fault1-condition1-opening3
,Fault1/Fault1-condition1/Fault1-condition1-4.csv,1,1,4,False,missing_expected_sample,,missing_expected_sample,200.0,,0,0,Fault1-condition1-opening4
,Fault1/Fault1-condition1/Fault1-condition1-5.csv,1,1,5,False,missing_expected_sample,,missing_expected_sample,200.0,,0,0,Fault1-condition1-opening5
,Fault1/Fault1-condition1/Fault1-condition1-6.csv,1,1,6,False,missing_expected_sample,,missing_expected_sample,200.0,,0,0,Fault1-condition1-opening6
,Fault1/Fault1-condition1/Fault1-condition1-7.csv,1,1,7,False,missing_expected_sample,,missing_expected_sample,200.0,,0,0,Fault1-condition1-opening7
,Fault1/Fault1-condition1/Fault1-condition1-8.csv,1,1,8,False,missing_expected_sample,,missing_expected_sample,200.0,,0,0,Fault1-condition1-opening8
,Fault1/Fault1-condition1/Fault1-condition1-9.csv,1,1,9,False,missing_expected_sample,,missing_expected_sample,200.0,,0,0,Fault1-condition1-opening9
,Fault1/Fault1-condition1/Fault1-condition1-10.csv,1,1,10,False,missing_expected_sample,,missing_expected_sample,200.0,,0,0,Fault1-condition1-opening10
,Fault1/Fault1-condition1/Fault1-condition1-11.csv,1,1,11,False,missing_expected_sample,,missing_expected_sample,200.0,,0,0,Fault1-condition1-opening11
,Fault1/Fault1-condition1/Fault1-condition1-12.csv,1,1,12,False,missing_expected_sample,,missing_expected_sample,200.0,,0,0,Fault1-condition1-opening12
,Fault1/Fault1-condition1/Fault1-condition1-13.csv,1,1,13,False,missing_expected_sample,,missing_expected_sample,200.0,,0,0,Fault1-condition1-opening13
,Fault1/Fault1-condition1/Fault1-condition1-14.csv,1,1,14,False,missing_expected_sample,,missing_expected_sample,200.0,,0,0,Fault1-condition1-opening14
,Fault1/Fault1-condition1/Fault1-condition1-15.csv,1,1,15,False,missing_expected_sample,,missing_expected_sample,200.0,,0,0,Fault1-condition1-opening15
,Fault1/Fault1-condition1/Fault1-condition1-16.csv,1,1,16,False,missing_expected_sample,,missing_expected_sample,200.0,,0,0,Fault1-condition1-opening16
,Fault1/Fault1-condition1/Fault1-condition1-17.csv,1,1,17,False,missing_expected_sample,,missing_expected_sample,200.0,,0,0,Fault1-condition1-opening17
,Fault1/Fault1-condition1/Fault1-condition1-18.csv,1,1,18,False,missing_expected_sample,,missing_expected_sample,200.0,,0,0,Fault1-condition1-opening18
,Fault1/Fault1-condition1/Fault1-condition1-19.csv,1,1,19,False,missing_expected_sample,,missing_expected_sample,200.0,,0,0,Fault1-condition1-opening19
,Fault1/Fault1-condition1/Fault1-condition1-20.csv,1,1,20,False,missing_expected_sample,,missing_expected_sample,200.0,,0,0,Fault1-condition1-opening20
,Fault1/Fault1-condition2/Fault1-condition2-3.csv,1,2,3,False,missing_expected_sample,,missing_expected_sample,200.0,,0,0,Fault1-condition2-opening3
,Fault1/Fault1-condition2/Fault1-condition2-4.csv,1,2,4,False,missing_expected_sample,,missing_expected_sample,200.0,,0,0,Fault1-condition2-opening4
,Fault1/Fault1-condition2/Fault1-condition2-5.csv,1,2,5,False,missing_expected_sample,,missing_expected_sample,200.0,,0,0,Fault1-condition2-opening5
,Fault1/Fault1-condition2/Fault1-condition2-6.csv,1,2,6,False,missing_expected_sample,,missing_expected_sample,200.0,,0,0,Fault1-condition2-opening6
,Fault1/Fault1-condition2/Fault1-condition2-7.csv,1,2,7,False,missing_expected_sample,,missing_expected_sample,200.0,,0,0,Fault1-condition2-opening7
,Fault1/Fault1-condition2/Fault1-condition2-8.csv,1,2,8,False,missing_expected_sample,,missing_expected_sample,200.0,,0,0,Fault1-condition2-opening8
,Fault1/Fault1-condition2/Fault1-condition2-9.csv,1,2,9,False,missing_expected_sample,,missing_expected_sample,200.0,,0,0,Fault1-condition2-opening9
,Fault1/Fault1-condition2/Fault1-condition2-10.csv,1,2,10,False,missing_expected_sample,,missing_expected_sample,200.0,,0,0,Fault1-condition2-opening10
,Fault1/Fault1-condition2/Fault1-condition2-11.csv,1,2,11,False,missing_expected_sample,,missing_expected_sample,200.0,,0,0,Fault1-condition2-opening11
,Fault1/Fault1-condition2/Fault1-condition2-12.csv,1,2,12,False,missing_expected_sample,,missing_expected_sample,200.0,,0,0,Fault1-condition2-opening12
,Fault1/Fault1-condition2/Fault1-condition2-13.csv,1,2,13,False,missing_expected_sample,,missing_expected_sample,200.0,,0,0,Fault1-condition2-opening13
,Fault1/Fault1-condition2/Fault1-condition2-14.csv,1,2,14,False,missing_expected_sample,,missing_expected_sample,200.0,,0,0,Fault1-condition2-opening14
,Fault1/Fault1-condition2/Fault1-condition2-15.csv,1,2,15,False,missing_expected_sample,,missing_expected_sample,200.0,,0,0,Fault1-condition2-opening15
,Fault1/Fault1-condition2/Fault1-condition2-16.csv,1,2,16,False,missing_expected_sample,,missing_expected_sample,200.0,,0,0,Fault1-condition2-opening16
,Fault1/Fault1-condition2/Fault1-condition2-17.csv,1,2,17,False,missing_expected_sample,,missing_expected_sample,200.0,,0,0,Fault1-condition2-opening17
,Fault1/Fault1-condition2/Fault1-condition2-18.csv,1,2,18,False,missing_expected_sample,,missing_expected_sample,200.0,,0,0,Fault1-condition2-opening18
,Fault1/Fault1-condition2/Fault1-condition2-19.csv,1,2,19,False,missing_expected_sample,,missing_expected_sample,200.0,,0,0,Fault1-condition2-opening19
,Fault1/Fault1-condition2/Fault1-condition2-20.csv,1,2,20,False,missing_expected_sample,,missing_expected_sample,200.0,,0,0,Fault1-condition2-opening20
,Fault1/Fault1-condition3/Fault1-condition3-1.csv,1,3,1,False,missing_expected_sample,,missing_expected_sample,200.0,,0,0,Fault1-condition3-opening1
,Fault1/Fault1-condition3/Fault1-condition3-2.csv,1,3,2,False,missing_expected_sample,,missing_expected_sample,200.0,,0,0,Fault1-condition3-opening2
,Fault1/Fault1-condition3/Fault1-condition3-3.csv,1,3,3,False,missing_expected_sample,,missing_expected_sample,200.0,,0,0,Fault1-condition3-opening3
,Fault1/Fault1-condition3/Fault1-condition3-4.csv,1,3,4,False,missing_expected_sample,,missing_expected_sample,200.0,,0,0,Fault1-condition3-opening4
,Fault1/Fault1-condition3/Fault1-condition3-5.csv,1,3,5,False,missing_expected_sample,,missing_expected_sample,200.0,,0,0,Fault1-condition3-opening5
,Fault1/Fault1-condition3/Fault1-condition3-6.csv,1,3,6,False,missing_expected_sample,,missing_expected_sample,200.0,,0,0,Fault1-condition3-opening6
,Fault1/Fault1-condition3/Fault1-condition3-7.csv,1,3,7,False,missing_expected_sample,,missing_expected_sample,200.0,,0,0,Fault1-condition3-opening7
,Fault1/Fault1-condition3/Fault1-condition3-8.csv,1,3,8,False,missing_expected_sample,,missing_expected_sample,200.0,,0,0,Fault1-condition3-opening8
,Fault1/Fault1-condition3/Fault1-condition3-9.csv,1,3,9,False,missing_expected_sample,,missing_expected_sample,200.0,,0,0,Fault1-condition3-opening9
,Fault1/Fault1-condition3/Fault1-condition3-10.csv,1,3,10,False,missing_expected_sample,,missing_expected_sample,200.0,,0,0,Fault1-condition3-opening10
,Fault1/Fault1-condition3/Fault1-condition3-11.csv,1,3,11,False,missing_expected_sample,,missing_expected_sample,200.0,,0,0,Fault1-condition3-opening11
,Fault1/Fault1-condition3/Fault1-condition3-12.csv,1,3,12,False,missing_expected_sample,,missing_expected_sample,200.0,,0,0,Fault1-condition3-opening12
,Fault1/Fault1-condition3/Fault1-condition3-13.csv,1,3,13,False,missing_expected_sample,,missing_expected_sample,200.0,,0,0,Fault1-condition3-opening13
,Fault1/Fault1-condition3/Fault1-condition3-14.csv,1,3,14,False,missing_expected_sample,,missing_expected_sample,200.0,,0,0,Fault1-condition3-opening14
,Fault1/Fault1-condition3/Fault1-condition3-15.csv,1,3,15,False,missing_expected_sample,,missing_expected_sample,200.0,,0,0,Fault1-condition3-opening15
,Fault1/Fault1-condition3/Fault1-condition3-16.csv,1,3,16,False,missing_expected_sample,,missing_expected_sample,200.0,,0,0,Fault1-condition3-opening16
,Fault1/Fault1-condition3/Fault1-condition3-17.csv,1,3,17,False,missing_expected_sample,,missing_expected_sample,200.0,,0,0,Fault1-condition3-opening17
,Fault1/Fault1-condition3/Fault1-condition3-18.csv,1,3,18,False,missing_expected_sample,,missing_expected_sample,200.0,,0,0,Fault1-condition3-opening18
,Fault1/Fault1-condition3/Fault1-condition3-19.csv,1,3,19,False,missing_expected_sample,,missing_expected_sample,200.0,,0,0,Fault1-condition3-opening19
,Fault1/Fault1-condition3/Fault1-condition3-20.csv,1,3,20,False,missing_expected_sample,,missing_expected_sample,200.0,,0,0,Fault1-condition3-opening20
,Fault1/Fault1-condition4/Fault1-condition4-1.csv,1,4,1,False,missing_expected_sample,,missing_expected_sample,200.0,,0,0,Fault1-condition4-opening1
,Fault1/Fault1-condition4/Fault1-condition4-2.csv,1,4,2,False,missing_expected_sample,,missing_expected_sample,200.0,,0,0,Fault1-condition4-opening2
,Fault1/Fault1-condition4/Fault1-condition4-3.csv,1,4,3,False,missing_expected_sample,,missing_expected_sample,200.0,,0,0,Fault1-condition4-opening3
,Fault1/Fault1-condition4/Fault1-condition4-4.csv,1,4,4,False,missing_expected_sample,,missing_expected_sample,200.0,,0,0,Fault1-condition4-opening4
,Fault1/Fault1-condition4/Fault1-condition4-5.csv,1,4,5,False,missing_expected_sample,,missing_expected_sample,200.0,,0,0,Fault1-condition4-opening5
,Fault1/Fault1-condition4/Fault1-condition4-6.csv,1,4,6,False,missing_expected_sample,,missing_expected_sample,200.0,,0,0,Fault1-condition4-opening6
,Fault1/Fault1-condition4/Fault1-condition4-7.csv,1,4,7,False,missing_expected_sample,,missing_expected_sample,200.0,,0,0,Fault1-condition4-opening7
,Fault1/Fault1-condition4/Fault1-condition4-8.csv,1,4,8,False,missing_expected_sample,,missing_expected_sample,200.0,,0,0,Fault1-condition4-opening8
,Fault1/Fault1-condition4/Fault1-condition4-9.csv,1,4,9,False,missing_expected_sample,,missing_expected_sample,200.0,,0,0,Fault1-condition4-opening9
,Fault1/Fault1-condition4/Fault1-condition4-10.csv,1,4,10,False,missing_expected_sample,,missing_expected_sample,200.0,,0,0,Fault1-condition4-opening10
,Fault1/Fault1-condition4/Fault1-condition4-11.csv,1,4,11,False,missing_expected_sample,,missing_expected_sample,200.0,,0,0,Fault1-condition4-opening11
,Fault1/Fault1-condition4/Fault1-condition4-12.csv,1,4,12,False,missing_expected_sample,,missing_expected_sample,200.0,,0,0,Fault1-condition4-opening12
,Fault1/Fault1-condition4/Fault1-condition4-13.csv,1,4,13,False,missing_expected_sample,,missing_expected_sample,200.0,,0,0,Fault1-condition4-opening13
,Fault1/Fault1-condition4/Fault1-condition4-14.csv,1,4,14,False,missing_expected_sample,,missing_expected_sample,200.0,,0,0,Fault1-condition4-opening14
,Fault1/Fault1-condition4/Fault1-condition4-15.csv,1,4,15,False,missing_expected_sample,,missing_expected_sample,200.0,,0,0,Fault1-condition4-opening15
,Fault1/Fault1-condition4/Fault1-condition4-16.csv,1,4,16,False,missing_expected_sample,,missing_expected_sample,200.0,,0,0,Fault1-condition4-opening16
,Fault1/Fault1-condition4/Fault1-condition4-17.csv,1,4,17,False,missing_expected_sample,,missing_expected_sample,200.0,,0,0,Fault1-condition4-opening17
,Fault1/Fault1-condition4/Fault1-condition4-18.csv,1,4,18,False,missing_expected_sample,,missing_expected_sample,200.0,,0,0,Fault1-condition4-opening18
,Fault1/Fault1-condition4/Fault1-condition4-19.csv,1,4,19,False,missing_expected_sample,,missing_expected_sample,200.0,,0,0,Fault1-condition4-opening19
,Fault1/Fault1-condition4/Fault1-condition4-20.csv,1,4,20,False,missing_expected_sample,,missing_expected_sample,200.0,,0,0,Fault1-condition4-opening20
,Fault1/Fault1-condition5/Fault1-condition5-1.csv,1,5,1,False,missing_expected_sample,,missing_expected_sample,200.0,,0,0,Fault1-condition5-opening1
,Fault1/Fault1-condition5/Fault1-condition5-2.csv,1,5,2,False,missing_expected_sample,,missing_expected_sample,200.0,,0,0,Fault1-condition5-opening2
,Fault1/Fault1-condition5/Fault1-condition5-3.csv,1,5,3,False,missing_expected_sample,,missing_expected_sample,200.0,,0,0,Fault1-condition5-opening3
,Fault1/Fault1-condition5/Fault1-condition5-4.csv,1,5,4,False,missing_expected_sample,,missing_expected_sample,200.0,,0,0,Fault1-condition5-opening4
,Fault1/Fault1-condition5/Fault1-condition5-5.csv,1,5,5,False,missing_expected_sample,,missing_expected_sample,200.0,,0,0,Fault1-condition5-opening5
,Fault1/Fault1-condition5/Fault1-condition5-6.csv,1,5,6,False,missing_expected_sample,,missing_expected_sample,200.0,,0,0,Fault1-condition5-opening6
,Fault1/Fault1-condition5/Fault1-condition5-7.csv,1,5,7,False,missing_expected_sample,,missing_expected_sample,200.0,,0,0,Fault1-condition5-opening7
,Fault1/Fault1-condition5/Fault1-condition5-8.csv,1,5,8,False,missing_expected_sample,,missing_expected_sample,200.0,,0,0,Fault1-condition5-opening8
,Fault1/Fault1-condition5/Fault1-condition5-9.csv,1,5,9,False,missing_expected_sample,,missing_expected_sample,200.0,,0,0,Fault1-condition5-opening9
,Fault1/Fault1-condition5/Fault1-condition5-10.csv,1,5,10,False,missing_expected_sample,,missing_expected_sample,200.0,,0,0,Fault1-condition5-opening10
,Fault1/Fault1-condition5/Fault1-condition5-11.csv,1,5,11,False,missing_expected_sample,,missing_expected_sample,200.0,,0,0,Fault1-condition5-opening11
,Fault1/Fault1-condition5/Fault1-condition5-12.csv,1,5,12,False,missing_expected_sample,,missing_expected_sample,200.0,,0,0,Fault1-condition5-opening12
,Fault1/Fault1-condition5/Fault1-condition5-13.csv,1,5,13,False,missing_expected_sample,,missing_expected_sample,200.0,,0,0,Fault1-condition5-opening13
,Fault1/Fault1-condition5/Fault1-condition5-14.csv,1,5,14,False,missing_expected_sample,,missing_expected_sample,200.0,,0,0,Fault1-condition5-opening14
,Fault1/Fault1-condition5/Fault1-condition5-15.csv,1,5,15,False,missing_expected_sample,,missing_expected_sample,200.0,,0,0,Fault1-condition5-opening15
,Fault1/Fault1-condition5/Fault1-condition5-16.csv,1,5,16,False,missing_expected_sample,,missing_expected_sample,200.0,,0,0,Fault1-condition5-opening16
,Fault1/Fault1-condition5/Fault1-condition5-17.csv,1,5,17,False,missing_expected_sample,,missing_expected_sample,200.0,,0,0,Fault1-condition5-opening17
,Fault1/Fault1-condition5/Fault1-condition5-18.csv,1,5,18,False,missing_expected_sample,,missing_expected_sample,200.0,,0,0,Fault1-condition5-opening18
,Fault1/Fault1-condition5/Fault1-condition5-19.csv,1,5,19,False,missing_expected_sample,,missing_expected_sample,200.0,,0,0,Fault1-condition5-opening19
,Fault1/Fault1-condition5/Fault1-condition5-20.csv,1,5,20,False,missing_expected_sample,,missing_expected_sample,200.0,,0,0,Fault1-condition5-opening20
,Fault1/Fault1-condition6/Fault1-condition6-1.csv,1,6,1,False,missing_expected_sample,,missing_expected_sample,200.0,,0,0,Fault1-condition6-opening1
,Fault1/Fault1-condition6/Fault1-condition6-2.csv,1,6,2,False,missing_expected_sample,,missing_expected_sample,200.0,,0,0,Fault1-condition6-opening2
,Fault1/Fault1-condition6/Fault1-condition6-3.csv,1,6,3,False,missing_expected_sample,,missing_expected_sample,200.0,,0,0,Fault1-condition6-opening3
,Fault1/Fault1-condition6/Fault1-condition6-4.csv,1,6,4,False,missing_expected_sample,,missing_expected_sample,200.0,,0,0,Fault1-condition6-opening4
,Fault1/Fault1-condition6/Fault1-condition6-5.csv,1,6,5,False,missing_expected_sample,,missing_expected_sample,200.0,,0,0,Fault1-condition6-opening5
,Fault1/Fault1-condition6/Fault1-condition6-6.csv,1,6,6,False,missing_expected_sample,,missing_expected_sample,200.0,,0,0,Fault1-condition6-opening6
,Fault1/Fault1-condition6/Fault1-condition6-7.csv,1,6,7,False,missing_expected_sample,,missing_expected_sample,200.0,,0,0,Fault1-condition6-opening7
,Fault1/Fault1-condition6/Fault1-condition6-8.csv,1,6,8,False,missing_expected_sample,,missing_expected_sample,200.0,,0,0,Fault1-condition6-opening8
,Fault1/Fault1-condition6/Fault1-condition6-9.csv,1,6,9,False,missing_expected_sample,,missing_expected_sample,200.0,,0,0,Fault1-condition6-opening9
,Fault1/Fault1-condition6/Fault1-condition6-10.csv,1,6,10,False,missing_expected_sample,,missing_expected_sample,200.0,,0,0,Fault1-condition6-opening10
,Fault1/Fault1-condition6/Fault1-condition6-11.csv,1,6,11,False,missing_expected_sample,,missing_expected_sample,200.0,,0,0,Fault1-condition6-opening11
,Fault1/Fault1-condition6/Fault1-condition6-12.csv,1,6,12,False,missing_expected_sample,,missing_expected_sample,200.0,,0,0,Fault1-condition6-opening12
,Fault1/Fault1-condition6/Fault1-condition6-13.csv,1,6,13,False,missing_expected_sample,,missing_expected_sample,200.0,,0,0,Fault1-condition6-opening13
,Fault1/Fault1-condition6/Fault1-condition6-14.csv,1,6,14,False,missing_expected_sample,,missing_expected_sample,200.0,,0,0,Fault1-condition6-opening14
,Fault1/Fault1-condition6/Fault1-condition6-15.csv,1,6,15,False,missing_expected_sample,,missing_expected_sample,200.0,,0,0,Fault1-condition6-opening15
,Fault1/Fault1-condition6/Fault1-condition6-16.csv,1,6,16,False,missing_expected_sample,,missing_expected_sample,200.0,,0,0,Fault1-condition6-opening16
,Fault1/Fault1-condition6/Fault1-condition6-17.csv,1,6,17,False,missing_expected_sample,,missing_expected_sample,200.0,,0,0,Fault1-condition6-opening17
,Fault1/Fault1-condition6/Fault1-condition6-18.csv,1,6,18,False,missing_expected_sample,,missing_expected_sample,200.0,,0,0,Fault1-condition6-opening18
,Fault1/Fault1-condition6/Fault1-condition6-19.csv,1,6,19,False,missing_expected_sample,,missing_expected_sample,200.0,,0,0,Fault1-condition6-opening19
,Fault1/Fault1-condition6/Fault1-condition6-20.csv,1,6,20,False,missing_expected_sample,,missing_expected_sample,200.0,,0,0,Fault1-condition6-opening20
,Fault1/Fault1-condition7/Fault1-condition7-1.csv,1,7,1,False,missing_expected_sample,,missing_expected_sample,200.0,,0,0,Fault1-condition7-opening1
,Fault1/Fault1-condition7/Fault1-condition7-2.csv,1,7,2,False,missing_expected_sample,,missing_expected_sample,200.0,,0,0,Fault1-condition7-opening2
,Fault1/Fault1-condition7/Fault1-condition7-3.csv,1,7,3,False,missing_expected_sample,,missing_expected_sample,200.0,,0,0,Fault1-condition7-opening3
,Fault1/Fault1-condition7/Fault1-condition7-4.csv,1,7,4,False,missing_expected_sample,,missing_expected_sample,200.0,,0,0,Fault1-condition7-opening4
,Fault1/Fault1-condition7/Fault1-condition7-5.csv,1,7,5,False,missing_expected_sample,,missing_expected_sample,200.0,,0,0,Fault1-condition7-opening5
,Fault1/Fault1-condition7/Fault1-condition7-6.csv,1,7,6,False,missing_expected_sample,,missing_expected_sample,200.0,,0,0,Fault1-condition7-opening6
,Fault1/Fault1-condition7/Fault1-condition7-7.csv,1,7,7,False,missing_expected_sample,,missing_expected_sample,200.0,,0,0,Fault1-condition7-opening7
,Fault1/Fault1-condition7/Fault1-condition7-8.csv,1,7,8,False,missing_expected_sample,,missing_expected_sample,200.0,,0,0,Fault1-condition7-opening8
,Fault1/Fault1-condition7/Fault1-condition7-9.csv,1,7,9,False,missing_expected_sample,,missing_expected_sample,200.0,,0,0,Fault1-condition7-opening9
,Fault1/Fault1-condition7/Fault1-condition7-10.csv,1,7,10,False,missing_expected_sample,,missing_expected_sample,200.0,,0,0,Fault1-condition7-opening10
,Fault1/Fault1-condition7/Fault1-condition7-11.csv,1,7,11,False,missing_expected_sample,,missing_expected_sample,200.0,,0,0,Fault1-condition7-opening11
,Fault1/Fault1-condition7/Fault1-condition7-12.csv,1,7,12,False,missing_expected_sample,,missing_expected_sample,200.0,,0,0,Fault1-condition7-opening12
,Fault1/Fault1-condition7/Fault1-condition7-13.csv,1,7,13,False,missing_expected_sample,,missing_expected_sample,200.0,,0,0,Fault1-condition7-opening13
,Fault1/Fault1-condition7/Fault1-condition7-14.csv,1,7,14,False,missing_expected_sample,,missing_expected_sample,200.0,,0,0,Fault1-condition7-opening14
,Fault1/Fault1-condition7/Fault1-condition7-15.csv,1,7,15,False,missing_expected_sample,,missing_expected_sample,200.0,,0,0,Fault1-condition7-opening15
,Fault1/Fault1-condition7/Fault1-condition7-16.csv,1,7,16,False,missing_expected_sample,,missing_expected_sample,200.0,,0,0,Fault1-condition7-opening16
,Fault1/Fault1-condition7/Fault1-condition7-17.csv,1,7,17,False,missing_expected_sample,,missing_expected_sample,200.0,,0,0,Fault1-condition7-opening17
,Fault1/Fault1-condition7/Fault1-condition7-18.csv,1,7,18,False,missing_expected_sample,,missing_expected_sample,200.0,,0,0,Fault1-condition7-opening18
,Fault1/Fault1-condition7/Fault1-condition7-19.csv,1,7,19,False,missing_expected_sample,,missing_expected_sample,200.0,,0,0,Fault1-condition7-opening19
,Fault1/Fault1-condition7/Fault1-condition7-20.csv,1,7,20,False,missing_expected_sample,,missing_expected_sample,200.0,,0,0,Fault1-condition7-opening20
,Fault1/Fault1-condition8/Fault1-condition8-1.csv,1,8,1,False,missing_expected_sample,,missing_expected_sample,200.0,,0,0,Fault1-condition8-opening1
,Fault1/Fault1-condition8/Fault1-condition8-2.csv,1,8,2,False,missing_expected_sample,,missing_expected_sample,200.0,,0,0,Fault1-condition8-opening2
,Fault1/Fault1-condition8/Fault1-condition8-3.csv,1,8,3,False,missing_expected_sample,,missing_expected_sample,200.0,,0,0,Fault1-condition8-opening3
,Fault1/Fault1-condition8/Fault1-condition8-4.csv,1,8,4,False,missing_expected_sample,,missing_expected_sample,200.0,,0,0,Fault1-condition8-opening4
,Fault1/Fault1-condition8/Fault1-condition8-5.csv,1,8,5,False,missing_expected_sample,,missing_expected_sample,200.0,,0,0,Fault1-condition8-opening5
,Fault1/Fault1-condition8/Fault1-condition8-6.csv,1,8,6,False,missing_expected_sample,,missing_expected_sample,200.0,,0,0,Fault1-condition8-opening6
,Fault1/Fault1-condition8/Fault1-condition8-7.csv,1,8,7,False,missing_expected_sample,,missing_expected_sample,200.0,,0,0,Fault1-condition8-opening7
,Fault1/Fault1-condition8/Fault1-condition8-8.csv,1,8,8,False,missing_expected_sample,,missing_expected_sample,200.0,,0,0,Fault1-condition8-opening8
,Fault1/Fault1-condition8/Fault1-condition8-9.csv,1,8,9,False,missing_expected_sample,,missing_expected_sample,200.0,,0,0,Fault1-condition8-opening9
,Fault1/Fault1-condition8/Fault1-condition8-10.csv,1,8,10,False,missing_expected_sample,,missing_expected_sample,200.0,,0,0,Fault1-condition8-opening10
,Fault1/Fault1-condition8/Fault1-condition8-11.csv,1,8,11,False,missing_expected_sample,,missing_expected_sample,200.0,,0,0,Fault1-condition8-opening11
,Fault1/Fault1-condition8/Fault1-condition8-12.csv,1,8,12,False,missing_expected_sample,,missing_expected_sample,200.0,,0,0,Fault1-condition8-opening12
,Fault1/Fault1-condition8/Fault1-condition8-13.csv,1,8,13,False,missing_expected_sample,,missing_expected_sample,200.0,,0,0,Fault1-condition8-opening13
,Fault1/Fault1-condition8/Fault1-condition8-14.csv,1,8,14,False,missing_expected_sample,,missing_expected_sample,200.0,,0,0,Fault1-condition8-opening14
,Fault1/Fault1-condition8/Fault1-condition8-15.csv,1,8,15,False,missing_expected_sample,,missing_expected_sample,200.0,,0,0,Fault1-condition8-opening15
,Fault1/Fault1-condition8/Fault1-condition8-16.csv,1,8,16,False,missing_expected_sample,,missing_expected_sample,200.0,,0,0,Fault1-condition8-opening16
,Fault1/Fault1-condition8/Fault1-condition8-17.csv,1,8,17,False,missing_expected_sample,,missing_expected_sample,200.0,,0,0,Fault1-condition8-opening17
,Fault1/Fault1-condition8/Fault1-condition8-18.csv,1,8,18,False,missing_expected_sample,,missing_expected_sample,200.0,,0,0,Fault1-condition8-opening18
,Fault1/Fault1-condition8/Fault1-condition8-19.csv,1,8,19,False,missing_expected_sample,,missing_expected_sample,200.0,,0,0,Fault1-condition8-opening19
,Fault1/Fault1-condition8/Fault1-condition8-20.csv,1,8,20,False,missing_expected_sample,,missing_expected_sample,200.0,,0,0,Fault1-condition8-opening20
,Fault1/Fault1-condition9/Fault1-condition9-1.csv,1,9,1,False,missing_expected_sample,,missing_expected_sample,200.0,,0,0,Fault1-condition9-opening1
,Fault1/Fault1-condition9/Fault1-condition9-2.csv,1,9,2,False,missing_expected_sample,,missing_expected_sample,200.0,,0,0,Fault1-condition9-opening2
,Fault1/Fault1-condition9/Fault1-condition9-3.csv,1,9,3,False,missing_expected_sample,,missing_expected_sample,200.0,,0,0,Fault1-condition9-opening3
,Fault1/Fault1-condition9/Fault1-condition9-4.csv,1,9,4,False,missing_expected_sample,,missing_expected_sample,200.0,,0,0,Fault1-condition9-opening4
,Fault1/Fault1-condition9/Fault1-condition9-5.csv,1,9,5,False,missing_expected_sample,,missing_expected_sample,200.0,,0,0,Fault1-condition9-opening5
,Fault1/Fault1-condition9/Fault1-condition9-6.csv,1,9,6,False,missing_expected_sample,,missing_expected_sample,200.0,,0,0,Fault1-condition9-opening6
,Fault1/Fault1-condition9/Fault1-condition9-7.csv,1,9,7,False,missing_expected_sample,,missing_expected_sample,200.0,,0,0,Fault1-condition9-opening7
,Fault1/Fault1-condition9/Fault1-condition9-8.csv,1,9,8,False,missing_expected_sample,,missing_expected_sample,200.0,,0,0,Fault1-condition9-opening8
,Fault1/Fault1-condition9/Fault1-condition9-9.csv,1,9,9,False,missing_expected_sample,,missing_expected_sample,200.0,,0,0,Fault1-condition9-opening9
,Fault1/Fault1-condition9/Fault1-condition9-10.csv,1,9,10,False,missing_expected_sample,,missing_expected_sample,200.0,,0,0,Fault1-condition9-opening10
,Fault1/Fault1-condition9/Fault1-condition9-11.csv,1,9,11,False,missing_expected_sample,,missing_expected_sample,200.0,,0,0,Fault1-condition9-opening11
,Fault1/Fault1-condition9/Fault1-condition9-12.csv,1,9,12,False,missing_expected_sample,,missing_expected_sample,200.0,,0,0,Fault1-condition9-opening12
,Fault1/Fault1-condition9/Fault1-condition9-13.csv,1,9,13,False,missing_expected_sample,,missing_expected_sample,200.0,,0,0,Fault1-condition9-opening13
,Fault1/Fault1-condition9/Fault1-condition9-14.csv,1,9,14,False,missing_expected_sample,,missing_expected_sample,200.0,,0,0,Fault1-condition9-opening14
,Fault1/Fault1-condition9/Fault1-condition9-15.csv,1,9,15,False,missing_expected_sample,,missing_expected_sample,200.0,,0,0,Fault1-condition9-opening15
,Fault1/Fault1-condition9/Fault1-condition9-16.csv,1,9,16,False,missing_expected_sample,,missing_expected_sample,200.0,,0,0,Fault1-condition9-opening16
,Fault1/Fault1-condition9/Fault1-condition9-17.csv,1,9,17,False,missing_expected_sample,,missing_expected_sample,200.0,,0,0,Fault1-condition9-opening17
,Fault1/Fault1-condition9/Fault1-condition9-18.csv,1,9,18,False,missing_expected_sample,,missing_expected_sample,200.0,,0,0,Fault1-condition9-opening18
,Fault1/Fault1-condition9/Fault1-condition9-19.csv,1,9,19,False,missing_expected_sample,,missing_expected_sample,200.0,,0,0,Fault1-condition9-opening19
,Fault1/Fault1-condition9/Fault1-condition9-20.csv,1,9,20,False,missing_expected_sample,,missing_expected_sample,200.0,,0,0,Fault1-condition9-opening20
,Fault1/Fault1-condition10/Fault1-condition10-1.csv,1,10,1,False,missing_expected_sample,,missing_expected_sample,200.0,,0,0,Fault1-condition10-opening1
,Fault1/Fault1-condition10/Fault1-condition10-2.csv,1,10,2,False,missing_expected_sample,,missing_expected_sample,200.0,,0,0,Fault1-condition10-opening2
,Fault1/Fault1-condition10/Fault1-condition10-3.csv,1,10,3,False,missing_expected_sample,,missing_expected_sample,200.0,,0,0,Fault1-condition10-opening3
,Fault1/Fault1-condition10/Fault1-condition10-4.csv,1,10,4,False,missing_expected_sample,,missing_expected_sample,200.0,,0,0,Fault1-condition10-opening4
,Fault1/Fault1-condition10/Fault1-condition10-5.csv,1,10,5,False,missing_expected_sample,,missing_expected_sample,200.0,,0,0,Fault1-condition10-opening5
,Fault1/Fault1-condition10/Fault1-condition10-6.csv,1,10,6,False,missing_expected_sample,,missing_expected_sample,200.0,,0,0,Fault1-condition10-opening6
,Fault1/Fault1-condition10/Fault1-condition10-7.csv,1,10,7,False,missing_expected_sample,,missing_expected_sample,200.0,,0,0,Fault1-condition10-opening7
,Fault1/Fault1-condition10/Fault1-condition10-8.csv,1,10,8,False,missing_expected_sample,,missing_expected_sample,200.0,,0,0,Fault1-condition10-opening8
,Fault1/Fault1-condition10/Fault1-condition10-9.csv,1,10,9,False,missing_expected_sample,,missing_expected_sample,200.0,,0,0,Fault1-condition10-opening9
,Fault1/Fault1-condition10/Fault1-condition10-10.csv,1,10,10,False,missing_expected_sample,,missing_expected_sample,200.0,,0,0,Fault1-condition10-opening10
,Fault1/Fault1-condition10/Fault1-condition10-11.csv,1,10,11,False,missing_expected_sample,,missing_expected_sample,200.0,,0,0,Fault1-condition10-opening11
,Fault1/Fault1-condition10/Fault1-condition10-12.csv,1,10,12,False,missing_expected_sample,,missing_expected_sample,200.0,,0,0,Fault1-condition10-opening12
,Fault1/Fault1-condition10/Fault1-condition10-13.csv,1,10,13,False,missing_expected_sample,,missing_expected_sample,200.0,,0,0,Fault1-condition10-opening13
,Fault1/Fault1-condition10/Fault1-condition10-14.csv,1,10,14,False,missing_expected_sample,,missing_expected_sample,200.0,,0,0,Fault1-condition10-opening14
,Fault1/Fault1-condition10/Fault1-condition10-15.csv,1,10,15,False,missing_expected_sample,,missing_expected_sample,200.0,,0,0,Fault1-condition10-opening15
,Fault1/Fault1-condition10/Fault1-condition10-16.csv,1,10,16,False,missing_expected_sample,,missing_expected_sample,200.0,,0,0,Fault1-condition10-opening16
,Fault1/Fault1-condition10/Fault1-condition10-17.csv,1,10,17,False,missing_expected_sample,,missing_expected_sample,200.0,,0,0,Fault1-condition10-opening17
,Fault1/Fault1-condition10/Fault1-condition10-18.csv,1,10,18,False,missing_expected_sample,,missing_expected_sample,200.0,,0,0,Fault1-condition10-opening18
,Fault1/Fault1-condition10/Fault1-condition10-19.csv,1,10,19,False,missing_expected_sample,,missing_expected_sample,200.0,,0,0,Fault1-condition10-opening19
,Fault1/Fault1-condition10/Fault1-condition10-20.csv,1,10,20,False,missing_expected_sample,,missing_expected_sample,200.0,,0,0,Fault1-condition10-opening20
,Fault2/Fault2-condition1/Fault2-condition1-1.csv,2,1,1,False,missing_expected_sample,,missing_expected_sample,200.0,,0,0,Fault2-condition1-opening1
,Fault2/Fault2-condition1/Fault2-condition1-2.csv,2,1,2,False,missing_expected_sample,,missing_expected_sample,200.0,,0,0,Fault2-condition1-opening2
,Fault2/Fault2-condition1/Fault2-condition1-3.csv,2,1,3,False,missing_expected_sample,,missing_expected_sample,200.0,,0,0,Fault2-condition1-opening3
,Fault2/Fault2-condition1/Fault2-condition1-4.csv,2,1,4,False,missing_expected_sample,,missing_expected_sample,200.0,,0,0,Fault2-condition1-opening4
,Fault2/Fault2-condition1/Fault2-condition1-5.csv,2,1,5,False,missing_expected_sample,,missing_expected_sample,200.0,,0,0,Fault2-condition1-opening5
,Fault2/Fault2-condition1/Fault2-condition1-6.csv,2,1,6,False,missing_expected_sample,,missing_expected_sample,200.0,,0,0,Fault2-condition1-opening6
,Fault2/Fault2-condition1/Fault2-condition1-7.csv,2,1,7,False,missing_expected_sample,,missing_expected_sample,200.0,,0,0,Fault2-condition1-opening7
,Fault2/Fault2-condition1/Fault2-condition1-8.csv,2,1,8,False,missing_expected_sample,,missing_expected_sample,200.0,,0,0,Fault2-condition1-opening8
,Fault2/Fault2-condition1/Fault2-condition1-9.csv,2,1,9,False,missing_expected_sample,,missing_expected_sample,200.0,,0,0,Fault2-condition1-opening9
,Fault2/Fault2-condition1/Fault2-condition1-10.csv,2,1,10,False,missing_expected_sample,,missing_expected_sample,200.0,,0,0,Fault2-condition1-opening10
,Fault2/Fault2-condition1/Fault2-condition1-11.csv,2,1,11,False,missing_expected_sample,,missing_expected_sample,200.0,,0,0,Fault2-condition1-opening11
,Fault2/Fault2-condition1/Fault2-condition1-12.csv,2,1,12,False,missing_expected_sample,,missing_expected_sample,200.0,,0,0,Fault2-condition1-opening12
,Fault2/Fault2-condition1/Fault2-condition1-13.csv,2,1,13,False,missing_expected_sample,,missing_expected_sample,200.0,,0,0,Fault2-condition1-opening13
,Fault2/Fault2-condition1/Fault2-condition1-14.csv,2,1,14,False,missing_expected_sample,,missing_expected_sample,200.0,,0,0,Fault2-condition1-opening14
,Fault2/Fault2-condition1/Fault2-condition1-15.csv,2,1,15,False,missing_expected_sample,,missing_expected_sample,200.0,,0,0,Fault2-condition1-opening15
,Fault2/Fault2-condition1/Fault2-condition1-16.csv,2,1,16,False,missing_expected_sample,,missing_expected_sample,200.0,,0,0,Fault2-condition1-opening16
,Fault2/Fault2-condition1/Fault2-condition1-17.csv,2,1,17,False,missing_expected_sample,,missing_expected_sample,200.0,,0,0,Fault2-condition1-opening17
,Fault2/Fault2-condition1/Fault2-condition1-18.csv,2,1,18,False,missing_expected_sample,,missing_expected_sample,200.0,,0,0,Fault2-condition1-opening18
,Fault2/Fault2-condition1/Fault2-condition1-19.csv,2,1,19,False,missing_expected_sample,,missing_expected_sample,200.0,,0,0,Fault2-condition1-opening19
,Fault2/Fault2-condition1/Fault2-condition1-20.csv,2,1,20,False,missing_expected_sample,,missing_expected_sample,200.0,,0,0,Fault2-condition1-opening20
,Fault2/Fault2-condition2/Fault2-condition2-1.csv,2,2,1,False,missing_expected_sample,,missing_expected_sample,200.0,,0,0,Fault2-condition2-opening1
,Fault2/Fault2-condition2/Fault2-condition2-2.csv,2,2,2,False,missing_expected_sample,,missing_expected_sample,200.0,,0,0,Fault2-condition2-opening2
,Fault2/Fault2-condition2/Fault2-condition2-3.csv,2,2,3,False,missing_expected_sample,,missing_expected_sample,200.0,,0,0,Fault2-condition2-opening3
,Fault2/Fault2-condition2/Fault2-condition2-4.csv,2,2,4,False,missing_expected_sample,,missing_expected_sample,200.0,,0,0,Fault2-condition2-opening4
,Fault2/Fault2-condition2/Fault2-condition2-5.csv,2,2,5,False,missing_expected_sample,,missing_expected_sample,200.0,,0,0,Fault2-condition2-opening5
,Fault2/Fault2-condition2/Fault2-condition2-6.csv,2,2,6,False,missing_expected_sample,,missing_expected_sample,200.0,,0,0,Fault2-condition2-opening6
,Fault2/Fault2-condition2/Fault2-condition2-7.csv,2,2,7,False,missing_expected_sample,,missing_expected_sample,200.0,,0,0,Fault2-condition2-opening7
,Fault2/Fault2-condition2/Fault2-condition2-8.csv,2,2,8,False,missing_expected_sample,,missing_expected_sample,200.0,,0,0,Fault2-condition2-opening8
,Fault2/Fault2-condition2/Fault2-condition2-9.csv,2,2,9,False,missing_expected_sample,,missing_expected_sample,200.0,,0,0,Fault2-condition2-opening9
,Fault2/Fault2-condition2/Fault2-condition2-10.csv,2,2,10,False,missing_expected_sample,,missing_expected_sample,200.0,,0,0,Fault2-condition2-opening10
,Fault2/Fault2-condition2/Fault2-condition2-11.csv,2,2,11,False,missing_expected_sample,,missing_expected_sample,200.0,,0,0,Fault2-condition2-opening11
,Fault2/Fault2-condition2/Fault2-condition2-12.csv,2,2,12,False,missing_expected_sample,,missing_expected_sample,200.0,,0,0,Fault2-condition2-opening12
,Fault2/Fault2-condition2/Fault2-condition2-13.csv,2,2,13,False,missing_expected_sample,,missing_expected_sample,200.0,,0,0,Fault2-condition2-opening13
,Fault2/Fault2-condition2/Fault2-condition2-14.csv,2,2,14,False,missing_expected_sample,,missing_expected_sample,200.0,,0,0,Fault2-condition2-opening14
,Fault2/Fault2-condition2/Fault2-condition2-15.csv,2,2,15,False,missing_expected_sample,,missing_expected_sample,200.0,,0,0,Fault2-condition2-opening15
,Fault2/Fault2-condition2/Fault2-condition2-16.csv,2,2,16,False,missing_expected_sample,,missing_expected_sample,200.0,,0,0,Fault2-condition2-opening16
,Fault2/Fault2-condition2/Fault2-condition2-17.csv,2,2,17,False,missing_expected_sample,,missing_expected_sample,200.0,,0,0,Fault2-condition2-opening17
,Fault2/Fault2-condition2/Fault2-condition2-18.csv,2,2,18,False,missing_expected_sample,,missing_expected_sample,200.0,,0,0,Fault2-condition2-opening18
,Fault2/Fault2-condition2/Fault2-condition2-19.csv,2,2,19,False,missing_expected_sample,,missing_expected_sample,200.0,,0,0,Fault2-condition2-opening19
,Fault2/Fault2-condition2/Fault2-condition2-20.csv,2,2,20,False,missing_expected_sample,,missing_expected_sample,200.0,,0,0,Fault2-condition2-opening20
,Fault2/Fault2-condition3/Fault2-condition3-1.csv,2,3,1,False,missing_expected_sample,,missing_expected_sample,200.0,,0,0,Fault2-condition3-opening1
,Fault2/Fault2-condition3/Fault2-condition3-2.csv,2,3,2,False,missing_expected_sample,,missing_expected_sample,200.0,,0,0,Fault2-condition3-opening2
,Fault2/Fault2-condition3/Fault2-condition3-3.csv,2,3,3,False,missing_expected_sample,,missing_expected_sample,200.0,,0,0,Fault2-condition3-opening3
,Fault2/Fault2-condition3/Fault2-condition3-4.csv,2,3,4,False,missing_expected_sample,,missing_expected_sample,200.0,,0,0,Fault2-condition3-opening4
,Fault2/Fault2-condition3/Fault2-condition3-5.csv,2,3,5,False,missing_expected_sample,,missing_expected_sample,200.0,,0,0,Fault2-condition3-opening5
,Fault2/Fault2-condition3/Fault2-condition3-6.csv,2,3,6,False,missing_expected_sample,,missing_expected_sample,200.0,,0,0,Fault2-condition3-opening6
,Fault2/Fault2-condition3/Fault2-condition3-7.csv,2,3,7,False,missing_expected_sample,,missing_expected_sample,200.0,,0,0,Fault2-condition3-opening7
,Fault2/Fault2-condition3/Fault2-condition3-8.csv,2,3,8,False,missing_expected_sample,,missing_expected_sample,200.0,,0,0,Fault2-condition3-opening8
,Fault2/Fault2-condition3/Fault2-condition3-9.csv,2,3,9,False,missing_expected_sample,,missing_expected_sample,200.0,,0,0,Fault2-condition3-opening9
,Fault2/Fault2-condition3/Fault2-condition3-10.csv,2,3,10,False,missing_expected_sample,,missing_expected_sample,200.0,,0,0,Fault2-condition3-opening10
,Fault2/Fault2-condition3/Fault2-condition3-11.csv,2,3,11,False,missing_expected_sample,,missing_expected_sample,200.0,,0,0,Fault2-condition3-opening11
,Fault2/Fault2-condition3/Fault2-condition3-12.csv,2,3,12,False,missing_expected_sample,,missing_expected_sample,200.0,,0,0,Fault2-condition3-opening12
,Fault2/Fault2-condition3/Fault2-condition3-13.csv,2,3,13,False,missing_expected_sample,,missing_expected_sample,200.0,,0,0,Fault2-condition3-opening13
,Fault2/Fault2-condition3/Fault2-condition3-14.csv,2,3,14,False,missing_expected_sample,,missing_expected_sample,200.0,,0,0,Fault2-condition3-opening14
,Fault2/Fault2-condition3/Fault2-condition3-15.csv,2,3,15,False,missing_expected_sample,,missing_expected_sample,200.0,,0,0,Fault2-condition3-opening15
,Fault2/Fault2-condition3/Fault2-condition3-16.csv,2,3,16,False,missing_expected_sample,,missing_expected_sample,200.0,,0,0,Fault2-condition3-opening16
,Fault2/Fault2-condition3/Fault2-condition3-17.csv,2,3,17,False,missing_expected_sample,,missing_expected_sample,200.0,,0,0,Fault2-condition3-opening17
,Fault2/Fault2-condition3/Fault2-condition3-18.csv,2,3,18,False,missing_expected_sample,,missing_expected_sample,200.0,,0,0,Fault2-condition3-opening18
,Fault2/Fault2-condition3/Fault2-condition3-19.csv,2,3,19,False,missing_expected_sample,,missing_expected_sample,200.0,,0,0,Fault2-condition3-opening19
,Fault2/Fault2-condition3/Fault2-condition3-20.csv,2,3,20,False,missing_expected_sample,,missing_expected_sample,200.0,,0,0,Fault2-condition3-opening20
,Fault2/Fault2-condition4/Fault2-condition4-1.csv,2,4,1,False,missing_expected_sample,,missing_expected_sample,200.0,,0,0,Fault2-condition4-opening1
,Fault2/Fault2-condition4/Fault2-condition4-2.csv,2,4,2,False,missing_expected_sample,,missing_expected_sample,200.0,,0,0,Fault2-condition4-opening2
,Fault2/Fault2-condition4/Fault2-condition4-3.csv,2,4,3,False,missing_expected_sample,,missing_expected_sample,200.0,,0,0,Fault2-condition4-opening3
,Fault2/Fault2-condition4/Fault2-condition4-4.csv,2,4,4,False,missing_expected_sample,,missing_expected_sample,200.0,,0,0,Fault2-condition4-opening4
,Fault2/Fault2-condition4/Fault2-condition4-5.csv,2,4,5,False,missing_expected_sample,,missing_expected_sample,200.0,,0,0,Fault2-condition4-opening5
,Fault2/Fault2-condition4/Fault2-condition4-6.csv,2,4,6,False,missing_expected_sample,,missing_expected_sample,200.0,,0,0,Fault2-condition4-opening6
,Fault2/Fault2-condition4/Fault2-condition4-7.csv,2,4,7,False,missing_expected_sample,,missing_expected_sample,200.0,,0,0,Fault2-condition4-opening7
,Fault2/Fault2-condition4/Fault2-condition4-8.csv,2,4,8,False,missing_expected_sample,,missing_expected_sample,200.0,,0,0,Fault2-condition4-opening8
,Fault2/Fault2-condition4/Fault2-condition4-9.csv,2,4,9,False,missing_expected_sample,,missing_expected_sample,200.0,,0,0,Fault2-condition4-opening9
,Fault2/Fault2-condition4/Fault2-condition4-10.csv,2,4,10,False,missing_expected_sample,,missing_expected_sample,200.0,,0,0,Fault2-condition4-opening10
,Fault2/Fault2-condition4/Fault2-condition4-11.csv,2,4,11,False,missing_expected_sample,,missing_expected_sample,200.0,,0,0,Fault2-condition4-opening11
,Fault2/Fault2-condition4/Fault2-condition4-12.csv,2,4,12,False,missing_expected_sample,,missing_expected_sample,200.0,,0,0,Fault2-condition4-opening12
,Fault2/Fault2-condition4/Fault2-condition4-13.csv,2,4,13,False,missing_expected_sample,,missing_expected_sample,200.0,,0,0,Fault2-condition4-opening13
,Fault2/Fault2-condition4/Fault2-condition4-14.csv,2,4,14,False,missing_expected_sample,,missing_expected_sample,200.0,,0,0,Fault2-condition4-opening14
,Fault2/Fault2-condition4/Fault2-condition4-15.csv,2,4,15,False,missing_expected_sample,,missing_expected_sample,200.0,,0,0,Fault2-condition4-opening15
,Fault2/Fault2-condition4/Fault2-condition4-16.csv,2,4,16,False,missing_expected_sample,,missing_expected_sample,200.0,,0,0,Fault2-condition4-opening16
,Fault2/Fault2-condition4/Fault2-condition4-17.csv,2,4,17,False,missing_expected_sample,,missing_expected_sample,200.0,,0,0,Fault2-condition4-opening17
,Fault2/Fault2-condition4/Fault2-condition4-18.csv,2,4,18,False,missing_expected_sample,,missing_expected_sample,200.0,,0,0,Fault2-condition4-opening18
,Fault2/Fault2-condition4/Fault2-condition4-19.csv,2,4,19,False,missing_expected_sample,,missing_expected_sample,200.0,,0,0,Fault2-condition4-opening19
,Fault2/Fault2-condition4/Fault2-condition4-20.csv,2,4,20,False,missing_expected_sample,,missing_expected_sample,200.0,,0,0,Fault2-condition4-opening20
,Fault2/Fault2-condition5/Fault2-condition5-1.csv,2,5,1,False,missing_expected_sample,,missing_expected_sample,200.0,,0,0,Fault2-condition5-opening1
,Fault2/Fault2-condition5/Fault2-condition5-2.csv,2,5,2,False,missing_expected_sample,,missing_expected_sample,200.0,,0,0,Fault2-condition5-opening2
,Fault2/Fault2-condition5/Fault2-condition5-3.csv,2,5,3,False,missing_expected_sample,,missing_expected_sample,200.0,,0,0,Fault2-condition5-opening3
,Fault2/Fault2-condition5/Fault2-condition5-4.csv,2,5,4,False,missing_expected_sample,,missing_expected_sample,200.0,,0,0,Fault2-condition5-opening4
,Fault2/Fault2-condition5/Fault2-condition5-5.csv,2,5,5,False,missing_expected_sample,,missing_expected_sample,200.0,,0,0,Fault2-condition5-opening5
,Fault2/Fault2-condition5/Fault2-condition5-6.csv,2,5,6,False,missing_expected_sample,,missing_expected_sample,200.0,,0,0,Fault2-condition5-opening6
,Fault2/Fault2-condition5/Fault2-condition5-7.csv,2,5,7,False,missing_expected_sample,,missing_expected_sample,200.0,,0,0,Fault2-condition5-opening7
,Fault2/Fault2-condition5/Fault2-condition5-8.csv,2,5,8,False,missing_expected_sample,,missing_expected_sample,200.0,,0,0,Fault2-condition5-opening8
,Fault2/Fault2-condition5/Fault2-condition5-9.csv,2,5,9,False,missing_expected_sample,,missing_expected_sample,200.0,,0,0,Fault2-condition5-opening9
,Fault2/Fault2-condition5/Fault2-condition5-10.csv,2,5,10,False,missing_expected_sample,,missing_expected_sample,200.0,,0,0,Fault2-condition5-opening10
,Fault2/Fault2-condition5/Fault2-condition5-11.csv,2,5,11,False,missing_expected_sample,,missing_expected_sample,200.0,,0,0,Fault2-condition5-opening11
,Fault2/Fault2-condition5/Fault2-condition5-12.csv,2,5,12,False,missing_expected_sample,,missing_expected_sample,200.0,,0,0,Fault2-condition5-opening12
,Fault2/Fault2-condition5/Fault2-condition5-13.csv,2,5,13,False,missing_expected_sample,,missing_expected_sample,200.0,,0,0,Fault2-condition5-opening13
,Fault2/Fault2-condition5/Fault2-condition5-14.csv,2,5,14,False,missing_expected_sample,,missing_expected_sample,200.0,,0,0,Fault2-condition5-opening14
,Fault2/Fault2-condition5/Fault2-condition5-15.csv,2,5,15,False,missing_expected_sample,,missing_expected_sample,200.0,,0,0,Fault2-condition5-opening15
,Fault2/Fault2-condition5/Fault2-condition5-16.csv,2,5,16,False,missing_expected_sample,,missing_expected_sample,200.0,,0,0,Fault2-condition5-opening16
,Fault2/Fault2-condition5/Fault2-condition5-17.csv,2,5,17,False,missing_expected_sample,,missing_expected_sample,200.0,,0,0,Fault2-condition5-opening17
,Fault2/Fault2-condition5/Fault2-condition5-18.csv,2,5,18,False,missing_expected_sample,,missing_expected_sample,200.0,,0,0,Fault2-condition5-opening18
,Fault2/Fault2-condition5/Fault2-condition5-19.csv,2,5,19,False,missing_expected_sample,,missing_expected_sample,200.0,,0,0,Fault2-condition5-opening19
,Fault2/Fault2-condition5/Fault2-condition5-20.csv,2,5,20,False,missing_expected_sample,,missing_expected_sample,200.0,,0,0,Fault2-condition5-opening20
,Fault2/Fault2-condition6/Fault2-condition6-1.csv,2,6,1,False,missing_expected_sample,,missing_expected_sample,200.0,,0,0,Fault2-condition6-opening1
,Fault2/Fault2-condition6/Fault2-condition6-2.csv,2,6,2,False,missing_expected_sample,,missing_expected_sample,200.0,,0,0,Fault2-condition6-opening2
,Fault2/Fault2-condition6/Fault2-condition6-3.csv,2,6,3,False,missing_expected_sample,,missing_expected_sample,200.0,,0,0,Fault2-condition6-opening3
,Fault2/Fault2-condition6/Fault2-condition6-4.csv,2,6,4,False,missing_expected_sample,,missing_expected_sample,200.0,,0,0,Fault2-condition6-opening4
,Fault2/Fault2-condition6/Fault2-condition6-5.csv,2,6,5,False,missing_expected_sample,,missing_expected_sample,200.0,,0,0,Fault2-condition6-opening5
,Fault2/Fault2-condition6/Fault2-condition6-6.csv,2,6,6,False,missing_expected_sample,,missing_expected_sample,200.0,,0,0,Fault2-condition6-opening6
,Fault2/Fault2-condition6/Fault2-condition6-7.csv,2,6,7,False,missing_expected_sample,,missing_expected_sample,200.0,,0,0,Fault2-condition6-opening7
,Fault2/Fault2-condition6/Fault2-condition6-8.csv,2,6,8,False,missing_expected_sample,,missing_expected_sample,200.0,,0,0,Fault2-condition6-opening8
,Fault2/Fault2-condition6/Fault2-condition6-9.csv,2,6,9,False,missing_expected_sample,,missing_expected_sample,200.0,,0,0,Fault2-condition6-opening9
,Fault2/Fault2-condition6/Fault2-condition6-10.csv,2,6,10,False,missing_expected_sample,,missing_expected_sample,200.0,,0,0,Fault2-condition6-opening10
,Fault2/Fault2-condition6/Fault2-condition6-11.csv,2,6,11,False,missing_expected_sample,,missing_expected_sample,200.0,,0,0,Fault2-condition6-opening11
,Fault2/Fault2-condition6/Fault2-condition6-12.csv,2,6,12,False,missing_expected_sample,,missing_expected_sample,200.0,,0,0,Fault2-condition6-opening12
,Fault2/Fault2-condition6/Fault2-condition6-13.csv,2,6,13,False,missing_expected_sample,,missing_expected_sample,200.0,,0,0,Fault2-condition6-opening13
,Fault2/Fault2-condition6/Fault2-condition6-14.csv,2,6,14,False,missing_expected_sample,,missing_expected_sample,200.0,,0,0,Fault2-condition6-opening14
,Fault2/Fault2-condition6/Fault2-condition6-15.csv,2,6,15,False,missing_expected_sample,,missing_expected_sample,200.0,,0,0,Fault2-condition6-opening15
,Fault2/Fault2-condition6/Fault2-condition6-16.csv,2,6,16,False,missing_expected_sample,,missing_expected_sample,200.0,,0,0,Fault2-condition6-opening16
,Fault2/Fault2-condition6/Fault2-condition6-17.csv,2,6,17,False,missing_expected_sample,,missing_expected_sample,200.0,,0,0,Fault2-condition6-opening17
,Fault2/Fault2-condition6/Fault2-condition6-18.csv,2,6,18,False,missing_expected_sample,,missing_expected_sample,200.0,,0,0,Fault2-condition6-opening18
,Fault2/Fault2-condition6/Fault2-condition6-19.csv,2,6,19,False,missing_expected_sample,,missing_expected_sample,200.0,,0,0,Fault2-condition6-opening19
,Fault2/Fault2-condition6/Fault2-condition6-20.csv,2,6,20,False,missing_expected_sample,,missing_expected_sample,200.0,,0,0,Fault2-condition6-opening20
,Fault2/Fault2-condition7/Fault2-condition7-1.csv,2,7,1,False,missing_expected_sample,,missing_expected_sample,200.0,,0,0,Fault2-condition7-opening1
,Fault2/Fault2-condition7/Fault2-condition7-2.csv,2,7,2,False,missing_expected_sample,,missing_expected_sample,200.0,,0,0,Fault2-condition7-opening2
,Fault2/Fault2-condition7/Fault2-condition7-3.csv,2,7,3,False,missing_expected_sample,,missing_expected_sample,200.0,,0,0,Fault2-condition7-opening3
,Fault2/Fault2-condition7/Fault2-condition7-4.csv,2,7,4,False,missing_expected_sample,,missing_expected_sample,200.0,,0,0,Fault2-condition7-opening4
,Fault2/Fault2-condition7/Fault2-condition7-5.csv,2,7,5,False,missing_expected_sample,,missing_expected_sample,200.0,,0,0,Fault2-condition7-opening5
,Fault2/Fault2-condition7/Fault2-condition7-6.csv,2,7,6,False,missing_expected_sample,,missing_expected_sample,200.0,,0,0,Fault2-condition7-opening6
,Fault2/Fault2-condition7/Fault2-condition7-7.csv,2,7,7,False,missing_expected_sample,,missing_expected_sample,200.0,,0,0,Fault2-condition7-opening7
,Fault2/Fault2-condition7/Fault2-condition7-8.csv,2,7,8,False,missing_expected_sample,,missing_expected_sample,200.0,,0,0,Fault2-condition7-opening8
,Fault2/Fault2-condition7/Fault2-condition7-9.csv,2,7,9,False,missing_expected_sample,,missing_expected_sample,200.0,,0,0,Fault2-condition7-opening9
,Fault2/Fault2-condition7/Fault2-condition7-10.csv,2,7,10,False,missing_expected_sample,,missing_expected_sample,200.0,,0,0,Fault2-condition7-opening10
,Fault2/Fault2-condition7/Fault2-condition7-11.csv,2,7,11,False,missing_expected_sample,,missing_expected_sample,200.0,,0,0,Fault2-condition7-opening11
,Fault2/Fault2-condition7/Fault2-condition7-12.csv,2,7,12,False,missing_expected_sample,,missing_expected_sample,200.0,,0,0,Fault2-condition7-opening12
,Fault2/Fault2-condition7/Fault2-condition7-13.csv,2,7,13,False,missing_expected_sample,,missing_expected_sample,200.0,,0,0,Fault2-condition7-opening13
,Fault2/Fault2-condition7/Fault2-condition7-14.csv,2,7,14,False,missing_expected_sample,,missing_expected_sample,200.0,,0,0,Fault2-condition7-opening14
,Fault2/Fault2-condition7/Fault2-condition7-15.csv,2,7,15,False,missing_expected_sample,,missing_expected_sample,200.0,,0,0,Fault2-condition7-opening15
,Fault2/Fault2-condition7/Fault2-condition7-16.csv,2,7,16,False,missing_expected_sample,,missing_expected_sample,200.0,,0,0,Fault2-condition7-opening16
,Fault2/Fault2-condition7/Fault2-condition7-17.csv,2,7,17,False,missing_expected_sample,,missing_expected_sample,200.0,,0,0,Fault2-condition7-opening17
,Fault2/Fault2-condition7/Fault2-condition7-18.csv,2,7,18,False,missing_expected_sample,,missing_expected_sample,200.0,,0,0,Fault2-condition7-opening18
,Fault2/Fault2-condition7/Fault2-condition7-19.csv,2,7,19,False,missing_expected_sample,,missing_expected_sample,200.0,,0,0,Fault2-condition7-opening19
,Fault2/Fault2-condition7/Fault2-condition7-20.csv,2,7,20,False,missing_expected_sample,,missing_expected_sample,200.0,,0,0,Fault2-condition7-opening20
,Fault2/Fault2-condition8/Fault2-condition8-1.csv,2,8,1,False,missing_expected_sample,,missing_expected_sample,200.0,,0,0,Fault2-condition8-opening1
,Fault2/Fault2-condition8/Fault2-condition8-2.csv,2,8,2,False,missing_expected_sample,,missing_expected_sample,200.0,,0,0,Fault2-condition8-opening2
,Fault2/Fault2-condition8/Fault2-condition8-3.csv,2,8,3,False,missing_expected_sample,,missing_expected_sample,200.0,,0,0,Fault2-condition8-opening3
,Fault2/Fault2-condition8/Fault2-condition8-4.csv,2,8,4,False,missing_expected_sample,,missing_expected_sample,200.0,,0,0,Fault2-condition8-opening4
,Fault2/Fault2-condition8/Fault2-condition8-5.csv,2,8,5,False,missing_expected_sample,,missing_expected_sample,200.0,,0,0,Fault2-condition8-opening5
,Fault2/Fault2-condition8/Fault2-condition8-6.csv,2,8,6,False,missing_expected_sample,,missing_expected_sample,200.0,,0,0,Fault2-condition8-opening6
,Fault2/Fault2-condition8/Fault2-condition8-7.csv,2,8,7,False,missing_expected_sample,,missing_expected_sample,200.0,,0,0,Fault2-condition8-opening7
,Fault2/Fault2-condition8/Fault2-condition8-8.csv,2,8,8,False,missing_expected_sample,,missing_expected_sample,200.0,,0,0,Fault2-condition8-opening8
,Fault2/Fault2-condition8/Fault2-condition8-9.csv,2,8,9,False,missing_expected_sample,,missing_expected_sample,200.0,,0,0,Fault2-condition8-opening9
,Fault2/Fault2-condition8/Fault2-condition8-10.csv,2,8,10,False,missing_expected_sample,,missing_expected_sample,200.0,,0,0,Fault2-condition8-opening10
,Fault2/Fault2-condition8/Fault2-condition8-11.csv,2,8,11,False,missing_expected_sample,,missing_expected_sample,200.0,,0,0,Fault2-condition8-opening11
,Fault2/Fault2-condition8/Fault2-condition8-12.csv,2,8,12,False,missing_expected_sample,,missing_expected_sample,200.0,,0,0,Fault2-condition8-opening12
,Fault2/Fault2-condition8/Fault2-condition8-13.csv,2,8,13,False,missing_expected_sample,,missing_expected_sample,200.0,,0,0,Fault2-condition8-opening13
,Fault2/Fault2-condition8/Fault2-condition8-14.csv,2,8,14,False,missing_expected_sample,,missing_expected_sample,200.0,,0,0,Fault2-condition8-opening14
,Fault2/Fault2-condition8/Fault2-condition8-15.csv,2,8,15,False,missing_expected_sample,,missing_expected_sample,200.0,,0,0,Fault2-condition8-opening15
,Fault2/Fault2-condition8/Fault2-condition8-16.csv,2,8,16,False,missing_expected_sample,,missing_expected_sample,200.0,,0,0,Fault2-condition8-opening16
,Fault2/Fault2-condition8/Fault2-condition8-17.csv,2,8,17,False,missing_expected_sample,,missing_expected_sample,200.0,,0,0,Fault2-condition8-opening17
,Fault2/Fault2-condition8/Fault2-condition8-18.csv,2,8,18,False,missing_expected_sample,,missing_expected_sample,200.0,,0,0,Fault2-condition8-opening18
,Fault2/Fault2-condition8/Fault2-condition8-19.csv,2,8,19,False,missing_expected_sample,,missing_expected_sample,200.0,,0,0,Fault2-condition8-opening19
,Fault2/Fault2-condition8/Fault2-condition8-20.csv,2,8,20,False,missing_expected_sample,,missing_expected_sample,200.0,,0,0,Fault2-condition8-opening20
,Fault2/Fault2-condition9/Fault2-condition9-1.csv,2,9,1,False,missing_expected_sample,,missing_expected_sample,200.0,,0,0,Fault2-condition9-opening1
,Fault2/Fault2-condition9/Fault2-condition9-2.csv,2,9,2,False,missing_expected_sample,,missing_expected_sample,200.0,,0,0,Fault2-condition9-opening2
,Fault2/Fault2-condition9/Fault2-condition9-3.csv,2,9,3,False,missing_expected_sample,,missing_expected_sample,200.0,,0,0,Fault2-condition9-opening3
,Fault2/Fault2-condition9/Fault2-condition9-4.csv,2,9,4,False,missing_expected_sample,,missing_expected_sample,200.0,,0,0,Fault2-condition9-opening4
,Fault2/Fault2-condition9/Fault2-condition9-5.csv,2,9,5,False,missing_expected_sample,,missing_expected_sample,200.0,,0,0,Fault2-condition9-opening5
,Fault2/Fault2-condition9/Fault2-condition9-6.csv,2,9,6,False,missing_expected_sample,,missing_expected_sample,200.0,,0,0,Fault2-condition9-opening6
,Fault2/Fault2-condition9/Fault2-condition9-7.csv,2,9,7,False,missing_expected_sample,,missing_expected_sample,200.0,,0,0,Fault2-condition9-opening7
,Fault2/Fault2-condition9/Fault2-condition9-8.csv,2,9,8,False,missing_expected_sample,,missing_expected_sample,200.0,,0,0,Fault2-condition9-opening8
,Fault2/Fault2-condition9/Fault2-condition9-9.csv,2,9,9,False,missing_expected_sample,,missing_expected_sample,200.0,,0,0,Fault2-condition9-opening9
,Fault2/Fault2-condition9/Fault2-condition9-10.csv,2,9,10,False,missing_expected_sample,,missing_expected_sample,200.0,,0,0,Fault2-condition9-opening10
,Fault2/Fault2-condition9/Fault2-condition9-11.csv,2,9,11,False,missing_expected_sample,,missing_expected_sample,200.0,,0,0,Fault2-condition9-opening11
,Fault2/Fault2-condition9/Fault2-condition9-12.csv,2,9,12,False,missing_expected_sample,,missing_expected_sample,200.0,,0,0,Fault2-condition9-opening12
,Fault2/Fault2-condition9/Fault2-condition9-13.csv,2,9,13,False,missing_expected_sample,,missing_expected_sample,200.0,,0,0,Fault2-condition9-opening13
,Fault2/Fault2-condition9/Fault2-condition9-14.csv,2,9,14,False,missing_expected_sample,,missing_expected_sample,200.0,,0,0,Fault2-condition9-opening14
,Fault2/Fault2-condition9/Fault2-condition9-15.csv,2,9,15,False,missing_expected_sample,,missing_expected_sample,200.0,,0,0,Fault2-condition9-opening15
,Fault2/Fault2-condition9/Fault2-condition9-16.csv,2,9,16,False,missing_expected_sample,,missing_expected_sample,200.0,,0,0,Fault2-condition9-opening16
,Fault2/Fault2-condition9/Fault2-condition9-17.csv,2,9,17,False,missing_expected_sample,,missing_expected_sample,200.0,,0,0,Fault2-condition9-opening17
,Fault2/Fault2-condition9/Fault2-condition9-18.csv,2,9,18,False,missing_expected_sample,,missing_expected_sample,200.0,,0,0,Fault2-condition9-opening18
,Fault2/Fault2-condition9/Fault2-condition9-19.csv,2,9,19,False,missing_expected_sample,,missing_expected_sample,200.0,,0,0,Fault2-condition9-opening19
,Fault2/Fault2-condition9/Fault2-condition9-20.csv,2,9,20,False,missing_expected_sample,,missing_expected_sample,200.0,,0,0,Fault2-condition9-opening20
,Fault2/Fault2-condition10/Fault2-condition10-1.csv,2,10,1,False,missing_expected_sample,,missing_expected_sample,200.0,,0,0,Fault2-condition10-opening1
,Fault2/Fault2-condition10/Fault2-condition10-2.csv,2,10,2,False,missing_expected_sample,,missing_expected_sample,200.0,,0,0,Fault2-condition10-opening2
,Fault2/Fault2-condition10/Fault2-condition10-3.csv,2,10,3,False,missing_expected_sample,,missing_expected_sample,200.0,,0,0,Fault2-condition10-opening3
,Fault2/Fault2-condition10/Fault2-condition10-4.csv,2,10,4,False,missing_expected_sample,,missing_expected_sample,200.0,,0,0,Fault2-condition10-opening4
,Fault2/Fault2-condition10/Fault2-condition10-5.csv,2,10,5,False,missing_expected_sample,,missing_expected_sample,200.0,,0,0,Fault2-condition10-opening5
,Fault2/Fault2-condition10/Fault2-condition10-6.csv,2,10,6,False,missing_expected_sample,,missing_expected_sample,200.0,,0,0,Fault2-condition10-opening6
,Fault2/Fault2-condition10/Fault2-condition10-7.csv,2,10,7,False,missing_expected_sample,,missing_expected_sample,200.0,,0,0,Fault2-condition10-opening7
,Fault2/Fault2-condition10/Fault2-condition10-8.csv,2,10,8,False,missing_expected_sample,,missing_expected_sample,200.0,,0,0,Fault2-condition10-opening8
,Fault2/Fault2-condition10/Fault2-condition10-9.csv,2,10,9,False,missing_expected_sample,,missing_expected_sample,200.0,,0,0,Fault2-condition10-opening9
,Fault2/Fault2-condition10/Fault2-condition10-10.csv,2,10,10,False,missing_expected_sample,,missing_expected_sample,200.0,,0,0,Fault2-condition10-opening10
,Fault2/Fault2-condition10/Fault2-condition10-11.csv,2,10,11,False,missing_expected_sample,,missing_expected_sample,200.0,,0,0,Fault2-condition10-opening11
,Fault2/Fault2-condition10/Fault2-condition10-12.csv,2,10,12,False,missing_expected_sample,,missing_expected_sample,200.0,,0,0,Fault2-condition10-opening12
,Fault2/Fault2-condition10/Fault2-condition10-13.csv,2,10,13,False,missing_expected_sample,,missing_expected_sample,200.0,,0,0,Fault2-condition10-opening13
,Fault2/Fault2-condition10/Fault2-condition10-14.csv,2,10,14,False,missing_expected_sample,,missing_expected_sample,200.0,,0,0,Fault2-condition10-opening14
,Fault2/Fault2-condition10/Fault2-condition10-15.csv,2,10,15,False,missing_expected_sample,,missing_expected_sample,200.0,,0,0,Fault2-condition10-opening15
,Fault2/Fault2-condition10/Fault2-condition10-16.csv,2,10,16,False,missing_expected_sample,,missing_expected_sample,200.0,,0,0,Fault2-condition10-opening16
,Fault2/Fault2-condition10/Fault2-condition10-17.csv,2,10,17,False,missing_expected_sample,,missing_expected_sample,200.0,,0,0,Fault2-condition10-opening17
,Fault2/Fault2-condition10/Fault2-condition10-18.csv,2,10,18,False,missing_expected_sample,,missing_expected_sample,200.0,,0,0,Fault2-condition10-opening18
,Fault2/Fault2-condition10/Fault2-condition10-19.csv,2,10,19,False,missing_expected_sample,,missing_expected_sample,200.0,,0,0,Fault2-condition10-opening19
,Fault2/Fault2-condition10/Fault2-condition10-20.csv,2,10,20,False,missing_expected_sample,,missing_expected_sample,200.0,,0,0,Fault2-condition10-opening20
,Fault3/Fault3-condition1/Fault3-condition1-1.csv,3,1,1,False,missing_expected_sample,,missing_expected_sample,200.0,,0,0,Fault3-condition1-opening1
,Fault3/Fault3-condition1/Fault3-condition1-2.csv,3,1,2,False,missing_expected_sample,,missing_expected_sample,200.0,,0,0,Fault3-condition1-opening2
,Fault3/Fault3-condition1/Fault3-condition1-3.csv,3,1,3,False,missing_expected_sample,,missing_expected_sample,200.0,,0,0,Fault3-condition1-opening3
,Fault3/Fault3-condition1/Fault3-condition1-4.csv,3,1,4,False,missing_expected_sample,,missing_expected_sample,200.0,,0,0,Fault3-condition1-opening4
,Fault3/Fault3-condition1/Fault3-condition1-5.csv,3,1,5,False,missing_expected_sample,,missing_expected_sample,200.0,,0,0,Fault3-condition1-opening5
,Fault3/Fault3-condition1/Fault3-condition1-6.csv,3,1,6,False,missing_expected_sample,,missing_expected_sample,200.0,,0,0,Fault3-condition1-opening6
,Fault3/Fault3-condition1/Fault3-condition1-7.csv,3,1,7,False,missing_expected_sample,,missing_expected_sample,200.0,,0,0,Fault3-condition1-opening7
,Fault3/Fault3-condition1/Fault3-condition1-8.csv,3,1,8,False,missing_expected_sample,,missing_expected_sample,200.0,,0,0,Fault3-condition1-opening8
,Fault3/Fault3-condition1/Fault3-condition1-9.csv,3,1,9,False,missing_expected_sample,,missing_expected_sample,200.0,,0,0,Fault3-condition1-opening9
,Fault3/Fault3-condition1/Fault3-condition1-10.csv,3,1,10,False,missing_expected_sample,,missing_expected_sample,200.0,,0,0,Fault3-condition1-opening10
,Fault3/Fault3-condition1/Fault3-condition1-11.csv,3,1,11,False,missing_expected_sample,,missing_expected_sample,200.0,,0,0,Fault3-condition1-opening11
,Fault3/Fault3-condition1/Fault3-condition1-12.csv,3,1,12,False,missing_expected_sample,,missing_expected_sample,200.0,,0,0,Fault3-condition1-opening12
,Fault3/Fault3-condition1/Fault3-condition1-13.csv,3,1,13,False,missing_expected_sample,,missing_expected_sample,200.0,,0,0,Fault3-condition1-opening13
,Fault3/Fault3-condition1/Fault3-condition1-14.csv,3,1,14,False,missing_expected_sample,,missing_expected_sample,200.0,,0,0,Fault3-condition1-opening14
,Fault3/Fault3-condition1/Fault3-condition1-15.csv,3,1,15,False,missing_expected_sample,,missing_expected_sample,200.0,,0,0,Fault3-condition1-opening15
,Fault3/Fault3-condition1/Fault3-condition1-16.csv,3,1,16,False,missing_expected_sample,,missing_expected_sample,200.0,,0,0,Fault3-condition1-opening16
,Fault3/Fault3-condition1/Fault3-condition1-17.csv,3,1,17,False,missing_expected_sample,,missing_expected_sample,200.0,,0,0,Fault3-condition1-opening17
,Fault3/Fault3-condition1/Fault3-condition1-18.csv,3,1,18,False,missing_expected_sample,,missing_expected_sample,200.0,,0,0,Fault3-condition1-opening18
,Fault3/Fault3-condition1/Fault3-condition1-19.csv,3,1,19,False,missing_expected_sample,,missing_expected_sample,200.0,,0,0,Fault3-condition1-opening19
,Fault3/Fault3-condition1/Fault3-condition1-20.csv,3,1,20,False,missing_expected_sample,,missing_expected_sample,200.0,,0,0,Fault3-condition1-opening20
,Fault3/Fault3-condition2/Fault3-condition2-1.csv,3,2,1,False,missing_expected_sample,,missing_expected_sample,200.0,,0,0,Fault3-condition2-opening1
,Fault3/Fault3-condition2/Fault3-condition2-2.csv,3,2,2,False,missing_expected_sample,,missing_expected_sample,200.0,,0,0,Fault3-condition2-opening2
,Fault3/Fault3-condition2/Fault3-condition2-3.csv,3,2,3,False,missing_expected_sample,,missing_expected_sample,200.0,,0,0,Fault3-condition2-opening3
,Fault3/Fault3-condition2/Fault3-condition2-4.csv,3,2,4,False,missing_expected_sample,,missing_expected_sample,200.0,,0,0,Fault3-condition2-opening4
,Fault3/Fault3-condition2/Fault3-condition2-5.csv,3,2,5,False,missing_expected_sample,,missing_expected_sample,200.0,,0,0,Fault3-condition2-opening5
,Fault3/Fault3-condition2/Fault3-condition2-6.csv,3,2,6,False,missing_expected_sample,,missing_expected_sample,200.0,,0,0,Fault3-condition2-opening6
,Fault3/Fault3-condition2/Fault3-condition2-7.csv,3,2,7,False,missing_expected_sample,,missing_expected_sample,200.0,,0,0,Fault3-condition2-opening7
,Fault3/Fault3-condition2/Fault3-condition2-8.csv,3,2,8,False,missing_expected_sample,,missing_expected_sample,200.0,,0,0,Fault3-condition2-opening8
,Fault3/Fault3-condition2/Fault3-condition2-9.csv,3,2,9,False,missing_expected_sample,,missing_expected_sample,200.0,,0,0,Fault3-condition2-opening9
,Fault3/Fault3-condition2/Fault3-condition2-10.csv,3,2,10,False,missing_expected_sample,,missing_expected_sample,200.0,,0,0,Fault3-condition2-opening10
,Fault3/Fault3-condition2/Fault3-condition2-11.csv,3,2,11,False,missing_expected_sample,,missing_expected_sample,200.0,,0,0,Fault3-condition2-opening11
,Fault3/Fault3-condition2/Fault3-condition2-12.csv,3,2,12,False,missing_expected_sample,,missing_expected_sample,200.0,,0,0,Fault3-condition2-opening12
,Fault3/Fault3-condition2/Fault3-condition2-13.csv,3,2,13,False,missing_expected_sample,,missing_expected_sample,200.0,,0,0,Fault3-condition2-opening13
,Fault3/Fault3-condition2/Fault3-condition2-14.csv,3,2,14,False,missing_expected_sample,,missing_expected_sample,200.0,,0,0,Fault3-condition2-opening14
,Fault3/Fault3-condition2/Fault3-condition2-15.csv,3,2,15,False,missing_expected_sample,,missing_expected_sample,200.0,,0,0,Fault3-condition2-opening15
,Fault3/Fault3-condition2/Fault3-condition2-16.csv,3,2,16,False,missing_expected_sample,,missing_expected_sample,200.0,,0,0,Fault3-condition2-opening16
,Fault3/Fault3-condition2/Fault3-condition2-17.csv,3,2,17,False,missing_expected_sample,,missing_expected_sample,200.0,,0,0,Fault3-condition2-opening17
,Fault3/Fault3-condition2/Fault3-condition2-18.csv,3,2,18,False,missing_expected_sample,,missing_expected_sample,200.0,,0,0,Fault3-condition2-opening18
,Fault3/Fault3-condition2/Fault3-condition2-19.csv,3,2,19,False,missing_expected_sample,,missing_expected_sample,200.0,,0,0,Fault3-condition2-opening19
,Fault3/Fault3-condition2/Fault3-condition2-20.csv,3,2,20,False,missing_expected_sample,,missing_expected_sample,200.0,,0,0,Fault3-condition2-opening20
,Fault3/Fault3-condition3/Fault3-condition3-1.csv,3,3,1,False,missing_expected_sample,,missing_expected_sample,200.0,,0,0,Fault3-condition3-opening1
,Fault3/Fault3-condition3/Fault3-condition3-2.csv,3,3,2,False,missing_expected_sample,,missing_expected_sample,200.0,,0,0,Fault3-condition3-opening2
,Fault3/Fault3-condition3/Fault3-condition3-3.csv,3,3,3,False,missing_expected_sample,,missing_expected_sample,200.0,,0,0,Fault3-condition3-opening3
,Fault3/Fault3-condition3/Fault3-condition3-4.csv,3,3,4,False,missing_expected_sample,,missing_expected_sample,200.0,,0,0,Fault3-condition3-opening4
,Fault3/Fault3-condition3/Fault3-condition3-5.csv,3,3,5,False,missing_expected_sample,,missing_expected_sample,200.0,,0,0,Fault3-condition3-opening5
,Fault3/Fault3-condition3/Fault3-condition3-6.csv,3,3,6,False,missing_expected_sample,,missing_expected_sample,200.0,,0,0,Fault3-condition3-opening6
,Fault3/Fault3-condition3/Fault3-condition3-7.csv,3,3,7,False,missing_expected_sample,,missing_expected_sample,200.0,,0,0,Fault3-condition3-opening7
,Fault3/Fault3-condition3/Fault3-condition3-8.csv,3,3,8,False,missing_expected_sample,,missing_expected_sample,200.0,,0,0,Fault3-condition3-opening8
,Fault3/Fault3-condition3/Fault3-condition3-9.csv,3,3,9,False,missing_expected_sample,,missing_expected_sample,200.0,,0,0,Fault3-condition3-opening9
,Fault3/Fault3-condition3/Fault3-condition3-10.csv,3,3,10,False,missing_expected_sample,,missing_expected_sample,200.0,,0,0,Fault3-condition3-opening10
,Fault3/Fault3-condition3/Fault3-condition3-11.csv,3,3,11,False,missing_expected_sample,,missing_expected_sample,200.0,,0,0,Fault3-condition3-opening11
,Fault3/Fault3-condition3/Fault3-condition3-12.csv,3,3,12,False,missing_expected_sample,,missing_expected_sample,200.0,,0,0,Fault3-condition3-opening12
,Fault3/Fault3-condition3/Fault3-condition3-13.csv,3,3,13,False,missing_expected_sample,,missing_expected_sample,200.0,,0,0,Fault3-condition3-opening13
,Fault3/Fault3-condition3/Fault3-condition3-14.csv,3,3,14,False,missing_expected_sample,,missing_expected_sample,200.0,,0,0,Fault3-condition3-opening14
,Fault3/Fault3-condition3/Fault3-condition3-15.csv,3,3,15,False,missing_expected_sample,,missing_expected_sample,200.0,,0,0,Fault3-condition3-opening15
,Fault3/Fault3-condition3/Fault3-condition3-16.csv,3,3,16,False,missing_expected_sample,,missing_expected_sample,200.0,,0,0,Fault3-condition3-opening16
,Fault3/Fault3-condition3/Fault3-condition3-17.csv,3,3,17,False,missing_expected_sample,,missing_expected_sample,200.0,,0,0,Fault3-condition3-opening17
,Fault3/Fault3-condition3/Fault3-condition3-18.csv,3,3,18,False,missing_expected_sample,,missing_expected_sample,200.0,,0,0,Fault3-condition3-opening18
,Fault3/Fault3-condition3/Fault3-condition3-19.csv,3,3,19,False,missing_expected_sample,,missing_expected_sample,200.0,,0,0,Fault3-condition3-opening19
,Fault3/Fault3-condition3/Fault3-condition3-20.csv,3,3,20,False,missing_expected_sample,,missing_expected_sample,200.0,,0,0,Fault3-condition3-opening20
,Fault3/Fault3-condition4/Fault3-condition4-1.csv,3,4,1,False,missing_expected_sample,,missing_expected_sample,200.0,,0,0,Fault3-condition4-opening1
,Fault3/Fault3-condition4/Fault3-condition4-2.csv,3,4,2,False,missing_expected_sample,,missing_expected_sample,200.0,,0,0,Fault3-condition4-opening2
,Fault3/Fault3-condition4/Fault3-condition4-3.csv,3,4,3,False,missing_expected_sample,,missing_expected_sample,200.0,,0,0,Fault3-condition4-opening3
,Fault3/Fault3-condition4/Fault3-condition4-4.csv,3,4,4,False,missing_expected_sample,,missing_expected_sample,200.0,,0,0,Fault3-condition4-opening4
,Fault3/Fault3-condition4/Fault3-condition4-5.csv,3,4,5,False,missing_expected_sample,,missing_expected_sample,200.0,,0,0,Fault3-condition4-opening5
,Fault3/Fault3-condition4/Fault3-condition4-6.csv,3,4,6,False,missing_expected_sample,,missing_expected_sample,200.0,,0,0,Fault3-condition4-opening6
,Fault3/Fault3-condition4/Fault3-condition4-7.csv,3,4,7,False,missing_expected_sample,,missing_expected_sample,200.0,,0,0,Fault3-condition4-opening7
,Fault3/Fault3-condition4/Fault3-condition4-8.csv,3,4,8,False,missing_expected_sample,,missing_expected_sample,200.0,,0,0,Fault3-condition4-opening8
,Fault3/Fault3-condition4/Fault3-condition4-9.csv,3,4,9,False,missing_expected_sample,,missing_expected_sample,200.0,,0,0,Fault3-condition4-opening9
,Fault3/Fault3-condition4/Fault3-condition4-10.csv,3,4,10,False,missing_expected_sample,,missing_expected_sample,200.0,,0,0,Fault3-condition4-opening10
,Fault3/Fault3-condition4/Fault3-condition4-11.csv,3,4,11,False,missing_expected_sample,,missing_expected_sample,200.0,,0,0,Fault3-condition4-opening11
,Fault3/Fault3-condition4/Fault3-condition4-12.csv,3,4,12,False,missing_expected_sample,,missing_expected_sample,200.0,,0,0,Fault3-condition4-opening12
,Fault3/Fault3-condition4/Fault3-condition4-13.csv,3,4,13,False,missing_expected_sample,,missing_expected_sample,200.0,,0,0,Fault3-condition4-opening13
,Fault3/Fault3-condition4/Fault3-condition4-14.csv,3,4,14,False,missing_expected_sample,,missing_expected_sample,200.0,,0,0,Fault3-condition4-opening14
,Fault3/Fault3-condition4/Fault3-condition4-15.csv,3,4,15,False,missing_expected_sample,,missing_expected_sample,200.0,,0,0,Fault3-condition4-opening15
,Fault3/Fault3-condition4/Fault3-condition4-16.csv,3,4,16,False,missing_expected_sample,,missing_expected_sample,200.0,,0,0,Fault3-condition4-opening16
,Fault3/Fault3-condition4/Fault3-condition4-17.csv,3,4,17,False,missing_expected_sample,,missing_expected_sample,200.0,,0,0,Fault3-condition4-opening17
,Fault3/Fault3-condition4/Fault3-condition4-18.csv,3,4,18,False,missing_expected_sample,,missing_expected_sample,200.0,,0,0,Fault3-condition4-opening18
,Fault3/Fault3-condition4/Fault3-condition4-19.csv,3,4,19,False,missing_expected_sample,,missing_expected_sample,200.0,,0,0,Fault3-condition4-opening19
,Fault3/Fault3-condition4/Fault3-condition4-20.csv,3,4,20,False,missing_expected_sample,,missing_expected_sample,200.0,,0,0,Fault3-condition4-opening20
,Fault3/Fault3-condition5/Fault3-condition5-1.csv,3,5,1,False,missing_expected_sample,,missing_expected_sample,200.0,,0,0,Fault3-condition5-opening1
,Fault3/Fault3-condition5/Fault3-condition5-2.csv,3,5,2,False,missing_expected_sample,,missing_expected_sample,200.0,,0,0,Fault3-condition5-opening2
,Fault3/Fault3-condition5/Fault3-condition5-3.csv,3,5,3,False,missing_expected_sample,,missing_expected_sample,200.0,,0,0,Fault3-condition5-opening3
,Fault3/Fault3-condition5/Fault3-condition5-4.csv,3,5,4,False,missing_expected_sample,,missing_expected_sample,200.0,,0,0,Fault3-condition5-opening4
,Fault3/Fault3-condition5/Fault3-condition5-5.csv,3,5,5,False,missing_expected_sample,,missing_expected_sample,200.0,,0,0,Fault3-condition5-opening5
,Fault3/Fault3-condition5/Fault3-condition5-6.csv,3,5,6,False,missing_expected_sample,,missing_expected_sample,200.0,,0,0,Fault3-condition5-opening6
,Fault3/Fault3-condition5/Fault3-condition5-7.csv,3,5,7,False,missing_expected_sample,,missing_expected_sample,200.0,,0,0,Fault3-condition5-opening7
,Fault3/Fault3-condition5/Fault3-condition5-8.csv,3,5,8,False,missing_expected_sample,,missing_expected_sample,200.0,,0,0,Fault3-condition5-opening8
,Fault3/Fault3-condition5/Fault3-condition5-9.csv,3,5,9,False,missing_expected_sample,,missing_expected_sample,200.0,,0,0,Fault3-condition5-opening9
,Fault3/Fault3-condition5/Fault3-condition5-10.csv,3,5,10,False,missing_expected_sample,,missing_expected_sample,200.0,,0,0,Fault3-condition5-opening10
,Fault3/Fault3-condition5/Fault3-condition5-11.csv,3,5,11,False,missing_expected_sample,,missing_expected_sample,200.0,,0,0,Fault3-condition5-opening11
,Fault3/Fault3-condition5/Fault3-condition5-12.csv,3,5,12,False,missing_expected_sample,,missing_expected_sample,200.0,,0,0,Fault3-condition5-opening12
,Fault3/Fault3-condition5/Fault3-condition5-13.csv,3,5,13,False,missing_expected_sample,,missing_expected_sample,200.0,,0,0,Fault3-condition5-opening13
,Fault3/Fault3-condition5/Fault3-condition5-14.csv,3,5,14,False,missing_expected_sample,,missing_expected_sample,200.0,,0,0,Fault3-condition5-opening14
,Fault3/Fault3-condition5/Fault3-condition5-15.csv,3,5,15,False,missing_expected_sample,,missing_expected_sample,200.0,,0,0,Fault3-condition5-opening15
,Fault3/Fault3-condition5/Fault3-condition5-16.csv,3,5,16,False,missing_expected_sample,,missing_expected_sample,200.0,,0,0,Fault3-condition5-opening16
,Fault3/Fault3-condition5/Fault3-condition5-17.csv,3,5,17,False,missing_expected_sample,,missing_expected_sample,200.0,,0,0,Fault3-condition5-opening17
,Fault3/Fault3-condition5/Fault3-condition5-18.csv,3,5,18,False,missing_expected_sample,,missing_expected_sample,200.0,,0,0,Fault3-condition5-opening18
,Fault3/Fault3-condition5/Fault3-condition5-19.csv,3,5,19,False,missing_expected_sample,,missing_expected_sample,200.0,,0,0,Fault3-condition5-opening19
,Fault3/Fault3-condition5/Fault3-condition5-20.csv,3,5,20,False,missing_expected_sample,,missing_expected_sample,200.0,,0,0,Fault3-condition5-opening20
,Fault3/Fault3-condition6/Fault3-condition6-1.csv,3,6,1,False,missing_expected_sample,,missing_expected_sample,200.0,,0,0,Fault3-condition6-opening1
,Fault3/Fault3-condition6/Fault3-condition6-2.csv,3,6,2,False,missing_expected_sample,,missing_expected_sample,200.0,,0,0,Fault3-condition6-opening2
,Fault3/Fault3-condition6/Fault3-condition6-3.csv,3,6,3,False,missing_expected_sample,,missing_expected_sample,200.0,,0,0,Fault3-condition6-opening3
,Fault3/Fault3-condition6/Fault3-condition6-4.csv,3,6,4,False,missing_expected_sample,,missing_expected_sample,200.0,,0,0,Fault3-condition6-opening4
,Fault3/Fault3-condition6/Fault3-condition6-5.csv,3,6,5,False,missing_expected_sample,,missing_expected_sample,200.0,,0,0,Fault3-condition6-opening5
,Fault3/Fault3-condition6/Fault3-condition6-6.csv,3,6,6,False,missing_expected_sample,,missing_expected_sample,200.0,,0,0,Fault3-condition6-opening6
,Fault3/Fault3-condition6/Fault3-condition6-7.csv,3,6,7,False,missing_expected_sample,,missing_expected_sample,200.0,,0,0,Fault3-condition6-opening7
,Fault3/Fault3-condition6/Fault3-condition6-8.csv,3,6,8,False,missing_expected_sample,,missing_expected_sample,200.0,,0,0,Fault3-condition6-opening8
,Fault3/Fault3-condition6/Fault3-condition6-9.csv,3,6,9,False,missing_expected_sample,,missing_expected_sample,200.0,,0,0,Fault3-condition6-opening9
,Fault3/Fault3-condition6/Fault3-condition6-10.csv,3,6,10,False,missing_expected_sample,,missing_expected_sample,200.0,,0,0,Fault3-condition6-opening10
,Fault3/Fault3-condition6/Fault3-condition6-11.csv,3,6,11,False,missing_expected_sample,,missing_expected_sample,200.0,,0,0,Fault3-condition6-opening11
,Fault3/Fault3-condition6/Fault3-condition6-12.csv,3,6,12,False,missing_expected_sample,,missing_expected_sample,200.0,,0,0,Fault3-condition6-opening12
,Fault3/Fault3-condition6/Fault3-condition6-13.csv,3,6,13,False,missing_expected_sample,,missing_expected_sample,200.0,,0,0,Fault3-condition6-opening13
,Fault3/Fault3-condition6/Fault3-condition6-14.csv,3,6,14,False,missing_expected_sample,,missing_expected_sample,200.0,,0,0,Fault3-condition6-opening14
,Fault3/Fault3-condition6/Fault3-condition6-15.csv,3,6,15,False,missing_expected_sample,,missing_expected_sample,200.0,,0,0,Fault3-condition6-opening15
,Fault3/Fault3-condition6/Fault3-condition6-16.csv,3,6,16,False,missing_expected_sample,,missing_expected_sample,200.0,,0,0,Fault3-condition6-opening16
,Fault3/Fault3-condition6/Fault3-condition6-17.csv,3,6,17,False,missing_expected_sample,,missing_expected_sample,200.0,,0,0,Fault3-condition6-opening17
,Fault3/Fault3-condition6/Fault3-condition6-18.csv,3,6,18,False,missing_expected_sample,,missing_expected_sample,200.0,,0,0,Fault3-condition6-opening18
,Fault3/Fault3-condition6/Fault3-condition6-19.csv,3,6,19,False,missing_expected_sample,,missing_expected_sample,200.0,,0,0,Fault3-condition6-opening19
,Fault3/Fault3-condition6/Fault3-condition6-20.csv,3,6,20,False,missing_expected_sample,,missing_expected_sample,200.0,,0,0,Fault3-condition6-opening20
,Fault3/Fault3-condition7/Fault3-condition7-1.csv,3,7,1,False,missing_expected_sample,,missing_expected_sample,200.0,,0,0,Fault3-condition7-opening1
,Fault3/Fault3-condition7/Fault3-condition7-2.csv,3,7,2,False,missing_expected_sample,,missing_expected_sample,200.0,,0,0,Fault3-condition7-opening2
,Fault3/Fault3-condition7/Fault3-condition7-3.csv,3,7,3,False,missing_expected_sample,,missing_expected_sample,200.0,,0,0,Fault3-condition7-opening3
,Fault3/Fault3-condition7/Fault3-condition7-4.csv,3,7,4,False,missing_expected_sample,,missing_expected_sample,200.0,,0,0,Fault3-condition7-opening4
,Fault3/Fault3-condition7/Fault3-condition7-5.csv,3,7,5,False,missing_expected_sample,,missing_expected_sample,200.0,,0,0,Fault3-condition7-opening5
,Fault3/Fault3-condition7/Fault3-condition7-6.csv,3,7,6,False,missing_expected_sample,,missing_expected_sample,200.0,,0,0,Fault3-condition7-opening6
,Fault3/Fault3-condition7/Fault3-condition7-7.csv,3,7,7,False,missing_expected_sample,,missing_expected_sample,200.0,,0,0,Fault3-condition7-opening7
,Fault3/Fault3-condition7/Fault3-condition7-8.csv,3,7,8,False,missing_expected_sample,,missing_expected_sample,200.0,,0,0,Fault3-condition7-opening8
,Fault3/Fault3-condition7/Fault3-condition7-9.csv,3,7,9,False,missing_expected_sample,,missing_expected_sample,200.0,,0,0,Fault3-condition7-opening9
,Fault3/Fault3-condition7/Fault3-condition7-10.csv,3,7,10,False,missing_expected_sample,,missing_expected_sample,200.0,,0,0,Fault3-condition7-opening10
,Fault3/Fault3-condition7/Fault3-condition7-11.csv,3,7,11,False,missing_expected_sample,,missing_expected_sample,200.0,,0,0,Fault3-condition7-opening11
,Fault3/Fault3-condition7/Fault3-condition7-12.csv,3,7,12,False,missing_expected_sample,,missing_expected_sample,200.0,,0,0,Fault3-condition7-opening12
,Fault3/Fault3-condition7/Fault3-condition7-13.csv,3,7,13,False,missing_expected_sample,,missing_expected_sample,200.0,,0,0,Fault3-condition7-opening13
,Fault3/Fault3-condition7/Fault3-condition7-14.csv,3,7,14,False,missing_expected_sample,,missing_expected_sample,200.0,,0,0,Fault3-condition7-opening14
,Fault3/Fault3-condition7/Fault3-condition7-15.csv,3,7,15,False,missing_expected_sample,,missing_expected_sample,200.0,,0,0,Fault3-condition7-opening15
,Fault3/Fault3-condition7/Fault3-condition7-16.csv,3,7,16,False,missing_expected_sample,,missing_expected_sample,200.0,,0,0,Fault3-condition7-opening16
,Fault3/Fault3-condition7/Fault3-condition7-17.csv,3,7,17,False,missing_expected_sample,,missing_expected_sample,200.0,,0,0,Fault3-condition7-opening17
,Fault3/Fault3-condition7/Fault3-condition7-18.csv,3,7,18,False,missing_expected_sample,,missing_expected_sample,200.0,,0,0,Fault3-condition7-opening18
,Fault3/Fault3-condition7/Fault3-condition7-19.csv,3,7,19,False,missing_expected_sample,,missing_expected_sample,200.0,,0,0,Fault3-condition7-opening19
,Fault3/Fault3-condition7/Fault3-condition7-20.csv,3,7,20,False,missing_expected_sample,,missing_expected_sample,200.0,,0,0,Fault3-condition7-opening20
,Fault3/Fault3-condition8/Fault3-condition8-1.csv,3,8,1,False,missing_expected_sample,,missing_expected_sample,200.0,,0,0,Fault3-condition8-opening1
,Fault3/Fault3-condition8/Fault3-condition8-2.csv,3,8,2,False,missing_expected_sample,,missing_expected_sample,200.0,,0,0,Fault3-condition8-opening2
,Fault3/Fault3-condition8/Fault3-condition8-3.csv,3,8,3,False,missing_expected_sample,,missing_expected_sample,200.0,,0,0,Fault3-condition8-opening3
,Fault3/Fault3-condition8/Fault3-condition8-4.csv,3,8,4,False,missing_expected_sample,,missing_expected_sample,200.0,,0,0,Fault3-condition8-opening4
,Fault3/Fault3-condition8/Fault3-condition8-5.csv,3,8,5,False,missing_expected_sample,,missing_expected_sample,200.0,,0,0,Fault3-condition8-opening5
,Fault3/Fault3-condition8/Fault3-condition8-6.csv,3,8,6,False,missing_expected_sample,,missing_expected_sample,200.0,,0,0,Fault3-condition8-opening6
,Fault3/Fault3-condition8/Fault3-condition8-7.csv,3,8,7,False,missing_expected_sample,,missing_expected_sample,200.0,,0,0,Fault3-condition8-opening7
,Fault3/Fault3-condition8/Fault3-condition8-8.csv,3,8,8,False,missing_expected_sample,,missing_expected_sample,200.0,,0,0,Fault3-condition8-opening8
,Fault3/Fault3-condition8/Fault3-condition8-9.csv,3,8,9,False,missing_expected_sample,,missing_expected_sample,200.0,,0,0,Fault3-condition8-opening9
,Fault3/Fault3-condition8/Fault3-condition8-10.csv,3,8,10,False,missing_expected_sample,,missing_expected_sample,200.0,,0,0,Fault3-condition8-opening10
,Fault3/Fault3-condition8/Fault3-condition8-11.csv,3,8,11,False,missing_expected_sample,,missing_expected_sample,200.0,,0,0,Fault3-condition8-opening11
,Fault3/Fault3-condition8/Fault3-condition8-12.csv,3,8,12,False,missing_expected_sample,,missing_expected_sample,200.0,,0,0,Fault3-condition8-opening12
,Fault3/Fault3-condition8/Fault3-condition8-13.csv,3,8,13,False,missing_expected_sample,,missing_expected_sample,200.0,,0,0,Fault3-condition8-opening13
,Fault3/Fault3-condition8/Fault3-condition8-14.csv,3,8,14,False,missing_expected_sample,,missing_expected_sample,200.0,,0,0,Fault3-condition8-opening14
,Fault3/Fault3-condition8/Fault3-condition8-15.csv,3,8,15,False,missing_expected_sample,,missing_expected_sample,200.0,,0,0,Fault3-condition8-opening15
,Fault3/Fault3-condition8/Fault3-condition8-16.csv,3,8,16,False,missing_expected_sample,,missing_expected_sample,200.0,,0,0,Fault3-condition8-opening16
,Fault3/Fault3-condition8/Fault3-condition8-17.csv,3,8,17,False,missing_expected_sample,,missing_expected_sample,200.0,,0,0,Fault3-condition8-opening17
,Fault3/Fault3-condition8/Fault3-condition8-18.csv,3,8,18,False,missing_expected_sample,,missing_expected_sample,200.0,,0,0,Fault3-condition8-opening18
,Fault3/Fault3-condition8/Fault3-condition8-19.csv,3,8,19,False,missing_expected_sample,,missing_expected_sample,200.0,,0,0,Fault3-condition8-opening19
,Fault3/Fault3-condition8/Fault3-condition8-20.csv,3,8,20,False,missing_expected_sample,,missing_expected_sample,200.0,,0,0,Fault3-condition8-opening20
,Fault3/Fault3-condition9/Fault3-condition9-1.csv,3,9,1,False,missing_expected_sample,,missing_expected_sample,200.0,,0,0,Fault3-condition9-opening1
,Fault3/Fault3-condition9/Fault3-condition9-2.csv,3,9,2,False,missing_expected_sample,,missing_expected_sample,200.0,,0,0,Fault3-condition9-opening2
,Fault3/Fault3-condition9/Fault3-condition9-3.csv,3,9,3,False,missing_expected_sample,,missing_expected_sample,200.0,,0,0,Fault3-condition9-opening3
,Fault3/Fault3-condition9/Fault3-condition9-4.csv,3,9,4,False,missing_expected_sample,,missing_expected_sample,200.0,,0,0,Fault3-condition9-opening4
,Fault3/Fault3-condition9/Fault3-condition9-5.csv,3,9,5,False,missing_expected_sample,,missing_expected_sample,200.0,,0,0,Fault3-condition9-opening5
,Fault3/Fault3-condition9/Fault3-condition9-6.csv,3,9,6,False,missing_expected_sample,,missing_expected_sample,200.0,,0,0,Fault3-condition9-opening6
,Fault3/Fault3-condition9/Fault3-condition9-7.csv,3,9,7,False,missing_expected_sample,,missing_expected_sample,200.0,,0,0,Fault3-condition9-opening7
,Fault3/Fault3-condition9/Fault3-condition9-8.csv,3,9,8,False,missing_expected_sample,,missing_expected_sample,200.0,,0,0,Fault3-condition9-opening8
,Fault3/Fault3-condition9/Fault3-condition9-9.csv,3,9,9,False,missing_expected_sample,,missing_expected_sample,200.0,,0,0,Fault3-condition9-opening9
,Fault3/Fault3-condition9/Fault3-condition9-10.csv,3,9,10,False,missing_expected_sample,,missing_expected_sample,200.0,,0,0,Fault3-condition9-opening10
,Fault3/Fault3-condition9/Fault3-condition9-11.csv,3,9,11,False,missing_expected_sample,,missing_expected_sample,200.0,,0,0,Fault3-condition9-opening11
,Fault3/Fault3-condition9/Fault3-condition9-12.csv,3,9,12,False,missing_expected_sample,,missing_expected_sample,200.0,,0,0,Fault3-condition9-opening12
,Fault3/Fault3-condition9/Fault3-condition9-13.csv,3,9,13,False,missing_expected_sample,,missing_expected_sample,200.0,,0,0,Fault3-condition9-opening13
,Fault3/Fault3-condition9/Fault3-condition9-14.csv,3,9,14,False,missing_expected_sample,,missing_expected_sample,200.0,,0,0,Fault3-condition9-opening14
,Fault3/Fault3-condition9/Fault3-condition9-15.csv,3,9,15,False,missing_expected_sample,,missing_expected_sample,200.0,,0,0,Fault3-condition9-opening15
,Fault3/Fault3-condition9/Fault3-condition9-16.csv,3,9,16,False,missing_expected_sample,,missing_expected_sample,200.0,,0,0,Fault3-condition9-opening16
,Fault3/Fault3-condition9/Fault3-condition9-17.csv,3,9,17,False,missing_expected_sample,,missing_expected_sample,200.0,,0,0,Fault3-condition9-opening17
,Fault3/Fault3-condition9/Fault3-condition9-18.csv,3,9,18,False,missing_expected_sample,,missing_expected_sample,200.0,,0,0,Fault3-condition9-opening18
,Fault3/Fault3-condition9/Fault3-condition9-19.csv,3,9,19,False,missing_expected_sample,,missing_expected_sample,200.0,,0,0,Fault3-condition9-opening19
,Fault3/Fault3-condition9/Fault3-condition9-20.csv,3,9,20,False,missing_expected_sample,,missing_expected_sample,200.0,,0,0,Fault3-condition9-opening20
,Fault3/Fault3-condition10/Fault3-condition10-1.csv,3,10,1,False,missing_expected_sample,,missing_expected_sample,200.0,,0,0,Fault3-condition10-opening1
,Fault3/Fault3-condition10/Fault3-condition10-2.csv,3,10,2,False,missing_expected_sample,,missing_expected_sample,200.0,,0,0,Fault3-condition10-opening2
,Fault3/Fault3-condition10/Fault3-condition10-3.csv,3,10,3,False,missing_expected_sample,,missing_expected_sample,200.0,,0,0,Fault3-condition10-opening3
,Fault3/Fault3-condition10/Fault3-condition10-4.csv,3,10,4,False,missing_expected_sample,,missing_expected_sample,200.0,,0,0,Fault3-condition10-opening4
,Fault3/Fault3-condition10/Fault3-condition10-5.csv,3,10,5,False,missing_expected_sample,,missing_expected_sample,200.0,,0,0,Fault3-condition10-opening5
,Fault3/Fault3-condition10/Fault3-condition10-6.csv,3,10,6,False,missing_expected_sample,,missing_expected_sample,200.0,,0,0,Fault3-condition10-opening6
,Fault3/Fault3-condition10/Fault3-condition10-7.csv,3,10,7,False,missing_expected_sample,,missing_expected_sample,200.0,,0,0,Fault3-condition10-opening7
,Fault3/Fault3-condition10/Fault3-condition10-8.csv,3,10,8,False,missing_expected_sample,,missing_expected_sample,200.0,,0,0,Fault3-condition10-opening8
,Fault3/Fault3-condition10/Fault3-condition10-9.csv,3,10,9,False,missing_expected_sample,,missing_expected_sample,200.0,,0,0,Fault3-condition10-opening9
,Fault3/Fault3-condition10/Fault3-condition10-10.csv,3,10,10,False,missing_expected_sample,,missing_expected_sample,200.0,,0,0,Fault3-condition10-opening10
,Fault3/Fault3-condition10/Fault3-condition10-11.csv,3,10,11,False,missing_expected_sample,,missing_expected_sample,200.0,,0,0,Fault3-condition10-opening11
,Fault3/Fault3-condition10/Fault3-condition10-12.csv,3,10,12,False,missing_expected_sample,,missing_expected_sample,200.0,,0,0,Fault3-condition10-opening12
,Fault3/Fault3-condition10/Fault3-condition10-13.csv,3,10,13,False,missing_expected_sample,,missing_expected_sample,200.0,,0,0,Fault3-condition10-opening13
,Fault3/Fault3-condition10/Fault3-condition10-14.csv,3,10,14,False,missing_expected_sample,,missing_expected_sample,200.0,,0,0,Fault3-condition10-opening14
,Fault3/Fault3-condition10/Fault3-condition10-15.csv,3,10,15,False,missing_expected_sample,,missing_expected_sample,200.0,,0,0,Fault3-condition10-opening15
,Fault3/Fault3-condition10/Fault3-condition10-16.csv,3,10,16,False,missing_expected_sample,,missing_expected_sample,200.0,,0,0,Fault3-condition10-opening16
,Fault3/Fault3-condition10/Fault3-condition10-17.csv,3,10,17,False,missing_expected_sample,,missing_expected_sample,200.0,,0,0,Fault3-condition10-opening17
,Fault3/Fault3-condition10/Fault3-condition10-18.csv,3,10,18,False,missing_expected_sample,,missing_expected_sample,200.0,,0,0,Fault3-condition10-opening18
,Fault3/Fault3-condition10/Fault3-condition10-19.csv,3,10,19,False,missing_expected_sample,,missing_expected_sample,200.0,,0,0,Fault3-condition10-opening19
,Fault3/Fault3-condition10/Fault3-condition10-20.csv,3,10,20,False,missing_expected_sample,,missing_expected_sample,200.0,,0,0,Fault3-condition10-opening20
,Fault4/Fault4-condition1/Fault4-condition1-1.csv,4,1,1,False,missing_expected_sample,,missing_expected_sample,200.0,,0,0,Fault4-condition1-opening1
,Fault4/Fault4-condition1/Fault4-condition1-2.csv,4,1,2,False,missing_expected_sample,,missing_expected_sample,200.0,,0,0,Fault4-condition1-opening2
,Fault4/Fault4-condition1/Fault4-condition1-3.csv,4,1,3,False,missing_expected_sample,,missing_expected_sample,200.0,,0,0,Fault4-condition1-opening3
,Fault4/Fault4-condition1/Fault4-condition1-4.csv,4,1,4,False,missing_expected_sample,,missing_expected_sample,200.0,,0,0,Fault4-condition1-opening4
,Fault4/Fault4-condition1/Fault4-condition1-5.csv,4,1,5,False,missing_expected_sample,,missing_expected_sample,200.0,,0,0,Fault4-condition1-opening5
,Fault4/Fault4-condition1/Fault4-condition1-6.csv,4,1,6,False,missing_expected_sample,,missing_expected_sample,200.0,,0,0,Fault4-condition1-opening6
,Fault4/Fault4-condition1/Fault4-condition1-7.csv,4,1,7,False,missing_expected_sample,,missing_expected_sample,200.0,,0,0,Fault4-condition1-opening7
,Fault4/Fault4-condition1/Fault4-condition1-8.csv,4,1,8,False,missing_expected_sample,,missing_expected_sample,200.0,,0,0,Fault4-condition1-opening8
,Fault4/Fault4-condition1/Fault4-condition1-9.csv,4,1,9,False,missing_expected_sample,,missing_expected_sample,200.0,,0,0,Fault4-condition1-opening9
,Fault4/Fault4-condition1/Fault4-condition1-10.csv,4,1,10,False,missing_expected_sample,,missing_expected_sample,200.0,,0,0,Fault4-condition1-opening10
,Fault4/Fault4-condition1/Fault4-condition1-11.csv,4,1,11,False,missing_expected_sample,,missing_expected_sample,200.0,,0,0,Fault4-condition1-opening11
,Fault4/Fault4-condition1/Fault4-condition1-12.csv,4,1,12,False,missing_expected_sample,,missing_expected_sample,200.0,,0,0,Fault4-condition1-opening12
,Fault4/Fault4-condition1/Fault4-condition1-13.csv,4,1,13,False,missing_expected_sample,,missing_expected_sample,200.0,,0,0,Fault4-condition1-opening13
,Fault4/Fault4-condition1/Fault4-condition1-14.csv,4,1,14,False,missing_expected_sample,,missing_expected_sample,200.0,,0,0,Fault4-condition1-opening14
,Fault4/Fault4-condition1/Fault4-condition1-15.csv,4,1,15,False,missing_expected_sample,,missing_expected_sample,200.0,,0,0,Fault4-condition1-opening15
,Fault4/Fault4-condition1/Fault4-condition1-16.csv,4,1,16,False,missing_expected_sample,,missing_expected_sample,200.0,,0,0,Fault4-condition1-opening16
,Fault4/Fault4-condition1/Fault4-condition1-17.csv,4,1,17,False,missing_expected_sample,,missing_expected_sample,200.0,,0,0,Fault4-condition1-opening17
,Fault4/Fault4-condition1/Fault4-condition1-18.csv,4,1,18,False,missing_expected_sample,,missing_expected_sample,200.0,,0,0,Fault4-condition1-opening18
,Fault4/Fault4-condition1/Fault4-condition1-19.csv,4,1,19,False,missing_expected_sample,,missing_expected_sample,200.0,,0,0,Fault4-condition1-opening19
,Fault4/Fault4-condition1/Fault4-condition1-20.csv,4,1,20,False,missing_expected_sample,,missing_expected_sample,200.0,,0,0,Fault4-condition1-opening20
,Fault4/Fault4-condition2/Fault4-condition2-1.csv,4,2,1,False,missing_expected_sample,,missing_expected_sample,200.0,,0,0,Fault4-condition2-opening1
,Fault4/Fault4-condition2/Fault4-condition2-2.csv,4,2,2,False,missing_expected_sample,,missing_expected_sample,200.0,,0,0,Fault4-condition2-opening2
,Fault4/Fault4-condition2/Fault4-condition2-3.csv,4,2,3,False,missing_expected_sample,,missing_expected_sample,200.0,,0,0,Fault4-condition2-opening3
,Fault4/Fault4-condition2/Fault4-condition2-4.csv,4,2,4,False,missing_expected_sample,,missing_expected_sample,200.0,,0,0,Fault4-condition2-opening4
,Fault4/Fault4-condition2/Fault4-condition2-5.csv,4,2,5,False,missing_expected_sample,,missing_expected_sample,200.0,,0,0,Fault4-condition2-opening5
,Fault4/Fault4-condition2/Fault4-condition2-6.csv,4,2,6,False,missing_expected_sample,,missing_expected_sample,200.0,,0,0,Fault4-condition2-opening6
,Fault4/Fault4-condition2/Fault4-condition2-7.csv,4,2,7,False,missing_expected_sample,,missing_expected_sample,200.0,,0,0,Fault4-condition2-opening7
,Fault4/Fault4-condition2/Fault4-condition2-8.csv,4,2,8,False,missing_expected_sample,,missing_expected_sample,200.0,,0,0,Fault4-condition2-opening8
,Fault4/Fault4-condition2/Fault4-condition2-9.csv,4,2,9,False,missing_expected_sample,,missing_expected_sample,200.0,,0,0,Fault4-condition2-opening9
,Fault4/Fault4-condition2/Fault4-condition2-10.csv,4,2,10,False,missing_expected_sample,,missing_expected_sample,200.0,,0,0,Fault4-condition2-opening10
,Fault4/Fault4-condition2/Fault4-condition2-11.csv,4,2,11,False,missing_expected_sample,,missing_expected_sample,200.0,,0,0,Fault4-condition2-opening11
,Fault4/Fault4-condition2/Fault4-condition2-12.csv,4,2,12,False,missing_expected_sample,,missing_expected_sample,200.0,,0,0,Fault4-condition2-opening12
,Fault4/Fault4-condition2/Fault4-condition2-13.csv,4,2,13,False,missing_expected_sample,,missing_expected_sample,200.0,,0,0,Fault4-condition2-opening13
,Fault4/Fault4-condition2/Fault4-condition2-14.csv,4,2,14,False,missing_expected_sample,,missing_expected_sample,200.0,,0,0,Fault4-condition2-opening14
,Fault4/Fault4-condition2/Fault4-condition2-15.csv,4,2,15,False,missing_expected_sample,,missing_expected_sample,200.0,,0,0,Fault4-condition2-opening15
,Fault4/Fault4-condition2/Fault4-condition2-16.csv,4,2,16,False,missing_expected_sample,,missing_expected_sample,200.0,,0,0,Fault4-condition2-opening16
,Fault4/Fault4-condition2/Fault4-condition2-17.csv,4,2,17,False,missing_expected_sample,,missing_expected_sample,200.0,,0,0,Fault4-condition2-opening17
,Fault4/Fault4-condition2/Fault4-condition2-18.csv,4,2,18,False,missing_expected_sample,,missing_expected_sample,200.0,,0,0,Fault4-condition2-opening18
,Fault4/Fault4-condition2/Fault4-condition2-19.csv,4,2,19,False,missing_expected_sample,,missing_expected_sample,200.0,,0,0,Fault4-condition2-opening19
,Fault4/Fault4-condition2/Fault4-condition2-20.csv,4,2,20,False,missing_expected_sample,,missing_expected_sample,200.0,,0,0,Fault4-condition2-opening20
,Fault4/Fault4-condition3/Fault4-condition3-1.csv,4,3,1,False,missing_expected_sample,,missing_expected_sample,200.0,,0,0,Fault4-condition3-opening1
,Fault4/Fault4-condition3/Fault4-condition3-2.csv,4,3,2,False,missing_expected_sample,,missing_expected_sample,200.0,,0,0,Fault4-condition3-opening2
,Fault4/Fault4-condition3/Fault4-condition3-3.csv,4,3,3,False,missing_expected_sample,,missing_expected_sample,200.0,,0,0,Fault4-condition3-opening3
,Fault4/Fault4-condition3/Fault4-condition3-4.csv,4,3,4,False,missing_expected_sample,,missing_expected_sample,200.0,,0,0,Fault4-condition3-opening4
,Fault4/Fault4-condition3/Fault4-condition3-5.csv,4,3,5,False,missing_expected_sample,,missing_expected_sample,200.0,,0,0,Fault4-condition3-opening5
,Fault4/Fault4-condition3/Fault4-condition3-6.csv,4,3,6,False,missing_expected_sample,,missing_expected_sample,200.0,,0,0,Fault4-condition3-opening6
,Fault4/Fault4-condition3/Fault4-condition3-7.csv,4,3,7,False,missing_expected_sample,,missing_expected_sample,200.0,,0,0,Fault4-condition3-opening7
,Fault4/Fault4-condition3/Fault4-condition3-8.csv,4,3,8,False,missing_expected_sample,,missing_expected_sample,200.0,,0,0,Fault4-condition3-opening8
,Fault4/Fault4-condition3/Fault4-condition3-9.csv,4,3,9,False,missing_expected_sample,,missing_expected_sample,200.0,,0,0,Fault4-condition3-opening9
,Fault4/Fault4-condition3/Fault4-condition3-10.csv,4,3,10,False,missing_expected_sample,,missing_expected_sample,200.0,,0,0,Fault4-condition3-opening10
,Fault4/Fault4-condition3/Fault4-condition3-11.csv,4,3,11,False,missing_expected_sample,,missing_expected_sample,200.0,,0,0,Fault4-condition3-opening11
,Fault4/Fault4-condition3/Fault4-condition3-12.csv,4,3,12,False,missing_expected_sample,,missing_expected_sample,200.0,,0,0,Fault4-condition3-opening12
,Fault4/Fault4-condition3/Fault4-condition3-13.csv,4,3,13,False,missing_expected_sample,,missing_expected_sample,200.0,,0,0,Fault4-condition3-opening13
,Fault4/Fault4-condition3/Fault4-condition3-14.csv,4,3,14,False,missing_expected_sample,,missing_expected_sample,200.0,,0,0,Fault4-condition3-opening14
,Fault4/Fault4-condition3/Fault4-condition3-15.csv,4,3,15,False,missing_expected_sample,,missing_expected_sample,200.0,,0,0,Fault4-condition3-opening15
,Fault4/Fault4-condition3/Fault4-condition3-16.csv,4,3,16,False,missing_expected_sample,,missing_expected_sample,200.0,,0,0,Fault4-condition3-opening16
,Fault4/Fault4-condition3/Fault4-condition3-17.csv,4,3,17,False,missing_expected_sample,,missing_expected_sample,200.0,,0,0,Fault4-condition3-opening17
,Fault4/Fault4-condition3/Fault4-condition3-18.csv,4,3,18,False,missing_expected_sample,,missing_expected_sample,200.0,,0,0,Fault4-condition3-opening18
,Fault4/Fault4-condition3/Fault4-condition3-19.csv,4,3,19,False,missing_expected_sample,,missing_expected_sample,200.0,,0,0,Fault4-condition3-opening19
,Fault4/Fault4-condition3/Fault4-condition3-20.csv,4,3,20,False,missing_expected_sample,,missing_expected_sample,200.0,,0,0,Fault4-condition3-opening20
,Fault4/Fault4-condition4/Fault4-condition4-1.csv,4,4,1,False,missing_expected_sample,,missing_expected_sample,200.0,,0,0,Fault4-condition4-opening1
,Fault4/Fault4-condition4/Fault4-condition4-2.csv,4,4,2,False,missing_expected_sample,,missing_expected_sample,200.0,,0,0,Fault4-condition4-opening2
,Fault4/Fault4-condition4/Fault4-condition4-3.csv,4,4,3,False,missing_expected_sample,,missing_expected_sample,200.0,,0,0,Fault4-condition4-opening3
,Fault4/Fault4-condition4/Fault4-condition4-4.csv,4,4,4,False,missing_expected_sample,,missing_expected_sample,200.0,,0,0,Fault4-condition4-opening4
,Fault4/Fault4-condition4/Fault4-condition4-5.csv,4,4,5,False,missing_expected_sample,,missing_expected_sample,200.0,,0,0,Fault4-condition4-opening5
,Fault4/Fault4-condition4/Fault4-condition4-6.csv,4,4,6,False,missing_expected_sample,,missing_expected_sample,200.0,,0,0,Fault4-condition4-opening6
,Fault4/Fault4-condition4/Fault4-condition4-7.csv,4,4,7,False,missing_expected_sample,,missing_expected_sample,200.0,,0,0,Fault4-condition4-opening7
,Fault4/Fault4-condition4/Fault4-condition4-8.csv,4,4,8,False,missing_expected_sample,,missing_expected_sample,200.0,,0,0,Fault4-condition4-opening8
,Fault4/Fault4-condition4/Fault4-condition4-9.csv,4,4,9,False,missing_expected_sample,,missing_expected_sample,200.0,,0,0,Fault4-condition4-opening9
,Fault4/Fault4-condition4/Fault4-condition4-10.csv,4,4,10,False,missing_expected_sample,,missing_expected_sample,200.0,,0,0,Fault4-condition4-opening10
,Fault4/Fault4-condition4/Fault4-condition4-11.csv,4,4,11,False,missing_expected_sample,,missing_expected_sample,200.0,,0,0,Fault4-condition4-opening11
,Fault4/Fault4-condition4/Fault4-condition4-12.csv,4,4,12,False,missing_expected_sample,,missing_expected_sample,200.0,,0,0,Fault4-condition4-opening12
,Fault4/Fault4-condition4/Fault4-condition4-13.csv,4,4,13,False,missing_expected_sample,,missing_expected_sample,200.0,,0,0,Fault4-condition4-opening13
,Fault4/Fault4-condition4/Fault4-condition4-14.csv,4,4,14,False,missing_expected_sample,,missing_expected_sample,200.0,,0,0,Fault4-condition4-opening14
,Fault4/Fault4-condition4/Fault4-condition4-15.csv,4,4,15,False,missing_expected_sample,,missing_expected_sample,200.0,,0,0,Fault4-condition4-opening15
,Fault4/Fault4-condition4/Fault4-condition4-16.csv,4,4,16,False,missing_expected_sample,,missing_expected_sample,200.0,,0,0,Fault4-condition4-opening16
,Fault4/Fault4-condition4/Fault4-condition4-17.csv,4,4,17,False,missing_expected_sample,,missing_expected_sample,200.0,,0,0,Fault4-condition4-opening17
,Fault4/Fault4-condition4/Fault4-condition4-18.csv,4,4,18,False,missing_expected_sample,,missing_expected_sample,200.0,,0,0,Fault4-condition4-opening18
,Fault4/Fault4-condition4/Fault4-condition4-19.csv,4,4,19,False,missing_expected_sample,,missing_expected_sample,200.0,,0,0,Fault4-condition4-opening19
,Fault4/Fault4-condition4/Fault4-condition4-20.csv,4,4,20,False,missing_expected_sample,,missing_expected_sample,200.0,,0,0,Fault4-condition4-opening20
,Fault4/Fault4-condition5/Fault4-condition5-1.csv,4,5,1,False,missing_expected_sample,,missing_expected_sample,200.0,,0,0,Fault4-condition5-opening1
,Fault4/Fault4-condition5/Fault4-condition5-2.csv,4,5,2,False,missing_expected_sample,,missing_expected_sample,200.0,,0,0,Fault4-condition5-opening2
,Fault4/Fault4-condition5/Fault4-condition5-3.csv,4,5,3,False,missing_expected_sample,,missing_expected_sample,200.0,,0,0,Fault4-condition5-opening3
,Fault4/Fault4-condition5/Fault4-condition5-4.csv,4,5,4,False,missing_expected_sample,,missing_expected_sample,200.0,,0,0,Fault4-condition5-opening4
,Fault4/Fault4-condition5/Fault4-condition5-5.csv,4,5,5,False,missing_expected_sample,,missing_expected_sample,200.0,,0,0,Fault4-condition5-opening5
,Fault4/Fault4-condition5/Fault4-condition5-6.csv,4,5,6,False,missing_expected_sample,,missing_expected_sample,200.0,,0,0,Fault4-condition5-opening6
,Fault4/Fault4-condition5/Fault4-condition5-7.csv,4,5,7,False,missing_expected_sample,,missing_expected_sample,200.0,,0,0,Fault4-condition5-opening7
,Fault4/Fault4-condition5/Fault4-condition5-8.csv,4,5,8,False,missing_expected_sample,,missing_expected_sample,200.0,,0,0,Fault4-condition5-opening8
,Fault4/Fault4-condition5/Fault4-condition5-9.csv,4,5,9,False,missing_expected_sample,,missing_expected_sample,200.0,,0,0,Fault4-condition5-opening9
,Fault4/Fault4-condition5/Fault4-condition5-10.csv,4,5,10,False,missing_expected_sample,,missing_expected_sample,200.0,,0,0,Fault4-condition5-opening10
,Fault4/Fault4-condition5/Fault4-condition5-11.csv,4,5,11,False,missing_expected_sample,,missing_expected_sample,200.0,,0,0,Fault4-condition5-opening11
,Fault4/Fault4-condition5/Fault4-condition5-12.csv,4,5,12,False,missing_expected_sample,,missing_expected_sample,200.0,,0,0,Fault4-condition5-opening12
,Fault4/Fault4-condition5/Fault4-condition5-13.csv,4,5,13,False,missing_expected_sample,,missing_expected_sample,200.0,,0,0,Fault4-condition5-opening13
,Fault4/Fault4-condition5/Fault4-condition5-14.csv,4,5,14,False,missing_expected_sample,,missing_expected_sample,200.0,,0,0,Fault4-condition5-opening14
,Fault4/Fault4-condition5/Fault4-condition5-15.csv,4,5,15,False,missing_expected_sample,,missing_expected_sample,200.0,,0,0,Fault4-condition5-opening15
,Fault4/Fault4-condition5/Fault4-condition5-16.csv,4,5,16,False,missing_expected_sample,,missing_expected_sample,200.0,,0,0,Fault4-condition5-opening16
,Fault4/Fault4-condition5/Fault4-condition5-17.csv,4,5,17,False,missing_expected_sample,,missing_expected_sample,200.0,,0,0,Fault4-condition5-opening17
,Fault4/Fault4-condition5/Fault4-condition5-18.csv,4,5,18,False,missing_expected_sample,,missing_expected_sample,200.0,,0,0,Fault4-condition5-opening18
,Fault4/Fault4-condition5/Fault4-condition5-19.csv,4,5,19,False,missing_expected_sample,,missing_expected_sample,200.0,,0,0,Fault4-condition5-opening19
,Fault4/Fault4-condition5/Fault4-condition5-20.csv,4,5,20,False,missing_expected_sample,,missing_expected_sample,200.0,,0,0,Fault4-condition5-opening20
,Fault4/Fault4-condition6/Fault4-condition6-1.csv,4,6,1,False,missing_expected_sample,,missing_expected_sample,200.0,,0,0,Fault4-condition6-opening1
,Fault4/Fault4-condition6/Fault4-condition6-2.csv,4,6,2,False,missing_expected_sample,,missing_expected_sample,200.0,,0,0,Fault4-condition6-opening2
,Fault4/Fault4-condition6/Fault4-condition6-3.csv,4,6,3,False,missing_expected_sample,,missing_expected_sample,200.0,,0,0,Fault4-condition6-opening3
,Fault4/Fault4-condition6/Fault4-condition6-4.csv,4,6,4,False,missing_expected_sample,,missing_expected_sample,200.0,,0,0,Fault4-condition6-opening4
,Fault4/Fault4-condition6/Fault4-condition6-5.csv,4,6,5,False,missing_expected_sample,,missing_expected_sample,200.0,,0,0,Fault4-condition6-opening5
,Fault4/Fault4-condition6/Fault4-condition6-6.csv,4,6,6,False,missing_expected_sample,,missing_expected_sample,200.0,,0,0,Fault4-condition6-opening6
,Fault4/Fault4-condition6/Fault4-condition6-7.csv,4,6,7,False,missing_expected_sample,,missing_expected_sample,200.0,,0,0,Fault4-condition6-opening7
,Fault4/Fault4-condition6/Fault4-condition6-8.csv,4,6,8,False,missing_expected_sample,,missing_expected_sample,200.0,,0,0,Fault4-condition6-opening8
,Fault4/Fault4-condition6/Fault4-condition6-9.csv,4,6,9,False,missing_expected_sample,,missing_expected_sample,200.0,,0,0,Fault4-condition6-opening9
,Fault4/Fault4-condition6/Fault4-condition6-10.csv,4,6,10,False,missing_expected_sample,,missing_expected_sample,200.0,,0,0,Fault4-condition6-opening10
,Fault4/Fault4-condition6/Fault4-condition6-11.csv,4,6,11,False,missing_expected_sample,,missing_expected_sample,200.0,,0,0,Fault4-condition6-opening11
,Fault4/Fault4-condition6/Fault4-condition6-12.csv,4,6,12,False,missing_expected_sample,,missing_expected_sample,200.0,,0,0,Fault4-condition6-opening12
,Fault4/Fault4-condition6/Fault4-condition6-13.csv,4,6,13,False,missing_expected_sample,,missing_expected_sample,200.0,,0,0,Fault4-condition6-opening13
,Fault4/Fault4-condition6/Fault4-condition6-14.csv,4,6,14,False,missing_expected_sample,,missing_expected_sample,200.0,,0,0,Fault4-condition6-opening14
,Fault4/Fault4-condition6/Fault4-condition6-15.csv,4,6,15,False,missing_expected_sample,,missing_expected_sample,200.0,,0,0,Fault4-condition6-opening15
,Fault4/Fault4-condition6/Fault4-condition6-16.csv,4,6,16,False,missing_expected_sample,,missing_expected_sample,200.0,,0,0,Fault4-condition6-opening16
,Fault4/Fault4-condition6/Fault4-condition6-17.csv,4,6,17,False,missing_expected_sample,,missing_expected_sample,200.0,,0,0,Fault4-condition6-opening17
,Fault4/Fault4-condition6/Fault4-condition6-18.csv,4,6,18,False,missing_expected_sample,,missing_expected_sample,200.0,,0,0,Fault4-condition6-opening18
,Fault4/Fault4-condition6/Fault4-condition6-19.csv,4,6,19,False,missing_expected_sample,,missing_expected_sample,200.0,,0,0,Fault4-condition6-opening19
,Fault4/Fault4-condition6/Fault4-condition6-20.csv,4,6,20,False,missing_expected_sample,,missing_expected_sample,200.0,,0,0,Fault4-condition6-opening20
,Fault4/Fault4-condition7/Fault4-condition7-1.csv,4,7,1,False,missing_expected_sample,,missing_expected_sample,200.0,,0,0,Fault4-condition7-opening1
,Fault4/Fault4-condition7/Fault4-condition7-2.csv,4,7,2,False,missing_expected_sample,,missing_expected_sample,200.0,,0,0,Fault4-condition7-opening2
,Fault4/Fault4-condition7/Fault4-condition7-3.csv,4,7,3,False,missing_expected_sample,,missing_expected_sample,200.0,,0,0,Fault4-condition7-opening3
,Fault4/Fault4-condition7/Fault4-condition7-4.csv,4,7,4,False,missing_expected_sample,,missing_expected_sample,200.0,,0,0,Fault4-condition7-opening4
,Fault4/Fault4-condition7/Fault4-condition7-5.csv,4,7,5,False,missing_expected_sample,,missing_expected_sample,200.0,,0,0,Fault4-condition7-opening5
,Fault4/Fault4-condition7/Fault4-condition7-6.csv,4,7,6,False,missing_expected_sample,,missing_expected_sample,200.0,,0,0,Fault4-condition7-opening6
,Fault4/Fault4-condition7/Fault4-condition7-7.csv,4,7,7,False,missing_expected_sample,,missing_expected_sample,200.0,,0,0,Fault4-condition7-opening7
,Fault4/Fault4-condition7/Fault4-condition7-8.csv,4,7,8,False,missing_expected_sample,,missing_expected_sample,200.0,,0,0,Fault4-condition7-opening8
,Fault4/Fault4-condition7/Fault4-condition7-9.csv,4,7,9,False,missing_expected_sample,,missing_expected_sample,200.0,,0,0,Fault4-condition7-opening9
,Fault4/Fault4-condition7/Fault4-condition7-10.csv,4,7,10,False,missing_expected_sample,,missing_expected_sample,200.0,,0,0,Fault4-condition7-opening10
,Fault4/Fault4-condition7/Fault4-condition7-11.csv,4,7,11,False,missing_expected_sample,,missing_expected_sample,200.0,,0,0,Fault4-condition7-opening11
,Fault4/Fault4-condition7/Fault4-condition7-12.csv,4,7,12,False,missing_expected_sample,,missing_expected_sample,200.0,,0,0,Fault4-condition7-opening12
,Fault4/Fault4-condition7/Fault4-condition7-13.csv,4,7,13,False,missing_expected_sample,,missing_expected_sample,200.0,,0,0,Fault4-condition7-opening13
,Fault4/Fault4-condition7/Fault4-condition7-14.csv,4,7,14,False,missing_expected_sample,,missing_expected_sample,200.0,,0,0,Fault4-condition7-opening14
,Fault4/Fault4-condition7/Fault4-condition7-15.csv,4,7,15,False,missing_expected_sample,,missing_expected_sample,200.0,,0,0,Fault4-condition7-opening15
,Fault4/Fault4-condition7/Fault4-condition7-16.csv,4,7,16,False,missing_expected_sample,,missing_expected_sample,200.0,,0,0,Fault4-condition7-opening16
,Fault4/Fault4-condition7/Fault4-condition7-17.csv,4,7,17,False,missing_expected_sample,,missing_expected_sample,200.0,,0,0,Fault4-condition7-opening17
,Fault4/Fault4-condition7/Fault4-condition7-18.csv,4,7,18,False,missing_expected_sample,,missing_expected_sample,200.0,,0,0,Fault4-condition7-opening18
,Fault4/Fault4-condition7/Fault4-condition7-19.csv,4,7,19,False,missing_expected_sample,,missing_expected_sample,200.0,,0,0,Fault4-condition7-opening19
,Fault4/Fault4-condition7/Fault4-condition7-20.csv,4,7,20,False,missing_expected_sample,,missing_expected_sample,200.0,,0,0,Fault4-condition7-opening20
,Fault4/Fault4-condition8/Fault4-condition8-1.csv,4,8,1,False,missing_expected_sample,,missing_expected_sample,200.0,,0,0,Fault4-condition8-opening1
,Fault4/Fault4-condition8/Fault4-condition8-2.csv,4,8,2,False,missing_expected_sample,,missing_expected_sample,200.0,,0,0,Fault4-condition8-opening2
,Fault4/Fault4-condition8/Fault4-condition8-3.csv,4,8,3,False,missing_expected_sample,,missing_expected_sample,200.0,,0,0,Fault4-condition8-opening3
,Fault4/Fault4-condition8/Fault4-condition8-4.csv,4,8,4,False,missing_expected_sample,,missing_expected_sample,200.0,,0,0,Fault4-condition8-opening4
,Fault4/Fault4-condition8/Fault4-condition8-5.csv,4,8,5,False,missing_expected_sample,,missing_expected_sample,200.0,,0,0,Fault4-condition8-opening5
,Fault4/Fault4-condition8/Fault4-condition8-6.csv,4,8,6,False,missing_expected_sample,,missing_expected_sample,200.0,,0,0,Fault4-condition8-opening6
,Fault4/Fault4-condition8/Fault4-condition8-7.csv,4,8,7,False,missing_expected_sample,,missing_expected_sample,200.0,,0,0,Fault4-condition8-opening7
,Fault4/Fault4-condition8/Fault4-condition8-8.csv,4,8,8,False,missing_expected_sample,,missing_expected_sample,200.0,,0,0,Fault4-condition8-opening8
,Fault4/Fault4-condition8/Fault4-condition8-9.csv,4,8,9,False,missing_expected_sample,,missing_expected_sample,200.0,,0,0,Fault4-condition8-opening9
,Fault4/Fault4-condition8/Fault4-condition8-10.csv,4,8,10,False,missing_expected_sample,,missing_expected_sample,200.0,,0,0,Fault4-condition8-opening10
,Fault4/Fault4-condition8/Fault4-condition8-11.csv,4,8,11,False,missing_expected_sample,,missing_expected_sample,200.0,,0,0,Fault4-condition8-opening11
,Fault4/Fault4-condition8/Fault4-condition8-12.csv,4,8,12,False,missing_expected_sample,,missing_expected_sample,200.0,,0,0,Fault4-condition8-opening12
,Fault4/Fault4-condition8/Fault4-condition8-13.csv,4,8,13,False,missing_expected_sample,,missing_expected_sample,200.0,,0,0,Fault4-condition8-opening13
,Fault4/Fault4-condition8/Fault4-condition8-14.csv,4,8,14,False,missing_expected_sample,,missing_expected_sample,200.0,,0,0,Fault4-condition8-opening14
,Fault4/Fault4-condition8/Fault4-condition8-15.csv,4,8,15,False,missing_expected_sample,,missing_expected_sample,200.0,,0,0,Fault4-condition8-opening15
,Fault4/Fault4-condition8/Fault4-condition8-16.csv,4,8,16,False,missing_expected_sample,,missing_expected_sample,200.0,,0,0,Fault4-condition8-opening16
,Fault4/Fault4-condition8/Fault4-condition8-17.csv,4,8,17,False,missing_expected_sample,,missing_expected_sample,200.0,,0,0,Fault4-condition8-opening17
,Fault4/Fault4-condition8/Fault4-condition8-18.csv,4,8,18,False,missing_expected_sample,,missing_expected_sample,200.0,,0,0,Fault4-condition8-opening18
,Fault4/Fault4-condition8/Fault4-condition8-19.csv,4,8,19,False,missing_expected_sample,,missing_expected_sample,200.0,,0,0,Fault4-condition8-opening19
,Fault4/Fault4-condition8/Fault4-condition8-20.csv,4,8,20,False,missing_expected_sample,,missing_expected_sample,200.0,,0,0,Fault4-condition8-opening20
,Fault4/Fault4-condition9/Fault4-condition9-1.csv,4,9,1,False,missing_expected_sample,,missing_expected_sample,200.0,,0,0,Fault4-condition9-opening1
,Fault4/Fault4-condition9/Fault4-condition9-2.csv,4,9,2,False,missing_expected_sample,,missing_expected_sample,200.0,,0,0,Fault4-condition9-opening2
,Fault4/Fault4-condition9/Fault4-condition9-3.csv,4,9,3,False,missing_expected_sample,,missing_expected_sample,200.0,,0,0,Fault4-condition9-opening3
,Fault4/Fault4-condition9/Fault4-condition9-4.csv,4,9,4,False,missing_expected_sample,,missing_expected_sample,200.0,,0,0,Fault4-condition9-opening4
,Fault4/Fault4-condition9/Fault4-condition9-5.csv,4,9,5,False,missing_expected_sample,,missing_expected_sample,200.0,,0,0,Fault4-condition9-opening5
,Fault4/Fault4-condition9/Fault4-condition9-6.csv,4,9,6,False,missing_expected_sample,,missing_expected_sample,200.0,,0,0,Fault4-condition9-opening6
,Fault4/Fault4-condition9/Fault4-condition9-7.csv,4,9,7,False,missing_expected_sample,,missing_expected_sample,200.0,,0,0,Fault4-condition9-opening7
,Fault4/Fault4-condition9/Fault4-condition9-8.csv,4,9,8,False,missing_expected_sample,,missing_expected_sample,200.0,,0,0,Fault4-condition9-opening8
,Fault4/Fault4-condition9/Fault4-condition9-9.csv,4,9,9,False,missing_expected_sample,,missing_expected_sample,200.0,,0,0,Fault4-condition9-opening9
,Fault4/Fault4-condition9/Fault4-condition9-10.csv,4,9,10,False,missing_expected_sample,,missing_expected_sample,200.0,,0,0,Fault4-condition9-opening10
,Fault4/Fault4-condition9/Fault4-condition9-11.csv,4,9,11,False,missing_expected_sample,,missing_expected_sample,200.0,,0,0,Fault4-condition9-opening11
,Fault4/Fault4-condition9/Fault4-condition9-12.csv,4,9,12,False,missing_expected_sample,,missing_expected_sample,200.0,,0,0,Fault4-condition9-opening12
,Fault4/Fault4-condition9/Fault4-condition9-13.csv,4,9,13,False,missing_expected_sample,,missing_expected_sample,200.0,,0,0,Fault4-condition9-opening13
,Fault4/Fault4-condition9/Fault4-condition9-14.csv,4,9,14,False,missing_expected_sample,,missing_expected_sample,200.0,,0,0,Fault4-condition9-opening14
,Fault4/Fault4-condition9/Fault4-condition9-15.csv,4,9,15,False,missing_expected_sample,,missing_expected_sample,200.0,,0,0,Fault4-condition9-opening15
,Fault4/Fault4-condition9/Fault4-condition9-16.csv,4,9,16,False,missing_expected_sample,,missing_expected_sample,200.0,,0,0,Fault4-condition9-opening16
,Fault4/Fault4-condition9/Fault4-condition9-17.csv,4,9,17,False,missing_expected_sample,,missing_expected_sample,200.0,,0,0,Fault4-condition9-opening17
,Fault4/Fault4-condition9/Fault4-condition9-18.csv,4,9,18,False,missing_expected_sample,,missing_expected_sample,200.0,,0,0,Fault4-condition9-opening18
,Fault4/Fault4-condition9/Fault4-condition9-19.csv,4,9,19,False,missing_expected_sample,,missing_expected_sample,200.0,,0,0,Fault4-condition9-opening19
,Fault4/Fault4-condition9/Fault4-condition9-20.csv,4,9,20,False,missing_expected_sample,,missing_expected_sample,200.0,,0,0,Fault4-condition9-opening20
,Fault4/Fault4-condition10/Fault4-condition10-1.csv,4,10,1,False,missing_expected_sample,,missing_expected_sample,200.0,,0,0,Fault4-condition10-opening1
,Fault4/Fault4-condition10/Fault4-condition10-2.csv,4,10,2,False,missing_expected_sample,,missing_expected_sample,200.0,,0,0,Fault4-condition10-opening2
,Fault4/Fault4-condition10/Fault4-condition10-3.csv,4,10,3,False,missing_expected_sample,,missing_expected_sample,200.0,,0,0,Fault4-condition10-opening3
,Fault4/Fault4-condition10/Fault4-condition10-4.csv,4,10,4,False,missing_expected_sample,,missing_expected_sample,200.0,,0,0,Fault4-condition10-opening4
,Fault4/Fault4-condition10/Fault4-condition10-5.csv,4,10,5,False,missing_expected_sample,,missing_expected_sample,200.0,,0,0,Fault4-condition10-opening5
,Fault4/Fault4-condition10/Fault4-condition10-6.csv,4,10,6,False,missing_expected_sample,,missing_expected_sample,200.0,,0,0,Fault4-condition10-opening6
,Fault4/Fault4-condition10/Fault4-condition10-7.csv,4,10,7,False,missing_expected_sample,,missing_expected_sample,200.0,,0,0,Fault4-condition10-opening7
,Fault4/Fault4-condition10/Fault4-condition10-8.csv,4,10,8,False,missing_expected_sample,,missing_expected_sample,200.0,,0,0,Fault4-condition10-opening8
,Fault4/Fault4-condition10/Fault4-condition10-9.csv,4,10,9,False,missing_expected_sample,,missing_expected_sample,200.0,,0,0,Fault4-condition10-opening9
,Fault4/Fault4-condition10/Fault4-condition10-10.csv,4,10,10,False,missing_expected_sample,,missing_expected_sample,200.0,,0,0,Fault4-condition10-opening10
,Fault4/Fault4-condition10/Fault4-condition10-11.csv,4,10,11,False,missing_expected_sample,,missing_expected_sample,200.0,,0,0,Fault4-condition10-opening11
,Fault4/Fault4-condition10/Fault4-condition10-12.csv,4,10,12,False,missing_expected_sample,,missing_expected_sample,200.0,,0,0,Fault4-condition10-opening12
,Fault4/Fault4-condition10/Fault4-condition10-13.csv,4,10,13,False,missing_expected_sample,,missing_expected_sample,200.0,,0,0,Fault4-condition10-opening13
,Fault4/Fault4-condition10/Fault4-condition10-14.csv,4,10,14,False,missing_expected_sample,,missing_expected_sample,200.0,,0,0,Fault4-condition10-opening14
,Fault4/Fault4-condition10/Fault4-condition10-15.csv,4,10,15,False,missing_expected_sample,,missing_expected_sample,200.0,,0,0,Fault4-condition10-opening15
,Fault4/Fault4-condition10/Fault4-condition10-16.csv,4,10,16,False,missing_expected_sample,,missing_expected_sample,200.0,,0,0,Fault4-condition10-opening16
,Fault4/Fault4-condition10/Fault4-condition10-17.csv,4,10,17,False,missing_expected_sample,,missing_expected_sample,200.0,,0,0,Fault4-condition10-opening17
,Fault4/Fault4-condition10/Fault4-condition10-18.csv,4,10,18,False,missing_expected_sample,,missing_expected_sample,200.0,,0,0,Fault4-condition10-opening18
,Fault4/Fault4-condition10/Fault4-condition10-19.csv,4,10,19,False,missing_expected_sample,,missing_expected_sample,200.0,,0,0,Fault4-condition10-opening19
,Fault4/Fault4-condition10/Fault4-condition10-20.csv,4,10,20,False,missing_expected_sample,,missing_expected_sample,200.0,,0,0,Fault4-condition10-opening20
,Fault5/Fault5-condition1/Fault5-condition1-1.csv,5,1,1,False,missing_expected_sample,,missing_expected_sample,200.0,,0,0,Fault5-condition1-opening1
,Fault5/Fault5-condition1/Fault5-condition1-2.csv,5,1,2,False,missing_expected_sample,,missing_expected_sample,200.0,,0,0,Fault5-condition1-opening2
,Fault5/Fault5-condition1/Fault5-condition1-3.csv,5,1,3,False,missing_expected_sample,,missing_expected_sample,200.0,,0,0,Fault5-condition1-opening3
,Fault5/Fault5-condition1/Fault5-condition1-4.csv,5,1,4,False,missing_expected_sample,,missing_expected_sample,200.0,,0,0,Fault5-condition1-opening4
,Fault5/Fault5-condition1/Fault5-condition1-5.csv,5,1,5,False,missing_expected_sample,,missing_expected_sample,200.0,,0,0,Fault5-condition1-opening5
,Fault5/Fault5-condition1/Fault5-condition1-6.csv,5,1,6,False,missing_expected_sample,,missing_expected_sample,200.0,,0,0,Fault5-condition1-opening6
,Fault5/Fault5-condition1/Fault5-condition1-7.csv,5,1,7,False,missing_expected_sample,,missing_expected_sample,200.0,,0,0,Fault5-condition1-opening7
,Fault5/Fault5-condition1/Fault5-condition1-8.csv,5,1,8,False,missing_expected_sample,,missing_expected_sample,200.0,,0,0,Fault5-condition1-opening8
,Fault5/Fault5-condition1/Fault5-condition1-9.csv,5,1,9,False,missing_expected_sample,,missing_expected_sample,200.0,,0,0,Fault5-condition1-opening9
,Fault5/Fault5-condition1/Fault5-condition1-10.csv,5,1,10,False,missing_expected_sample,,missing_expected_sample,200.0,,0,0,Fault5-condition1-opening10
,Fault5/Fault5-condition1/Fault5-condition1-11.csv,5,1,11,False,missing_expected_sample,,missing_expected_sample,200.0,,0,0,Fault5-condition1-opening11
,Fault5/Fault5-condition1/Fault5-condition1-12.csv,5,1,12,False,missing_expected_sample,,missing_expected_sample,200.0,,0,0,Fault5-condition1-opening12
,Fault5/Fault5-condition1/Fault5-condition1-13.csv,5,1,13,False,missing_expected_sample,,missing_expected_sample,200.0,,0,0,Fault5-condition1-opening13
,Fault5/Fault5-condition1/Fault5-condition1-14.csv,5,1,14,False,missing_expected_sample,,missing_expected_sample,200.0,,0,0,Fault5-condition1-opening14
,Fault5/Fault5-condition1/Fault5-condition1-15.csv,5,1,15,False,missing_expected_sample,,missing_expected_sample,200.0,,0,0,Fault5-condition1-opening15
,Fault5/Fault5-condition1/Fault5-condition1-16.csv,5,1,16,False,missing_expected_sample,,missing_expected_sample,200.0,,0,0,Fault5-condition1-opening16
,Fault5/Fault5-condition1/Fault5-condition1-17.csv,5,1,17,False,missing_expected_sample,,missing_expected_sample,200.0,,0,0,Fault5-condition1-opening17
,Fault5/Fault5-condition1/Fault5-condition1-18.csv,5,1,18,False,missing_expected_sample,,missing_expected_sample,200.0,,0,0,Fault5-condition1-opening18
,Fault5/Fault5-condition1/Fault5-condition1-19.csv,5,1,19,False,missing_expected_sample,,missing_expected_sample,200.0,,0,0,Fault5-condition1-opening19
,Fault5/Fault5-condition1/Fault5-condition1-20.csv,5,1,20,False,missing_expected_sample,,missing_expected_sample,200.0,,0,0,Fault5-condition1-opening20
,Fault5/Fault5-condition2/Fault5-condition2-1.csv,5,2,1,False,missing_expected_sample,,missing_expected_sample,200.0,,0,0,Fault5-condition2-opening1
,Fault5/Fault5-condition2/Fault5-condition2-2.csv,5,2,2,False,missing_expected_sample,,missing_expected_sample,200.0,,0,0,Fault5-condition2-opening2
,Fault5/Fault5-condition2/Fault5-condition2-3.csv,5,2,3,False,missing_expected_sample,,missing_expected_sample,200.0,,0,0,Fault5-condition2-opening3
,Fault5/Fault5-condition2/Fault5-condition2-4.csv,5,2,4,False,missing_expected_sample,,missing_expected_sample,200.0,,0,0,Fault5-condition2-opening4
,Fault5/Fault5-condition2/Fault5-condition2-5.csv,5,2,5,False,missing_expected_sample,,missing_expected_sample,200.0,,0,0,Fault5-condition2-opening5
,Fault5/Fault5-condition2/Fault5-condition2-6.csv,5,2,6,False,missing_expected_sample,,missing_expected_sample,200.0,,0,0,Fault5-condition2-opening6
,Fault5/Fault5-condition2/Fault5-condition2-7.csv,5,2,7,False,missing_expected_sample,,missing_expected_sample,200.0,,0,0,Fault5-condition2-opening7
,Fault5/Fault5-condition2/Fault5-condition2-8.csv,5,2,8,False,missing_expected_sample,,missing_expected_sample,200.0,,0,0,Fault5-condition2-opening8
,Fault5/Fault5-condition2/Fault5-condition2-9.csv,5,2,9,False,missing_expected_sample,,missing_expected_sample,200.0,,0,0,Fault5-condition2-opening9
,Fault5/Fault5-condition2/Fault5-condition2-10.csv,5,2,10,False,missing_expected_sample,,missing_expected_sample,200.0,,0,0,Fault5-condition2-opening10
,Fault5/Fault5-condition2/Fault5-condition2-11.csv,5,2,11,False,missing_expected_sample,,missing_expected_sample,200.0,,0,0,Fault5-condition2-opening11
,Fault5/Fault5-condition2/Fault5-condition2-12.csv,5,2,12,False,missing_expected_sample,,missing_expected_sample,200.0,,0,0,Fault5-condition2-opening12
,Fault5/Fault5-condition2/Fault5-condition2-13.csv,5,2,13,False,missing_expected_sample,,missing_expected_sample,200.0,,0,0,Fault5-condition2-opening13
,Fault5/Fault5-condition2/Fault5-condition2-14.csv,5,2,14,False,missing_expected_sample,,missing_expected_sample,200.0,,0,0,Fault5-condition2-opening14
,Fault5/Fault5-condition2/Fault5-condition2-15.csv,5,2,15,False,missing_expected_sample,,missing_expected_sample,200.0,,0,0,Fault5-condition2-opening15
,Fault5/Fault5-condition2/Fault5-condition2-16.csv,5,2,16,False,missing_expected_sample,,missing_expected_sample,200.0,,0,0,Fault5-condition2-opening16
,Fault5/Fault5-condition2/Fault5-condition2-17.csv,5,2,17,False,missing_expected_sample,,missing_expected_sample,200.0,,0,0,Fault5-condition2-opening17
,Fault5/Fault5-condition2/Fault5-condition2-18.csv,5,2,18,False,missing_expected_sample,,missing_expected_sample,200.0,,0,0,Fault5-condition2-opening18
,Fault5/Fault5-condition2/Fault5-condition2-19.csv,5,2,19,False,missing_expected_sample,,missing_expected_sample,200.0,,0,0,Fault5-condition2-opening19
,Fault5/Fault5-condition2/Fault5-condition2-20.csv,5,2,20,False,missing_expected_sample,,missing_expected_sample,200.0,,0,0,Fault5-condition2-opening20
,Fault5/Fault5-condition3/Fault5-condition3-1.csv,5,3,1,False,missing_expected_sample,,missing_expected_sample,200.0,,0,0,Fault5-condition3-opening1
,Fault5/Fault5-condition3/Fault5-condition3-2.csv,5,3,2,False,missing_expected_sample,,missing_expected_sample,200.0,,0,0,Fault5-condition3-opening2
,Fault5/Fault5-condition3/Fault5-condition3-3.csv,5,3,3,False,missing_expected_sample,,missing_expected_sample,200.0,,0,0,Fault5-condition3-opening3
,Fault5/Fault5-condition3/Fault5-condition3-4.csv,5,3,4,False,missing_expected_sample,,missing_expected_sample,200.0,,0,0,Fault5-condition3-opening4
,Fault5/Fault5-condition3/Fault5-condition3-5.csv,5,3,5,False,missing_expected_sample,,missing_expected_sample,200.0,,0,0,Fault5-condition3-opening5
,Fault5/Fault5-condition3/Fault5-condition3-6.csv,5,3,6,False,missing_expected_sample,,missing_expected_sample,200.0,,0,0,Fault5-condition3-opening6
,Fault5/Fault5-condition3/Fault5-condition3-7.csv,5,3,7,False,missing_expected_sample,,missing_expected_sample,200.0,,0,0,Fault5-condition3-opening7
,Fault5/Fault5-condition3/Fault5-condition3-8.csv,5,3,8,False,missing_expected_sample,,missing_expected_sample,200.0,,0,0,Fault5-condition3-opening8
,Fault5/Fault5-condition3/Fault5-condition3-9.csv,5,3,9,False,missing_expected_sample,,missing_expected_sample,200.0,,0,0,Fault5-condition3-opening9
,Fault5/Fault5-condition3/Fault5-condition3-10.csv,5,3,10,False,missing_expected_sample,,missing_expected_sample,200.0,,0,0,Fault5-condition3-opening10
,Fault5/Fault5-condition3/Fault5-condition3-11.csv,5,3,11,False,missing_expected_sample,,missing_expected_sample,200.0,,0,0,Fault5-condition3-opening11
,Fault5/Fault5-condition3/Fault5-condition3-12.csv,5,3,12,False,missing_expected_sample,,missing_expected_sample,200.0,,0,0,Fault5-condition3-opening12
,Fault5/Fault5-condition3/Fault5-condition3-13.csv,5,3,13,False,missing_expected_sample,,missing_expected_sample,200.0,,0,0,Fault5-condition3-opening13
,Fault5/Fault5-condition3/Fault5-condition3-14.csv,5,3,14,False,missing_expected_sample,,missing_expected_sample,200.0,,0,0,Fault5-condition3-opening14
,Fault5/Fault5-condition3/Fault5-condition3-15.csv,5,3,15,False,missing_expected_sample,,missing_expected_sample,200.0,,0,0,Fault5-condition3-opening15
,Fault5/Fault5-condition3/Fault5-condition3-16.csv,5,3,16,False,missing_expected_sample,,missing_expected_sample,200.0,,0,0,Fault5-condition3-opening16
,Fault5/Fault5-condition3/Fault5-condition3-17.csv,5,3,17,False,missing_expected_sample,,missing_expected_sample,200.0,,0,0,Fault5-condition3-opening17
,Fault5/Fault5-condition3/Fault5-condition3-18.csv,5,3,18,False,missing_expected_sample,,missing_expected_sample,200.0,,0,0,Fault5-condition3-opening18
,Fault5/Fault5-condition3/Fault5-condition3-19.csv,5,3,19,False,missing_expected_sample,,missing_expected_sample,200.0,,0,0,Fault5-condition3-opening19
,Fault5/Fault5-condition3/Fault5-condition3-20.csv,5,3,20,False,missing_expected_sample,,missing_expected_sample,200.0,,0,0,Fault5-condition3-opening20
,Fault5/Fault5-condition4/Fault5-condition4-1.csv,5,4,1,False,missing_expected_sample,,missing_expected_sample,200.0,,0,0,Fault5-condition4-opening1
,Fault5/Fault5-condition4/Fault5-condition4-2.csv,5,4,2,False,missing_expected_sample,,missing_expected_sample,200.0,,0,0,Fault5-condition4-opening2
,Fault5/Fault5-condition4/Fault5-condition4-3.csv,5,4,3,False,missing_expected_sample,,missing_expected_sample,200.0,,0,0,Fault5-condition4-opening3
,Fault5/Fault5-condition4/Fault5-condition4-4.csv,5,4,4,False,missing_expected_sample,,missing_expected_sample,200.0,,0,0,Fault5-condition4-opening4
,Fault5/Fault5-condition4/Fault5-condition4-5.csv,5,4,5,False,missing_expected_sample,,missing_expected_sample,200.0,,0,0,Fault5-condition4-opening5
,Fault5/Fault5-condition4/Fault5-condition4-6.csv,5,4,6,False,missing_expected_sample,,missing_expected_sample,200.0,,0,0,Fault5-condition4-opening6
,Fault5/Fault5-condition4/Fault5-condition4-7.csv,5,4,7,False,missing_expected_sample,,missing_expected_sample,200.0,,0,0,Fault5-condition4-opening7
,Fault5/Fault5-condition4/Fault5-condition4-8.csv,5,4,8,False,missing_expected_sample,,missing_expected_sample,200.0,,0,0,Fault5-condition4-opening8
,Fault5/Fault5-condition4/Fault5-condition4-9.csv,5,4,9,False,missing_expected_sample,,missing_expected_sample,200.0,,0,0,Fault5-condition4-opening9
,Fault5/Fault5-condition4/Fault5-condition4-10.csv,5,4,10,False,missing_expected_sample,,missing_expected_sample,200.0,,0,0,Fault5-condition4-opening10
,Fault5/Fault5-condition4/Fault5-condition4-11.csv,5,4,11,False,missing_expected_sample,,missing_expected_sample,200.0,,0,0,Fault5-condition4-opening11
,Fault5/Fault5-condition4/Fault5-condition4-12.csv,5,4,12,False,missing_expected_sample,,missing_expected_sample,200.0,,0,0,Fault5-condition4-opening12
,Fault5/Fault5-condition4/Fault5-condition4-13.csv,5,4,13,False,missing_expected_sample,,missing_expected_sample,200.0,,0,0,Fault5-condition4-opening13
,Fault5/Fault5-condition4/Fault5-condition4-14.csv,5,4,14,False,missing_expected_sample,,missing_expected_sample,200.0,,0,0,Fault5-condition4-opening14
,Fault5/Fault5-condition4/Fault5-condition4-15.csv,5,4,15,False,missing_expected_sample,,missing_expected_sample,200.0,,0,0,Fault5-condition4-opening15
,Fault5/Fault5-condition4/Fault5-condition4-16.csv,5,4,16,False,missing_expected_sample,,missing_expected_sample,200.0,,0,0,Fault5-condition4-opening16
,Fault5/Fault5-condition4/Fault5-condition4-17.csv,5,4,17,False,missing_expected_sample,,missing_expected_sample,200.0,,0,0,Fault5-condition4-opening17
,Fault5/Fault5-condition4/Fault5-condition4-18.csv,5,4,18,False,missing_expected_sample,,missing_expected_sample,200.0,,0,0,Fault5-condition4-opening18
,Fault5/Fault5-condition4/Fault5-condition4-19.csv,5,4,19,False,missing_expected_sample,,missing_expected_sample,200.0,,0,0,Fault5-condition4-opening19
,Fault5/Fault5-condition4/Fault5-condition4-20.csv,5,4,20,False,missing_expected_sample,,missing_expected_sample,200.0,,0,0,Fault5-condition4-opening20
,Fault5/Fault5-condition5/Fault5-condition5-1.csv,5,5,1,False,missing_expected_sample,,missing_expected_sample,200.0,,0,0,Fault5-condition5-opening1
,Fault5/Fault5-condition5/Fault5-condition5-2.csv,5,5,2,False,missing_expected_sample,,missing_expected_sample,200.0,,0,0,Fault5-condition5-opening2
,Fault5/Fault5-condition5/Fault5-condition5-3.csv,5,5,3,False,missing_expected_sample,,missing_expected_sample,200.0,,0,0,Fault5-condition5-opening3
,Fault5/Fault5-condition5/Fault5-condition5-4.csv,5,5,4,False,missing_expected_sample,,missing_expected_sample,200.0,,0,0,Fault5-condition5-opening4
,Fault5/Fault5-condition5/Fault5-condition5-5.csv,5,5,5,False,missing_expected_sample,,missing_expected_sample,200.0,,0,0,Fault5-condition5-opening5
,Fault5/Fault5-condition5/Fault5-condition5-6.csv,5,5,6,False,missing_expected_sample,,missing_expected_sample,200.0,,0,0,Fault5-condition5-opening6
,Fault5/Fault5-condition5/Fault5-condition5-7.csv,5,5,7,False,missing_expected_sample,,missing_expected_sample,200.0,,0,0,Fault5-condition5-opening7
,Fault5/Fault5-condition5/Fault5-condition5-8.csv,5,5,8,False,missing_expected_sample,,missing_expected_sample,200.0,,0,0,Fault5-condition5-opening8
,Fault5/Fault5-condition5/Fault5-condition5-9.csv,5,5,9,False,missing_expected_sample,,missing_expected_sample,200.0,,0,0,Fault5-condition5-opening9
,Fault5/Fault5-condition5/Fault5-condition5-10.csv,5,5,10,False,missing_expected_sample,,missing_expected_sample,200.0,,0,0,Fault5-condition5-opening10
,Fault5/Fault5-condition5/Fault5-condition5-11.csv,5,5,11,False,missing_expected_sample,,missing_expected_sample,200.0,,0,0,Fault5-condition5-opening11
,Fault5/Fault5-condition5/Fault5-condition5-12.csv,5,5,12,False,missing_expected_sample,,missing_expected_sample,200.0,,0,0,Fault5-condition5-opening12
,Fault5/Fault5-condition5/Fault5-condition5-13.csv,5,5,13,False,missing_expected_sample,,missing_expected_sample,200.0,,0,0,Fault5-condition5-opening13
,Fault5/Fault5-condition5/Fault5-condition5-14.csv,5,5,14,False,missing_expected_sample,,missing_expected_sample,200.0,,0,0,Fault5-condition5-opening14
,Fault5/Fault5-condition5/Fault5-condition5-15.csv,5,5,15,False,missing_expected_sample,,missing_expected_sample,200.0,,0,0,Fault5-condition5-opening15
,Fault5/Fault5-condition5/Fault5-condition5-16.csv,5,5,16,False,missing_expected_sample,,missing_expected_sample,200.0,,0,0,Fault5-condition5-opening16
,Fault5/Fault5-condition5/Fault5-condition5-17.csv,5,5,17,False,missing_expected_sample,,missing_expected_sample,200.0,,0,0,Fault5-condition5-opening17
,Fault5/Fault5-condition5/Fault5-condition5-18.csv,5,5,18,False,missing_expected_sample,,missing_expected_sample,200.0,,0,0,Fault5-condition5-opening18
,Fault5/Fault5-condition5/Fault5-condition5-19.csv,5,5,19,False,missing_expected_sample,,missing_expected_sample,200.0,,0,0,Fault5-condition5-opening19
,Fault5/Fault5-condition5/Fault5-condition5-20.csv,5,5,20,False,missing_expected_sample,,missing_expected_sample,200.0,,0,0,Fault5-condition5-opening20
,Fault5/Fault5-condition6/Fault5-condition6-1.csv,5,6,1,False,missing_expected_sample,,missing_expected_sample,200.0,,0,0,Fault5-condition6-opening1
,Fault5/Fault5-condition6/Fault5-condition6-2.csv,5,6,2,False,missing_expected_sample,,missing_expected_sample,200.0,,0,0,Fault5-condition6-opening2
,Fault5/Fault5-condition6/Fault5-condition6-3.csv,5,6,3,False,missing_expected_sample,,missing_expected_sample,200.0,,0,0,Fault5-condition6-opening3
,Fault5/Fault5-condition6/Fault5-condition6-4.csv,5,6,4,False,missing_expected_sample,,missing_expected_sample,200.0,,0,0,Fault5-condition6-opening4
,Fault5/Fault5-condition6/Fault5-condition6-5.csv,5,6,5,False,missing_expected_sample,,missing_expected_sample,200.0,,0,0,Fault5-condition6-opening5
,Fault5/Fault5-condition6/Fault5-condition6-6.csv,5,6,6,False,missing_expected_sample,,missing_expected_sample,200.0,,0,0,Fault5-condition6-opening6
,Fault5/Fault5-condition6/Fault5-condition6-7.csv,5,6,7,False,missing_expected_sample,,missing_expected_sample,200.0,,0,0,Fault5-condition6-opening7
,Fault5/Fault5-condition6/Fault5-condition6-8.csv,5,6,8,False,missing_expected_sample,,missing_expected_sample,200.0,,0,0,Fault5-condition6-opening8
,Fault5/Fault5-condition6/Fault5-condition6-9.csv,5,6,9,False,missing_expected_sample,,missing_expected_sample,200.0,,0,0,Fault5-condition6-opening9
,Fault5/Fault5-condition6/Fault5-condition6-10.csv,5,6,10,False,missing_expected_sample,,missing_expected_sample,200.0,,0,0,Fault5-condition6-opening10
,Fault5/Fault5-condition6/Fault5-condition6-11.csv,5,6,11,False,missing_expected_sample,,missing_expected_sample,200.0,,0,0,Fault5-condition6-opening11
,Fault5/Fault5-condition6/Fault5-condition6-12.csv,5,6,12,False,missing_expected_sample,,missing_expected_sample,200.0,,0,0,Fault5-condition6-opening12
,Fault5/Fault5-condition6/Fault5-condition6-13.csv,5,6,13,False,missing_expected_sample,,missing_expected_sample,200.0,,0,0,Fault5-condition6-opening13
,Fault5/Fault5-condition6/Fault5-condition6-14.csv,5,6,14,False,missing_expected_sample,,missing_expected_sample,200.0,,0,0,Fault5-condition6-opening14
,Fault5/Fault5-condition6/Fault5-condition6-15.csv,5,6,15,False,missing_expected_sample,,missing_expected_sample,200.0,,0,0,Fault5-condition6-opening15
,Fault5/Fault5-condition6/Fault5-condition6-16.csv,5,6,16,False,missing_expected_sample,,missing_expected_sample,200.0,,0,0,Fault5-condition6-opening16
,Fault5/Fault5-condition6/Fault5-condition6-17.csv,5,6,17,False,missing_expected_sample,,missing_expected_sample,200.0,,0,0,Fault5-condition6-opening17
,Fault5/Fault5-condition6/Fault5-condition6-18.csv,5,6,18,False,missing_expected_sample,,missing_expected_sample,200.0,,0,0,Fault5-condition6-opening18
,Fault5/Fault5-condition6/Fault5-condition6-19.csv,5,6,19,False,missing_expected_sample,,missing_expected_sample,200.0,,0,0,Fault5-condition6-opening19
,Fault5/Fault5-condition6/Fault5-condition6-20.csv,5,6,20,False,missing_expected_sample,,missing_expected_sample,200.0,,0,0,Fault5-condition6-opening20
,Fault5/Fault5-condition7/Fault5-condition7-1.csv,5,7,1,False,missing_expected_sample,,missing_expected_sample,200.0,,0,0,Fault5-condition7-opening1
,Fault5/Fault5-condition7/Fault5-condition7-2.csv,5,7,2,False,missing_expected_sample,,missing_expected_sample,200.0,,0,0,Fault5-condition7-opening2
,Fault5/Fault5-condition7/Fault5-condition7-3.csv,5,7,3,False,missing_expected_sample,,missing_expected_sample,200.0,,0,0,Fault5-condition7-opening3
,Fault5/Fault5-condition7/Fault5-condition7-4.csv,5,7,4,False,missing_expected_sample,,missing_expected_sample,200.0,,0,0,Fault5-condition7-opening4
,Fault5/Fault5-condition7/Fault5-condition7-5.csv,5,7,5,False,missing_expected_sample,,missing_expected_sample,200.0,,0,0,Fault5-condition7-opening5
,Fault5/Fault5-condition7/Fault5-condition7-6.csv,5,7,6,False,missing_expected_sample,,missing_expected_sample,200.0,,0,0,Fault5-condition7-opening6
,Fault5/Fault5-condition7/Fault5-condition7-7.csv,5,7,7,False,missing_expected_sample,,missing_expected_sample,200.0,,0,0,Fault5-condition7-opening7
,Fault5/Fault5-condition7/Fault5-condition7-8.csv,5,7,8,False,missing_expected_sample,,missing_expected_sample,200.0,,0,0,Fault5-condition7-opening8
,Fault5/Fault5-condition7/Fault5-condition7-9.csv,5,7,9,False,missing_expected_sample,,missing_expected_sample,200.0,,0,0,Fault5-condition7-opening9
,Fault5/Fault5-condition7/Fault5-condition7-10.csv,5,7,10,False,missing_expected_sample,,missing_expected_sample,200.0,,0,0,Fault5-condition7-opening10
,Fault5/Fault5-condition7/Fault5-condition7-11.csv,5,7,11,False,missing_expected_sample,,missing_expected_sample,200.0,,0,0,Fault5-condition7-opening11
,Fault5/Fault5-condition7/Fault5-condition7-12.csv,5,7,12,False,missing_expected_sample,,missing_expected_sample,200.0,,0,0,Fault5-condition7-opening12
,Fault5/Fault5-condition7/Fault5-condition7-13.csv,5,7,13,False,missing_expected_sample,,missing_expected_sample,200.0,,0,0,Fault5-condition7-opening13
,Fault5/Fault5-condition7/Fault5-condition7-14.csv,5,7,14,False,missing_expected_sample,,missing_expected_sample,200.0,,0,0,Fault5-condition7-opening14
,Fault5/Fault5-condition7/Fault5-condition7-15.csv,5,7,15,False,missing_expected_sample,,missing_expected_sample,200.0,,0,0,Fault5-condition7-opening15
,Fault5/Fault5-condition7/Fault5-condition7-16.csv,5,7,16,False,missing_expected_sample,,missing_expected_sample,200.0,,0,0,Fault5-condition7-opening16
,Fault5/Fault5-condition7/Fault5-condition7-17.csv,5,7,17,False,missing_expected_sample,,missing_expected_sample,200.0,,0,0,Fault5-condition7-opening17
,Fault5/Fault5-condition7/Fault5-condition7-18.csv,5,7,18,False,missing_expected_sample,,missing_expected_sample,200.0,,0,0,Fault5-condition7-opening18
,Fault5/Fault5-condition7/Fault5-condition7-19.csv,5,7,19,False,missing_expected_sample,,missing_expected_sample,200.0,,0,0,Fault5-condition7-opening19
,Fault5/Fault5-condition7/Fault5-condition7-20.csv,5,7,20,False,missing_expected_sample,,missing_expected_sample,200.0,,0,0,Fault5-condition7-opening20
,Fault5/Fault5-condition8/Fault5-condition8-1.csv,5,8,1,False,missing_expected_sample,,missing_expected_sample,200.0,,0,0,Fault5-condition8-opening1
,Fault5/Fault5-condition8/Fault5-condition8-2.csv,5,8,2,False,missing_expected_sample,,missing_expected_sample,200.0,,0,0,Fault5-condition8-opening2
,Fault5/Fault5-condition8/Fault5-condition8-3.csv,5,8,3,False,missing_expected_sample,,missing_expected_sample,200.0,,0,0,Fault5-condition8-opening3
,Fault5/Fault5-condition8/Fault5-condition8-4.csv,5,8,4,False,missing_expected_sample,,missing_expected_sample,200.0,,0,0,Fault5-condition8-opening4
,Fault5/Fault5-condition8/Fault5-condition8-5.csv,5,8,5,False,missing_expected_sample,,missing_expected_sample,200.0,,0,0,Fault5-condition8-opening5
,Fault5/Fault5-condition8/Fault5-condition8-6.csv,5,8,6,False,missing_expected_sample,,missing_expected_sample,200.0,,0,0,Fault5-condition8-opening6
,Fault5/Fault5-condition8/Fault5-condition8-7.csv,5,8,7,False,missing_expected_sample,,missing_expected_sample,200.0,,0,0,Fault5-condition8-opening7
,Fault5/Fault5-condition8/Fault5-condition8-8.csv,5,8,8,False,missing_expected_sample,,missing_expected_sample,200.0,,0,0,Fault5-condition8-opening8
,Fault5/Fault5-condition8/Fault5-condition8-9.csv,5,8,9,False,missing_expected_sample,,missing_expected_sample,200.0,,0,0,Fault5-condition8-opening9
,Fault5/Fault5-condition8/Fault5-condition8-10.csv,5,8,10,False,missing_expected_sample,,missing_expected_sample,200.0,,0,0,Fault5-condition8-opening10
,Fault5/Fault5-condition8/Fault5-condition8-11.csv,5,8,11,False,missing_expected_sample,,missing_expected_sample,200.0,,0,0,Fault5-condition8-opening11
,Fault5/Fault5-condition8/Fault5-condition8-12.csv,5,8,12,False,missing_expected_sample,,missing_expected_sample,200.0,,0,0,Fault5-condition8-opening12
,Fault5/Fault5-condition8/Fault5-condition8-13.csv,5,8,13,False,missing_expected_sample,,missing_expected_sample,200.0,,0,0,Fault5-condition8-opening13
,Fault5/Fault5-condition8/Fault5-condition8-14.csv,5,8,14,False,missing_expected_sample,,missing_expected_sample,200.0,,0,0,Fault5-condition8-opening14
,Fault5/Fault5-condition8/Fault5-condition8-15.csv,5,8,15,False,missing_expected_sample,,missing_expected_sample,200.0,,0,0,Fault5-condition8-opening15
,Fault5/Fault5-condition8/Fault5-condition8-16.csv,5,8,16,False,missing_expected_sample,,missing_expected_sample,200.0,,0,0,Fault5-condition8-opening16
,Fault5/Fault5-condition8/Fault5-condition8-17.csv,5,8,17,False,missing_expected_sample,,missing_expected_sample,200.0,,0,0,Fault5-condition8-opening17
,Fault5/Fault5-condition8/Fault5-condition8-18.csv,5,8,18,False,missing_expected_sample,,missing_expected_sample,200.0,,0,0,Fault5-condition8-opening18
,Fault5/Fault5-condition8/Fault5-condition8-19.csv,5,8,19,False,missing_expected_sample,,missing_expected_sample,200.0,,0,0,Fault5-condition8-opening19
,Fault5/Fault5-condition8/Fault5-condition8-20.csv,5,8,20,False,missing_expected_sample,,missing_expected_sample,200.0,,0,0,Fault5-condition8-opening20
,Fault5/Fault5-condition9/Fault5-condition9-1.csv,5,9,1,False,missing_expected_sample,,missing_expected_sample,200.0,,0,0,Fault5-condition9-opening1
,Fault5/Fault5-condition9/Fault5-condition9-2.csv,5,9,2,False,missing_expected_sample,,missing_expected_sample,200.0,,0,0,Fault5-condition9-opening2
,Fault5/Fault5-condition9/Fault5-condition9-3.csv,5,9,3,False,missing_expected_sample,,missing_expected_sample,200.0,,0,0,Fault5-condition9-opening3
,Fault5/Fault5-condition9/Fault5-condition9-4.csv,5,9,4,False,missing_expected_sample,,missing_expected_sample,200.0,,0,0,Fault5-condition9-opening4
,Fault5/Fault5-condition9/Fault5-condition9-5.csv,5,9,5,False,missing_expected_sample,,missing_expected_sample,200.0,,0,0,Fault5-condition9-opening5
,Fault5/Fault5-condition9/Fault5-condition9-6.csv,5,9,6,False,missing_expected_sample,,missing_expected_sample,200.0,,0,0,Fault5-condition9-opening6
,Fault5/Fault5-condition9/Fault5-condition9-7.csv,5,9,7,False,missing_expected_sample,,missing_expected_sample,200.0,,0,0,Fault5-condition9-opening7
,Fault5/Fault5-condition9/Fault5-condition9-8.csv,5,9,8,False,missing_expected_sample,,missing_expected_sample,200.0,,0,0,Fault5-condition9-opening8
,Fault5/Fault5-condition9/Fault5-condition9-9.csv,5,9,9,False,missing_expected_sample,,missing_expected_sample,200.0,,0,0,Fault5-condition9-opening9
,Fault5/Fault5-condition9/Fault5-condition9-10.csv,5,9,10,False,missing_expected_sample,,missing_expected_sample,200.0,,0,0,Fault5-condition9-opening10
,Fault5/Fault5-condition9/Fault5-condition9-11.csv,5,9,11,False,missing_expected_sample,,missing_expected_sample,200.0,,0,0,Fault5-condition9-opening11
,Fault5/Fault5-condition9/Fault5-condition9-12.csv,5,9,12,False,missing_expected_sample,,missing_expected_sample,200.0,,0,0,Fault5-condition9-opening12
,Fault5/Fault5-condition9/Fault5-condition9-13.csv,5,9,13,False,missing_expected_sample,,missing_expected_sample,200.0,,0,0,Fault5-condition9-opening13
,Fault5/Fault5-condition9/Fault5-condition9-14.csv,5,9,14,False,missing_expected_sample,,missing_expected_sample,200.0,,0,0,Fault5-condition9-opening14
,Fault5/Fault5-condition9/Fault5-condition9-15.csv,5,9,15,False,missing_expected_sample,,missing_expected_sample,200.0,,0,0,Fault5-condition9-opening15
,Fault5/Fault5-condition9/Fault5-condition9-16.csv,5,9,16,False,missing_expected_sample,,missing_expected_sample,200.0,,0,0,Fault5-condition9-opening16
,Fault5/Fault5-condition9/Fault5-condition9-17.csv,5,9,17,False,missing_expected_sample,,missing_expected_sample,200.0,,0,0,Fault5-condition9-opening17
,Fault5/Fault5-condition9/Fault5-condition9-18.csv,5,9,18,False,missing_expected_sample,,missing_expected_sample,200.0,,0,0,Fault5-condition9-opening18
,Fault5/Fault5-condition9/Fault5-condition9-19.csv,5,9,19,False,missing_expected_sample,,missing_expected_sample,200.0,,0,0,Fault5-condition9-opening19
,Fault5/Fault5-condition9/Fault5-condition9-20.csv,5,9,20,False,missing_expected_sample,,missing_expected_sample,200.0,,0,0,Fault5-condition9-opening20
,Fault5/Fault5-condition10/Fault5-condition10-1.csv,5,10,1,False,missing_expected_sample,,missing_expected_sample,200.0,,0,0,Fault5-condition10-opening1
,Fault5/Fault5-condition10/Fault5-condition10-2.csv,5,10,2,False,missing_expected_sample,,missing_expected_sample,200.0,,0,0,Fault5-condition10-opening2
,Fault5/Fault5-condition10/Fault5-condition10-3.csv,5,10,3,False,missing_expected_sample,,missing_expected_sample,200.0,,0,0,Fault5-condition10-opening3
,Fault5/Fault5-condition10/Fault5-condition10-4.csv,5,10,4,False,missing_expected_sample,,missing_expected_sample,200.0,,0,0,Fault5-condition10-opening4
,Fault5/Fault5-condition10/Fault5-condition10-5.csv,5,10,5,False,missing_expected_sample,,missing_expected_sample,200.0,,0,0,Fault5-condition10-opening5
,Fault5/Fault5-condition10/Fault5-condition10-6.csv,5,10,6,False,missing_expected_sample,,missing_expected_sample,200.0,,0,0,Fault5-condition10-opening6
,Fault5/Fault5-condition10/Fault5-condition10-7.csv,5,10,7,False,missing_expected_sample,,missing_expected_sample,200.0,,0,0,Fault5-condition10-opening7
,Fault5/Fault5-condition10/Fault5-condition10-8.csv,5,10,8,False,missing_expected_sample,,missing_expected_sample,200.0,,0,0,Fault5-condition10-opening8
,Fault5/Fault5-condition10/Fault5-condition10-9.csv,5,10,9,False,missing_expected_sample,,missing_expected_sample,200.0,,0,0,Fault5-condition10-opening9
,Fault5/Fault5-condition10/Fault5-condition10-10.csv,5,10,10,False,missing_expected_sample,,missing_expected_sample,200.0,,0,0,Fault5-condition10-opening10
,Fault5/Fault5-condition10/Fault5-condition10-11.csv,5,10,11,False,missing_expected_sample,,missing_expected_sample,200.0,,0,0,Fault5-condition10-opening11
,Fault5/Fault5-condition10/Fault5-condition10-12.csv,5,10,12,False,missing_expected_sample,,missing_expected_sample,200.0,,0,0,Fault5-condition10-opening12
,Fault5/Fault5-condition10/Fault5-condition10-13.csv,5,10,13,False,missing_expected_sample,,missing_expected_sample,200.0,,0,0,Fault5-condition10-opening13
,Fault5/Fault5-condition10/Fault5-condition10-14.csv,5,10,14,False,missing_expected_sample,,missing_expected_sample,200.0,,0,0,Fault5-condition10-opening14
,Fault5/Fault5-condition10/Fault5-condition10-15.csv,5,10,15,False,missing_expected_sample,,missing_expected_sample,200.0,,0,0,Fault5-condition10-opening15
,Fault5/Fault5-condition10/Fault5-condition10-16.csv,5,10,16,False,missing_expected_sample,,missing_expected_sample,200.0,,0,0,Fault5-condition10-opening16
,Fault5/Fault5-condition10/Fault5-condition10-17.csv,5,10,17,False,missing_expected_sample,,missing_expected_sample,200.0,,0,0,Fault5-condition10-opening17
,Fault5/Fault5-condition10/Fault5-condition10-18.csv,5,10,18,False,missing_expected_sample,,missing_expected_sample,200.0,,0,0,Fault5-condition10-opening18
,Fault5/Fault5-condition10/Fault5-condition10-19.csv,5,10,19,False,missing_expected_sample,,missing_expected_sample,200.0,,0,0,Fault5-condition10-opening19
,Fault5/Fault5-condition10/Fault5-condition10-20.csv,5,10,20,False,missing_expected_sample,,missing_expected_sample,200.0,,0,0,Fault5-condition10-opening20
,Fault6/Fault6-condition1/Fault6-condition1-1.csv,6,1,1,False,missing_expected_sample,,missing_expected_sample,200.0,,0,0,Fault6-condition1-opening1
,Fault6/Fault6-condition1/Fault6-condition1-2.csv,6,1,2,False,missing_expected_sample,,missing_expected_sample,200.0,,0,0,Fault6-condition1-opening2
,Fault6/Fault6-condition1/Fault6-condition1-3.csv,6,1,3,False,missing_expected_sample,,missing_expected_sample,200.0,,0,0,Fault6-condition1-opening3
,Fault6/Fault6-condition1/Fault6-condition1-4.csv,6,1,4,False,missing_expected_sample,,missing_expected_sample,200.0,,0,0,Fault6-condition1-opening4
,Fault6/Fault6-condition1/Fault6-condition1-5.csv,6,1,5,False,missing_expected_sample,,missing_expected_sample,200.0,,0,0,Fault6-condition1-opening5
,Fault6/Fault6-condition1/Fault6-condition1-6.csv,6,1,6,False,missing_expected_sample,,missing_expected_sample,200.0,,0,0,Fault6-condition1-opening6
,Fault6/Fault6-condition1/Fault6-condition1-7.csv,6,1,7,False,missing_expected_sample,,missing_expected_sample,200.0,,0,0,Fault6-condition1-opening7
,Fault6/Fault6-condition1/Fault6-condition1-8.csv,6,1,8,False,missing_expected_sample,,missing_expected_sample,200.0,,0,0,Fault6-condition1-opening8
,Fault6/Fault6-condition1/Fault6-condition1-9.csv,6,1,9,False,missing_expected_sample,,missing_expected_sample,200.0,,0,0,Fault6-condition1-opening9
,Fault6/Fault6-condition1/Fault6-condition1-10.csv,6,1,10,False,missing_expected_sample,,missing_expected_sample,200.0,,0,0,Fault6-condition1-opening10
,Fault6/Fault6-condition1/Fault6-condition1-11.csv,6,1,11,False,missing_expected_sample,,missing_expected_sample,200.0,,0,0,Fault6-condition1-opening11
,Fault6/Fault6-condition1/Fault6-condition1-12.csv,6,1,12,False,missing_expected_sample,,missing_expected_sample,200.0,,0,0,Fault6-condition1-opening12
,Fault6/Fault6-condition1/Fault6-condition1-13.csv,6,1,13,False,missing_expected_sample,,missing_expected_sample,200.0,,0,0,Fault6-condition1-opening13
,Fault6/Fault6-condition1/Fault6-condition1-14.csv,6,1,14,False,missing_expected_sample,,missing_expected_sample,200.0,,0,0,Fault6-condition1-opening14
,Fault6/Fault6-condition1/Fault6-condition1-15.csv,6,1,15,False,missing_expected_sample,,missing_expected_sample,200.0,,0,0,Fault6-condition1-opening15
,Fault6/Fault6-condition1/Fault6-condition1-16.csv,6,1,16,False,missing_expected_sample,,missing_expected_sample,200.0,,0,0,Fault6-condition1-opening16
,Fault6/Fault6-condition1/Fault6-condition1-17.csv,6,1,17,False,missing_expected_sample,,missing_expected_sample,200.0,,0,0,Fault6-condition1-opening17
,Fault6/Fault6-condition1/Fault6-condition1-18.csv,6,1,18,False,missing_expected_sample,,missing_expected_sample,200.0,,0,0,Fault6-condition1-opening18
,Fault6/Fault6-condition1/Fault6-condition1-19.csv,6,1,19,False,missing_expected_sample,,missing_expected_sample,200.0,,0,0,Fault6-condition1-opening19
,Fault6/Fault6-condition1/Fault6-condition1-20.csv,6,1,20,False,missing_expected_sample,,missing_expected_sample,200.0,,0,0,Fault6-condition1-opening20
,Fault6/Fault6-condition2/Fault6-condition2-1.csv,6,2,1,False,missing_expected_sample,,missing_expected_sample,200.0,,0,0,Fault6-condition2-opening1
,Fault6/Fault6-condition2/Fault6-condition2-2.csv,6,2,2,False,missing_expected_sample,,missing_expected_sample,200.0,,0,0,Fault6-condition2-opening2
,Fault6/Fault6-condition2/Fault6-condition2-3.csv,6,2,3,False,missing_expected_sample,,missing_expected_sample,200.0,,0,0,Fault6-condition2-opening3
,Fault6/Fault6-condition2/Fault6-condition2-4.csv,6,2,4,False,missing_expected_sample,,missing_expected_sample,200.0,,0,0,Fault6-condition2-opening4
,Fault6/Fault6-condition2/Fault6-condition2-5.csv,6,2,5,False,missing_expected_sample,,missing_expected_sample,200.0,,0,0,Fault6-condition2-opening5
,Fault6/Fault6-condition2/Fault6-condition2-6.csv,6,2,6,False,missing_expected_sample,,missing_expected_sample,200.0,,0,0,Fault6-condition2-opening6
,Fault6/Fault6-condition2/Fault6-condition2-7.csv,6,2,7,False,missing_expected_sample,,missing_expected_sample,200.0,,0,0,Fault6-condition2-opening7
,Fault6/Fault6-condition2/Fault6-condition2-8.csv,6,2,8,False,missing_expected_sample,,missing_expected_sample,200.0,,0,0,Fault6-condition2-opening8
,Fault6/Fault6-condition2/Fault6-condition2-9.csv,6,2,9,False,missing_expected_sample,,missing_expected_sample,200.0,,0,0,Fault6-condition2-opening9
,Fault6/Fault6-condition2/Fault6-condition2-10.csv,6,2,10,False,missing_expected_sample,,missing_expected_sample,200.0,,0,0,Fault6-condition2-opening10
,Fault6/Fault6-condition2/Fault6-condition2-11.csv,6,2,11,False,missing_expected_sample,,missing_expected_sample,200.0,,0,0,Fault6-condition2-opening11
,Fault6/Fault6-condition2/Fault6-condition2-12.csv,6,2,12,False,missing_expected_sample,,missing_expected_sample,200.0,,0,0,Fault6-condition2-opening12
,Fault6/Fault6-condition2/Fault6-condition2-13.csv,6,2,13,False,missing_expected_sample,,missing_expected_sample,200.0,,0,0,Fault6-condition2-opening13
,Fault6/Fault6-condition2/Fault6-condition2-14.csv,6,2,14,False,missing_expected_sample,,missing_expected_sample,200.0,,0,0,Fault6-condition2-opening14
,Fault6/Fault6-condition2/Fault6-condition2-15.csv,6,2,15,False,missing_expected_sample,,missing_expected_sample,200.0,,0,0,Fault6-condition2-opening15
,Fault6/Fault6-condition2/Fault6-condition2-16.csv,6,2,16,False,missing_expected_sample,,missing_expected_sample,200.0,,0,0,Fault6-condition2-opening16
,Fault6/Fault6-condition2/Fault6-condition2-17.csv,6,2,17,False,missing_expected_sample,,missing_expected_sample,200.0,,0,0,Fault6-condition2-opening17
,Fault6/Fault6-condition2/Fault6-condition2-18.csv,6,2,18,False,missing_expected_sample,,missing_expected_sample,200.0,,0,0,Fault6-condition2-opening18
,Fault6/Fault6-condition2/Fault6-condition2-19.csv,6,2,19,False,missing_expected_sample,,missing_expected_sample,200.0,,0,0,Fault6-condition2-opening19
,Fault6/Fault6-condition2/Fault6-condition2-20.csv,6,2,20,False,missing_expected_sample,,missing_expected_sample,200.0,,0,0,Fault6-condition2-opening20
,Fault6/Fault6-condition3/Fault6-condition3-1.csv,6,3,1,False,missing_expected_sample,,missing_expected_sample,200.0,,0,0,Fault6-condition3-opening1
,Fault6/Fault6-condition3/Fault6-condition3-2.csv,6,3,2,False,missing_expected_sample,,missing_expected_sample,200.0,,0,0,Fault6-condition3-opening2
,Fault6/Fault6-condition3/Fault6-condition3-3.csv,6,3,3,False,missing_expected_sample,,missing_expected_sample,200.0,,0,0,Fault6-condition3-opening3
,Fault6/Fault6-condition3/Fault6-condition3-4.csv,6,3,4,False,missing_expected_sample,,missing_expected_sample,200.0,,0,0,Fault6-condition3-opening4
,Fault6/Fault6-condition3/Fault6-condition3-5.csv,6,3,5,False,missing_expected_sample,,missing_expected_sample,200.0,,0,0,Fault6-condition3-opening5
,Fault6/Fault6-condition3/Fault6-condition3-6.csv,6,3,6,False,missing_expected_sample,,missing_expected_sample,200.0,,0,0,Fault6-condition3-opening6
,Fault6/Fault6-condition3/Fault6-condition3-7.csv,6,3,7,False,missing_expected_sample,,missing_expected_sample,200.0,,0,0,Fault6-condition3-opening7
,Fault6/Fault6-condition3/Fault6-condition3-8.csv,6,3,8,False,missing_expected_sample,,missing_expected_sample,200.0,,0,0,Fault6-condition3-opening8
,Fault6/Fault6-condition3/Fault6-condition3-9.csv,6,3,9,False,missing_expected_sample,,missing_expected_sample,200.0,,0,0,Fault6-condition3-opening9
,Fault6/Fault6-condition3/Fault6-condition3-10.csv,6,3,10,False,missing_expected_sample,,missing_expected_sample,200.0,,0,0,Fault6-condition3-opening10
,Fault6/Fault6-condition3/Fault6-condition3-11.csv,6,3,11,False,missing_expected_sample,,missing_expected_sample,200.0,,0,0,Fault6-condition3-opening11
,Fault6/Fault6-condition3/Fault6-condition3-12.csv,6,3,12,False,missing_expected_sample,,missing_expected_sample,200.0,,0,0,Fault6-condition3-opening12
,Fault6/Fault6-condition3/Fault6-condition3-13.csv,6,3,13,False,missing_expected_sample,,missing_expected_sample,200.0,,0,0,Fault6-condition3-opening13
,Fault6/Fault6-condition3/Fault6-condition3-14.csv,6,3,14,False,missing_expected_sample,,missing_expected_sample,200.0,,0,0,Fault6-condition3-opening14
,Fault6/Fault6-condition3/Fault6-condition3-15.csv,6,3,15,False,missing_expected_sample,,missing_expected_sample,200.0,,0,0,Fault6-condition3-opening15
,Fault6/Fault6-condition3/Fault6-condition3-16.csv,6,3,16,False,missing_expected_sample,,missing_expected_sample,200.0,,0,0,Fault6-condition3-opening16
,Fault6/Fault6-condition3/Fault6-condition3-17.csv,6,3,17,False,missing_expected_sample,,missing_expected_sample,200.0,,0,0,Fault6-condition3-opening17
,Fault6/Fault6-condition3/Fault6-condition3-18.csv,6,3,18,False,missing_expected_sample,,missing_expected_sample,200.0,,0,0,Fault6-condition3-opening18
,Fault6/Fault6-condition3/Fault6-condition3-19.csv,6,3,19,False,missing_expected_sample,,missing_expected_sample,200.0,,0,0,Fault6-condition3-opening19
,Fault6/Fault6-condition3/Fault6-condition3-20.csv,6,3,20,False,missing_expected_sample,,missing_expected_sample,200.0,,0,0,Fault6-condition3-opening20
,Fault6/Fault6-condition4/Fault6-condition4-1.csv,6,4,1,False,missing_expected_sample,,missing_expected_sample,200.0,,0,0,Fault6-condition4-opening1
,Fault6/Fault6-condition4/Fault6-condition4-2.csv,6,4,2,False,missing_expected_sample,,missing_expected_sample,200.0,,0,0,Fault6-condition4-opening2
,Fault6/Fault6-condition4/Fault6-condition4-3.csv,6,4,3,False,missing_expected_sample,,missing_expected_sample,200.0,,0,0,Fault6-condition4-opening3
,Fault6/Fault6-condition4/Fault6-condition4-4.csv,6,4,4,False,missing_expected_sample,,missing_expected_sample,200.0,,0,0,Fault6-condition4-opening4
,Fault6/Fault6-condition4/Fault6-condition4-5.csv,6,4,5,False,missing_expected_sample,,missing_expected_sample,200.0,,0,0,Fault6-condition4-opening5
,Fault6/Fault6-condition4/Fault6-condition4-6.csv,6,4,6,False,missing_expected_sample,,missing_expected_sample,200.0,,0,0,Fault6-condition4-opening6
,Fault6/Fault6-condition4/Fault6-condition4-7.csv,6,4,7,False,missing_expected_sample,,missing_expected_sample,200.0,,0,0,Fault6-condition4-opening7
,Fault6/Fault6-condition4/Fault6-condition4-8.csv,6,4,8,False,missing_expected_sample,,missing_expected_sample,200.0,,0,0,Fault6-condition4-opening8
,Fault6/Fault6-condition4/Fault6-condition4-9.csv,6,4,9,False,missing_expected_sample,,missing_expected_sample,200.0,,0,0,Fault6-condition4-opening9
,Fault6/Fault6-condition4/Fault6-condition4-10.csv,6,4,10,False,missing_expected_sample,,missing_expected_sample,200.0,,0,0,Fault6-condition4-opening10
,Fault6/Fault6-condition4/Fault6-condition4-11.csv,6,4,11,False,missing_expected_sample,,missing_expected_sample,200.0,,0,0,Fault6-condition4-opening11
,Fault6/Fault6-condition4/Fault6-condition4-12.csv,6,4,12,False,missing_expected_sample,,missing_expected_sample,200.0,,0,0,Fault6-condition4-opening12
,Fault6/Fault6-condition4/Fault6-condition4-13.csv,6,4,13,False,missing_expected_sample,,missing_expected_sample,200.0,,0,0,Fault6-condition4-opening13
,Fault6/Fault6-condition4/Fault6-condition4-14.csv,6,4,14,False,missing_expected_sample,,missing_expected_sample,200.0,,0,0,Fault6-condition4-opening14
,Fault6/Fault6-condition4/Fault6-condition4-15.csv,6,4,15,False,missing_expected_sample,,missing_expected_sample,200.0,,0,0,Fault6-condition4-opening15
,Fault6/Fault6-condition4/Fault6-condition4-16.csv,6,4,16,False,missing_expected_sample,,missing_expected_sample,200.0,,0,0,Fault6-condition4-opening16
,Fault6/Fault6-condition4/Fault6-condition4-17.csv,6,4,17,False,missing_expected_sample,,missing_expected_sample,200.0,,0,0,Fault6-condition4-opening17
,Fault6/Fault6-condition4/Fault6-condition4-18.csv,6,4,18,False,missing_expected_sample,,missing_expected_sample,200.0,,0,0,Fault6-condition4-opening18
,Fault6/Fault6-condition4/Fault6-condition4-19.csv,6,4,19,False,missing_expected_sample,,missing_expected_sample,200.0,,0,0,Fault6-condition4-opening19
,Fault6/Fault6-condition4/Fault6-condition4-20.csv,6,4,20,False,missing_expected_sample,,missing_expected_sample,200.0,,0,0,Fault6-condition4-opening20
,Fault6/Fault6-condition5/Fault6-condition5-1.csv,6,5,1,False,missing_expected_sample,,missing_expected_sample,200.0,,0,0,Fault6-condition5-opening1
,Fault6/Fault6-condition5/Fault6-condition5-2.csv,6,5,2,False,missing_expected_sample,,missing_expected_sample,200.0,,0,0,Fault6-condition5-opening2
,Fault6/Fault6-condition5/Fault6-condition5-3.csv,6,5,3,False,missing_expected_sample,,missing_expected_sample,200.0,,0,0,Fault6-condition5-opening3
,Fault6/Fault6-condition5/Fault6-condition5-4.csv,6,5,4,False,missing_expected_sample,,missing_expected_sample,200.0,,0,0,Fault6-condition5-opening4
,Fault6/Fault6-condition5/Fault6-condition5-5.csv,6,5,5,False,missing_expected_sample,,missing_expected_sample,200.0,,0,0,Fault6-condition5-opening5
,Fault6/Fault6-condition5/Fault6-condition5-6.csv,6,5,6,False,missing_expected_sample,,missing_expected_sample,200.0,,0,0,Fault6-condition5-opening6
,Fault6/Fault6-condition5/Fault6-condition5-7.csv,6,5,7,False,missing_expected_sample,,missing_expected_sample,200.0,,0,0,Fault6-condition5-opening7
,Fault6/Fault6-condition5/Fault6-condition5-8.csv,6,5,8,False,missing_expected_sample,,missing_expected_sample,200.0,,0,0,Fault6-condition5-opening8
,Fault6/Fault6-condition5/Fault6-condition5-9.csv,6,5,9,False,missing_expected_sample,,missing_expected_sample,200.0,,0,0,Fault6-condition5-opening9
,Fault6/Fault6-condition5/Fault6-condition5-10.csv,6,5,10,False,missing_expected_sample,,missing_expected_sample,200.0,,0,0,Fault6-condition5-opening10
,Fault6/Fault6-condition5/Fault6-condition5-11.csv,6,5,11,False,missing_expected_sample,,missing_expected_sample,200.0,,0,0,Fault6-condition5-opening11
,Fault6/Fault6-condition5/Fault6-condition5-12.csv,6,5,12,False,missing_expected_sample,,missing_expected_sample,200.0,,0,0,Fault6-condition5-opening12
,Fault6/Fault6-condition5/Fault6-condition5-13.csv,6,5,13,False,missing_expected_sample,,missing_expected_sample,200.0,,0,0,Fault6-condition5-opening13
,Fault6/Fault6-condition5/Fault6-condition5-14.csv,6,5,14,False,missing_expected_sample,,missing_expected_sample,200.0,,0,0,Fault6-condition5-opening14
,Fault6/Fault6-condition5/Fault6-condition5-15.csv,6,5,15,False,missing_expected_sample,,missing_expected_sample,200.0,,0,0,Fault6-condition5-opening15
,Fault6/Fault6-condition5/Fault6-condition5-16.csv,6,5,16,False,missing_expected_sample,,missing_expected_sample,200.0,,0,0,Fault6-condition5-opening16
,Fault6/Fault6-condition5/Fault6-condition5-17.csv,6,5,17,False,missing_expected_sample,,missing_expected_sample,200.0,,0,0,Fault6-condition5-opening17
,Fault6/Fault6-condition5/Fault6-condition5-18.csv,6,5,18,False,missing_expected_sample,,missing_expected_sample,200.0,,0,0,Fault6-condition5-opening18
,Fault6/Fault6-condition5/Fault6-condition5-19.csv,6,5,19,False,missing_expected_sample,,missing_expected_sample,200.0,,0,0,Fault6-condition5-opening19
,Fault6/Fault6-condition5/Fault6-condition5-20.csv,6,5,20,False,missing_expected_sample,,missing_expected_sample,200.0,,0,0,Fault6-condition5-opening20
,Fault6/Fault6-condition6/Fault6-condition6-1.csv,6,6,1,False,missing_expected_sample,,missing_expected_sample,200.0,,0,0,Fault6-condition6-opening1
,Fault6/Fault6-condition6/Fault6-condition6-2.csv,6,6,2,False,missing_expected_sample,,missing_expected_sample,200.0,,0,0,Fault6-condition6-opening2
,Fault6/Fault6-condition6/Fault6-condition6-3.csv,6,6,3,False,missing_expected_sample,,missing_expected_sample,200.0,,0,0,Fault6-condition6-opening3
,Fault6/Fault6-condition6/Fault6-condition6-4.csv,6,6,4,False,missing_expected_sample,,missing_expected_sample,200.0,,0,0,Fault6-condition6-opening4
,Fault6/Fault6-condition6/Fault6-condition6-5.csv,6,6,5,False,missing_expected_sample,,missing_expected_sample,200.0,,0,0,Fault6-condition6-opening5
,Fault6/Fault6-condition6/Fault6-condition6-6.csv,6,6,6,False,missing_expected_sample,,missing_expected_sample,200.0,,0,0,Fault6-condition6-opening6
,Fault6/Fault6-condition6/Fault6-condition6-7.csv,6,6,7,False,missing_expected_sample,,missing_expected_sample,200.0,,0,0,Fault6-condition6-opening7
,Fault6/Fault6-condition6/Fault6-condition6-8.csv,6,6,8,False,missing_expected_sample,,missing_expected_sample,200.0,,0,0,Fault6-condition6-opening8
,Fault6/Fault6-condition6/Fault6-condition6-9.csv,6,6,9,False,missing_expected_sample,,missing_expected_sample,200.0,,0,0,Fault6-condition6-opening9
,Fault6/Fault6-condition6/Fault6-condition6-10.csv,6,6,10,False,missing_expected_sample,,missing_expected_sample,200.0,,0,0,Fault6-condition6-opening10
,Fault6/Fault6-condition6/Fault6-condition6-11.csv,6,6,11,False,missing_expected_sample,,missing_expected_sample,200.0,,0,0,Fault6-condition6-opening11
,Fault6/Fault6-condition6/Fault6-condition6-12.csv,6,6,12,False,missing_expected_sample,,missing_expected_sample,200.0,,0,0,Fault6-condition6-opening12
,Fault6/Fault6-condition6/Fault6-condition6-13.csv,6,6,13,False,missing_expected_sample,,missing_expected_sample,200.0,,0,0,Fault6-condition6-opening13
,Fault6/Fault6-condition6/Fault6-condition6-14.csv,6,6,14,False,missing_expected_sample,,missing_expected_sample,200.0,,0,0,Fault6-condition6-opening14
,Fault6/Fault6-condition6/Fault6-condition6-15.csv,6,6,15,False,missing_expected_sample,,missing_expected_sample,200.0,,0,0,Fault6-condition6-opening15
,Fault6/Fault6-condition6/Fault6-condition6-16.csv,6,6,16,False,missing_expected_sample,,missing_expected_sample,200.0,,0,0,Fault6-condition6-opening16
,Fault6/Fault6-condition6/Fault6-condition6-17.csv,6,6,17,False,missing_expected_sample,,missing_expected_sample,200.0,,0,0,Fault6-condition6-opening17
,Fault6/Fault6-condition6/Fault6-condition6-18.csv,6,6,18,False,missing_expected_sample,,missing_expected_sample,200.0,,0,0,Fault6-condition6-opening18
,Fault6/Fault6-condition6/Fault6-condition6-19.csv,6,6,19,False,missing_expected_sample,,missing_expected_sample,200.0,,0,0,Fault6-condition6-opening19
,Fault6/Fault6-condition6/Fault6-condition6-20.csv,6,6,20,False,missing_expected_sample,,missing_expected_sample,200.0,,0,0,Fault6-condition6-opening20
,Fault6/Fault6-condition7/Fault6-condition7-1.csv,6,7,1,False,missing_expected_sample,,missing_expected_sample,200.0,,0,0,Fault6-condition7-opening1
,Fault6/Fault6-condition7/Fault6-condition7-2.csv,6,7,2,False,missing_expected_sample,,missing_expected_sample,200.0,,0,0,Fault6-condition7-opening2
,Fault6/Fault6-condition7/Fault6-condition7-3.csv,6,7,3,False,missing_expected_sample,,missing_expected_sample,200.0,,0,0,Fault6-condition7-opening3
,Fault6/Fault6-condition7/Fault6-condition7-4.csv,6,7,4,False,missing_expected_sample,,missing_expected_sample,200.0,,0,0,Fault6-condition7-opening4
,Fault6/Fault6-condition7/Fault6-condition7-5.csv,6,7,5,False,missing_expected_sample,,missing_expected_sample,200.0,,0,0,Fault6-condition7-opening5
,Fault6/Fault6-condition7/Fault6-condition7-6.csv,6,7,6,False,missing_expected_sample,,missing_expected_sample,200.0,,0,0,Fault6-condition7-opening6
,Fault6/Fault6-condition7/Fault6-condition7-7.csv,6,7,7,False,missing_expected_sample,,missing_expected_sample,200.0,,0,0,Fault6-condition7-opening7
,Fault6/Fault6-condition7/Fault6-condition7-8.csv,6,7,8,False,missing_expected_sample,,missing_expected_sample,200.0,,0,0,Fault6-condition7-opening8
,Fault6/Fault6-condition7/Fault6-condition7-9.csv,6,7,9,False,missing_expected_sample,,missing_expected_sample,200.0,,0,0,Fault6-condition7-opening9
,Fault6/Fault6-condition7/Fault6-condition7-10.csv,6,7,10,False,missing_expected_sample,,missing_expected_sample,200.0,,0,0,Fault6-condition7-opening10
,Fault6/Fault6-condition7/Fault6-condition7-11.csv,6,7,11,False,missing_expected_sample,,missing_expected_sample,200.0,,0,0,Fault6-condition7-opening11
,Fault6/Fault6-condition7/Fault6-condition7-12.csv,6,7,12,False,missing_expected_sample,,missing_expected_sample,200.0,,0,0,Fault6-condition7-opening12
,Fault6/Fault6-condition7/Fault6-condition7-13.csv,6,7,13,False,missing_expected_sample,,missing_expected_sample,200.0,,0,0,Fault6-condition7-opening13
,Fault6/Fault6-condition7/Fault6-condition7-14.csv,6,7,14,False,missing_expected_sample,,missing_expected_sample,200.0,,0,0,Fault6-condition7-opening14
,Fault6/Fault6-condition7/Fault6-condition7-15.csv,6,7,15,False,missing_expected_sample,,missing_expected_sample,200.0,,0,0,Fault6-condition7-opening15
,Fault6/Fault6-condition7/Fault6-condition7-16.csv,6,7,16,False,missing_expected_sample,,missing_expected_sample,200.0,,0,0,Fault6-condition7-opening16
,Fault6/Fault6-condition7/Fault6-condition7-17.csv,6,7,17,False,missing_expected_sample,,missing_expected_sample,200.0,,0,0,Fault6-condition7-opening17
,Fault6/Fault6-condition7/Fault6-condition7-18.csv,6,7,18,False,missing_expected_sample,,missing_expected_sample,200.0,,0,0,Fault6-condition7-opening18
,Fault6/Fault6-condition7/Fault6-condition7-19.csv,6,7,19,False,missing_expected_sample,,missing_expected_sample,200.0,,0,0,Fault6-condition7-opening19
,Fault6/Fault6-condition7/Fault6-condition7-20.csv,6,7,20,False,missing_expected_sample,,missing_expected_sample,200.0,,0,0,Fault6-condition7-opening20
,Fault6/Fault6-condition8/Fault6-condition8-1.csv,6,8,1,False,missing_expected_sample,,missing_expected_sample,200.0,,0,0,Fault6-condition8-opening1
,Fault6/Fault6-condition8/Fault6-condition8-2.csv,6,8,2,False,missing_expected_sample,,missing_expected_sample,200.0,,0,0,Fault6-condition8-opening2
,Fault6/Fault6-condition8/Fault6-condition8-3.csv,6,8,3,False,missing_expected_sample,,missing_expected_sample,200.0,,0,0,Fault6-condition8-opening3
,Fault6/Fault6-condition8/Fault6-condition8-4.csv,6,8,4,False,missing_expected_sample,,missing_expected_sample,200.0,,0,0,Fault6-condition8-opening4
,Fault6/Fault6-condition8/Fault6-condition8-5.csv,6,8,5,False,missing_expected_sample,,missing_expected_sample,200.0,,0,0,Fault6-condition8-opening5
,Fault6/Fault6-condition8/Fault6-condition8-6.csv,6,8,6,False,missing_expected_sample,,missing_expected_sample,200.0,,0,0,Fault6-condition8-opening6
,Fault6/Fault6-condition8/Fault6-condition8-7.csv,6,8,7,False,missing_expected_sample,,missing_expected_sample,200.0,,0,0,Fault6-condition8-opening7
,Fault6/Fault6-condition8/Fault6-condition8-8.csv,6,8,8,False,missing_expected_sample,,missing_expected_sample,200.0,,0,0,Fault6-condition8-opening8
,Fault6/Fault6-condition8/Fault6-condition8-9.csv,6,8,9,False,missing_expected_sample,,missing_expected_sample,200.0,,0,0,Fault6-condition8-opening9
,Fault6/Fault6-condition8/Fault6-condition8-10.csv,6,8,10,False,missing_expected_sample,,missing_expected_sample,200.0,,0,0,Fault6-condition8-opening10
,Fault6/Fault6-condition8/Fault6-condition8-11.csv,6,8,11,False,missing_expected_sample,,missing_expected_sample,200.0,,0,0,Fault6-condition8-opening11
,Fault6/Fault6-condition8/Fault6-condition8-12.csv,6,8,12,False,missing_expected_sample,,missing_expected_sample,200.0,,0,0,Fault6-condition8-opening12
,Fault6/Fault6-condition8/Fault6-condition8-13.csv,6,8,13,False,missing_expected_sample,,missing_expected_sample,200.0,,0,0,Fault6-condition8-opening13
,Fault6/Fault6-condition8/Fault6-condition8-14.csv,6,8,14,False,missing_expected_sample,,missing_expected_sample,200.0,,0,0,Fault6-condition8-opening14
,Fault6/Fault6-condition8/Fault6-condition8-15.csv,6,8,15,False,missing_expected_sample,,missing_expected_sample,200.0,,0,0,Fault6-condition8-opening15
,Fault6/Fault6-condition8/Fault6-condition8-16.csv,6,8,16,False,missing_expected_sample,,missing_expected_sample,200.0,,0,0,Fault6-condition8-opening16
,Fault6/Fault6-condition8/Fault6-condition8-17.csv,6,8,17,False,missing_expected_sample,,missing_expected_sample,200.0,,0,0,Fault6-condition8-opening17
,Fault6/Fault6-condition8/Fault6-condition8-18.csv,6,8,18,False,missing_expected_sample,,missing_expected_sample,200.0,,0,0,Fault6-condition8-opening18
,Fault6/Fault6-condition8/Fault6-condition8-19.csv,6,8,19,False,missing_expected_sample,,missing_expected_sample,200.0,,0,0,Fault6-condition8-opening19
,Fault6/Fault6-condition8/Fault6-condition8-20.csv,6,8,20,False,missing_expected_sample,,missing_expected_sample,200.0,,0,0,Fault6-condition8-opening20
,Fault6/Fault6-condition9/Fault6-condition9-1.csv,6,9,1,False,missing_expected_sample,,missing_expected_sample,200.0,,0,0,Fault6-condition9-opening1
,Fault6/Fault6-condition9/Fault6-condition9-2.csv,6,9,2,False,missing_expected_sample,,missing_expected_sample,200.0,,0,0,Fault6-condition9-opening2
,Fault6/Fault6-condition9/Fault6-condition9-3.csv,6,9,3,False,missing_expected_sample,,missing_expected_sample,200.0,,0,0,Fault6-condition9-opening3
,Fault6/Fault6-condition9/Fault6-condition9-4.csv,6,9,4,False,missing_expected_sample,,missing_expected_sample,200.0,,0,0,Fault6-condition9-opening4
,Fault6/Fault6-condition9/Fault6-condition9-5.csv,6,9,5,False,missing_expected_sample,,missing_expected_sample,200.0,,0,0,Fault6-condition9-opening5
,Fault6/Fault6-condition9/Fault6-condition9-6.csv,6,9,6,False,missing_expected_sample,,missing_expected_sample,200.0,,0,0,Fault6-condition9-opening6
,Fault6/Fault6-condition9/Fault6-condition9-7.csv,6,9,7,False,missing_expected_sample,,missing_expected_sample,200.0,,0,0,Fault6-condition9-opening7
,Fault6/Fault6-condition9/Fault6-condition9-8.csv,6,9,8,False,missing_expected_sample,,missing_expected_sample,200.0,,0,0,Fault6-condition9-opening8
,Fault6/Fault6-condition9/Fault6-condition9-9.csv,6,9,9,False,missing_expected_sample,,missing_expected_sample,200.0,,0,0,Fault6-condition9-opening9
,Fault6/Fault6-condition9/Fault6-condition9-10.csv,6,9,10,False,missing_expected_sample,,missing_expected_sample,200.0,,0,0,Fault6-condition9-opening10
,Fault6/Fault6-condition9/Fault6-condition9-11.csv,6,9,11,False,missing_expected_sample,,missing_expected_sample,200.0,,0,0,Fault6-condition9-opening11
,Fault6/Fault6-condition9/Fault6-condition9-12.csv,6,9,12,False,missing_expected_sample,,missing_expected_sample,200.0,,0,0,Fault6-condition9-opening12
,Fault6/Fault6-condition9/Fault6-condition9-13.csv,6,9,13,False,missing_expected_sample,,missing_expected_sample,200.0,,0,0,Fault6-condition9-opening13
,Fault6/Fault6-condition9/Fault6-condition9-14.csv,6,9,14,False,missing_expected_sample,,missing_expected_sample,200.0,,0,0,Fault6-condition9-opening14
,Fault6/Fault6-condition9/Fault6-condition9-15.csv,6,9,15,False,missing_expected_sample,,missing_expected_sample,200.0,,0,0,Fault6-condition9-opening15
,Fault6/Fault6-condition9/Fault6-condition9-16.csv,6,9,16,False,missing_expected_sample,,missing_expected_sample,200.0,,0,0,Fault6-condition9-opening16
,Fault6/Fault6-condition9/Fault6-condition9-17.csv,6,9,17,False,missing_expected_sample,,missing_expected_sample,200.0,,0,0,Fault6-condition9-opening17
,Fault6/Fault6-condition9/Fault6-condition9-18.csv,6,9,18,False,missing_expected_sample,,missing_expected_sample,200.0,,0,0,Fault6-condition9-opening18
,Fault6/Fault6-condition9/Fault6-condition9-19.csv,6,9,19,False,missing_expected_sample,,missing_expected_sample,200.0,,0,0,Fault6-condition9-opening19
,Fault6/Fault6-condition9/Fault6-condition9-20.csv,6,9,20,False,missing_expected_sample,,missing_expected_sample,200.0,,0,0,Fault6-condition9-opening20
,Fault6/Fault6-condition10/Fault6-condition10-1.csv,6,10,1,False,missing_expected_sample,,missing_expected_sample,200.0,,0,0,Fault6-condition10-opening1
,Fault6/Fault6-condition10/Fault6-condition10-2.csv,6,10,2,False,missing_expected_sample,,missing_expected_sample,200.0,,0,0,Fault6-condition10-opening2
,Fault6/Fault6-condition10/Fault6-condition10-3.csv,6,10,3,False,missing_expected_sample,,missing_expected_sample,200.0,,0,0,Fault6-condition10-opening3
,Fault6/Fault6-condition10/Fault6-condition10-4.csv,6,10,4,False,missing_expected_sample,,missing_expected_sample,200.0,,0,0,Fault6-condition10-opening4
,Fault6/Fault6-condition10/Fault6-condition10-5.csv,6,10,5,False,missing_expected_sample,,missing_expected_sample,200.0,,0,0,Fault6-condition10-opening5
,Fault6/Fault6-condition10/Fault6-condition10-6.csv,6,10,6,False,missing_expected_sample,,missing_expected_sample,200.0,,0,0,Fault6-condition10-opening6
,Fault6/Fault6-condition10/Fault6-condition10-7.csv,6,10,7,False,missing_expected_sample,,missing_expected_sample,200.0,,0,0,Fault6-condition10-opening7
,Fault6/Fault6-condition10/Fault6-condition10-8.csv,6,10,8,False,missing_expected_sample,,missing_expected_sample,200.0,,0,0,Fault6-condition10-opening8
,Fault6/Fault6-condition10/Fault6-condition10-9.csv,6,10,9,False,missing_expected_sample,,missing_expected_sample,200.0,,0,0,Fault6-condition10-opening9
,Fault6/Fault6-condition10/Fault6-condition10-10.csv,6,10,10,False,missing_expected_sample,,missing_expected_sample,200.0,,0,0,Fault6-condition10-opening10
,Fault6/Fault6-condition10/Fault6-condition10-11.csv,6,10,11,False,missing_expected_sample,,missing_expected_sample,200.0,,0,0,Fault6-condition10-opening11
,Fault6/Fault6-condition10/Fault6-condition10-12.csv,6,10,12,False,missing_expected_sample,,missing_expected_sample,200.0,,0,0,Fault6-condition10-opening12
,Fault6/Fault6-condition10/Fault6-condition10-13.csv,6,10,13,False,missing_expected_sample,,missing_expected_sample,200.0,,0,0,Fault6-condition10-opening13
,Fault6/Fault6-condition10/Fault6-condition10-14.csv,6,10,14,False,missing_expected_sample,,missing_expected_sample,200.0,,0,0,Fault6-condition10-opening14
,Fault6/Fault6-condition10/Fault6-condition10-15.csv,6,10,15,False,missing_expected_sample,,missing_expected_sample,200.0,,0,0,Fault6-condition10-opening15
,Fault6/Fault6-condition10/Fault6-condition10-16.csv,6,10,16,False,missing_expected_sample,,missing_expected_sample,200.0,,0,0,Fault6-condition10-opening16
,Fault6/Fault6-condition10/Fault6-condition10-17.csv,6,10,17,False,missing_expected_sample,,missing_expected_sample,200.0,,0,0,Fault6-condition10-opening17
,Fault6/Fault6-condition10/Fault6-condition10-18.csv,6,10,18,False,missing_expected_sample,,missing_expected_sample,200.0,,0,0,Fault6-condition10-opening18
,Fault6/Fault6-condition10/Fault6-condition10-19.csv,6,10,19,False,missing_expected_sample,,missing_expected_sample,200.0,,0,0,Fault6-condition10-opening19
,Fault6/Fault6-condition10/Fault6-condition10-20.csv,6,10,20,False,missing_expected_sample,,missing_expected_sample,200.0,,0,0,Fault6-condition10-opening20
,Fault7/Fault7-condition1/Fault7-condition1-1.csv,7,1,1,False,missing_expected_sample,,missing_expected_sample,200.0,,0,0,Fault7-condition1-opening1
,Fault7/Fault7-condition1/Fault7-condition1-2.csv,7,1,2,False,missing_expected_sample,,missing_expected_sample,200.0,,0,0,Fault7-condition1-opening2
,Fault7/Fault7-condition1/Fault7-condition1-3.csv,7,1,3,False,missing_expected_sample,,missing_expected_sample,200.0,,0,0,Fault7-condition1-opening3
,Fault7/Fault7-condition1/Fault7-condition1-4.csv,7,1,4,False,missing_expected_sample,,missing_expected_sample,200.0,,0,0,Fault7-condition1-opening4
,Fault7/Fault7-condition1/Fault7-condition1-5.csv,7,1,5,False,missing_expected_sample,,missing_expected_sample,200.0,,0,0,Fault7-condition1-opening5
,Fault7/Fault7-condition1/Fault7-condition1-6.csv,7,1,6,False,missing_expected_sample,,missing_expected_sample,200.0,,0,0,Fault7-condition1-opening6
,Fault7/Fault7-condition1/Fault7-condition1-7.csv,7,1,7,False,missing_expected_sample,,missing_expected_sample,200.0,,0,0,Fault7-condition1-opening7
,Fault7/Fault7-condition1/Fault7-condition1-8.csv,7,1,8,False,missing_expected_sample,,missing_expected_sample,200.0,,0,0,Fault7-condition1-opening8
,Fault7/Fault7-condition1/Fault7-condition1-9.csv,7,1,9,False,missing_expected_sample,,missing_expected_sample,200.0,,0,0,Fault7-condition1-opening9
,Fault7/Fault7-condition1/Fault7-condition1-10.csv,7,1,10,False,missing_expected_sample,,missing_expected_sample,200.0,,0,0,Fault7-condition1-opening10
,Fault7/Fault7-condition1/Fault7-condition1-11.csv,7,1,11,False,missing_expected_sample,,missing_expected_sample,200.0,,0,0,Fault7-condition1-opening11
,Fault7/Fault7-condition1/Fault7-condition1-12.csv,7,1,12,False,missing_expected_sample,,missing_expected_sample,200.0,,0,0,Fault7-condition1-opening12
,Fault7/Fault7-condition1/Fault7-condition1-13.csv,7,1,13,False,missing_expected_sample,,missing_expected_sample,200.0,,0,0,Fault7-condition1-opening13
,Fault7/Fault7-condition1/Fault7-condition1-14.csv,7,1,14,False,missing_expected_sample,,missing_expected_sample,200.0,,0,0,Fault7-condition1-opening14
,Fault7/Fault7-condition1/Fault7-condition1-15.csv,7,1,15,False,missing_expected_sample,,missing_expected_sample,200.0,,0,0,Fault7-condition1-opening15
,Fault7/Fault7-condition1/Fault7-condition1-16.csv,7,1,16,False,missing_expected_sample,,missing_expected_sample,200.0,,0,0,Fault7-condition1-opening16
,Fault7/Fault7-condition1/Fault7-condition1-17.csv,7,1,17,False,missing_expected_sample,,missing_expected_sample,200.0,,0,0,Fault7-condition1-opening17
,Fault7/Fault7-condition1/Fault7-condition1-18.csv,7,1,18,False,missing_expected_sample,,missing_expected_sample,200.0,,0,0,Fault7-condition1-opening18
,Fault7/Fault7-condition1/Fault7-condition1-19.csv,7,1,19,False,missing_expected_sample,,missing_expected_sample,200.0,,0,0,Fault7-condition1-opening19
,Fault7/Fault7-condition1/Fault7-condition1-20.csv,7,1,20,False,missing_expected_sample,,missing_expected_sample,200.0,,0,0,Fault7-condition1-opening20
,Fault7/Fault7-condition2/Fault7-condition2-1.csv,7,2,1,False,missing_expected_sample,,missing_expected_sample,200.0,,0,0,Fault7-condition2-opening1
,Fault7/Fault7-condition2/Fault7-condition2-2.csv,7,2,2,False,missing_expected_sample,,missing_expected_sample,200.0,,0,0,Fault7-condition2-opening2
,Fault7/Fault7-condition2/Fault7-condition2-3.csv,7,2,3,False,missing_expected_sample,,missing_expected_sample,200.0,,0,0,Fault7-condition2-opening3
,Fault7/Fault7-condition2/Fault7-condition2-4.csv,7,2,4,False,missing_expected_sample,,missing_expected_sample,200.0,,0,0,Fault7-condition2-opening4
,Fault7/Fault7-condition2/Fault7-condition2-5.csv,7,2,5,False,missing_expected_sample,,missing_expected_sample,200.0,,0,0,Fault7-condition2-opening5
,Fault7/Fault7-condition2/Fault7-condition2-6.csv,7,2,6,False,missing_expected_sample,,missing_expected_sample,200.0,,0,0,Fault7-condition2-opening6
,Fault7/Fault7-condition2/Fault7-condition2-7.csv,7,2,7,False,missing_expected_sample,,missing_expected_sample,200.0,,0,0,Fault7-condition2-opening7
,Fault7/Fault7-condition2/Fault7-condition2-8.csv,7,2,8,False,missing_expected_sample,,missing_expected_sample,200.0,,0,0,Fault7-condition2-opening8
,Fault7/Fault7-condition2/Fault7-condition2-9.csv,7,2,9,False,missing_expected_sample,,missing_expected_sample,200.0,,0,0,Fault7-condition2-opening9
,Fault7/Fault7-condition2/Fault7-condition2-10.csv,7,2,10,False,missing_expected_sample,,missing_expected_sample,200.0,,0,0,Fault7-condition2-opening10
,Fault7/Fault7-condition2/Fault7-condition2-11.csv,7,2,11,False,missing_expected_sample,,missing_expected_sample,200.0,,0,0,Fault7-condition2-opening11
,Fault7/Fault7-condition2/Fault7-condition2-12.csv,7,2,12,False,missing_expected_sample,,missing_expected_sample,200.0,,0,0,Fault7-condition2-opening12
,Fault7/Fault7-condition2/Fault7-condition2-13.csv,7,2,13,False,missing_expected_sample,,missing_expected_sample,200.0,,0,0,Fault7-condition2-opening13
,Fault7/Fault7-condition2/Fault7-condition2-14.csv,7,2,14,False,missing_expected_sample,,missing_expected_sample,200.0,,0,0,Fault7-condition2-opening14
,Fault7/Fault7-condition2/Fault7-condition2-15.csv,7,2,15,False,missing_expected_sample,,missing_expected_sample,200.0,,0,0,Fault7-condition2-opening15
,Fault7/Fault7-condition2/Fault7-condition2-16.csv,7,2,16,False,missing_expected_sample,,missing_expected_sample,200.0,,0,0,Fault7-condition2-opening16
,Fault7/Fault7-condition2/Fault7-condition2-17.csv,7,2,17,False,missing_expected_sample,,missing_expected_sample,200.0,,0,0,Fault7-condition2-opening17
,Fault7/Fault7-condition2/Fault7-condition2-18.csv,7,2,18,False,missing_expected_sample,,missing_expected_sample,200.0,,0,0,Fault7-condition2-opening18
,Fault7/Fault7-condition2/Fault7-condition2-19.csv,7,2,19,False,missing_expected_sample,,missing_expected_sample,200.0,,0,0,Fault7-condition2-opening19
,Fault7/Fault7-condition2/Fault7-condition2-20.csv,7,2,20,False,missing_expected_sample,,missing_expected_sample,200.0,,0,0,Fault7-condition2-opening20
,Fault7/Fault7-condition3/Fault7-condition3-1.csv,7,3,1,False,missing_expected_sample,,missing_expected_sample,200.0,,0,0,Fault7-condition3-opening1
,Fault7/Fault7-condition3/Fault7-condition3-2.csv,7,3,2,False,missing_expected_sample,,missing_expected_sample,200.0,,0,0,Fault7-condition3-opening2
,Fault7/Fault7-condition3/Fault7-condition3-3.csv,7,3,3,False,missing_expected_sample,,missing_expected_sample,200.0,,0,0,Fault7-condition3-opening3
,Fault7/Fault7-condition3/Fault7-condition3-4.csv,7,3,4,False,missing_expected_sample,,missing_expected_sample,200.0,,0,0,Fault7-condition3-opening4
,Fault7/Fault7-condition3/Fault7-condition3-5.csv,7,3,5,False,missing_expected_sample,,missing_expected_sample,200.0,,0,0,Fault7-condition3-opening5
,Fault7/Fault7-condition3/Fault7-condition3-6.csv,7,3,6,False,missing_expected_sample,,missing_expected_sample,200.0,,0,0,Fault7-condition3-opening6
,Fault7/Fault7-condition3/Fault7-condition3-7.csv,7,3,7,False,missing_expected_sample,,missing_expected_sample,200.0,,0,0,Fault7-condition3-opening7
,Fault7/Fault7-condition3/Fault7-condition3-8.csv,7,3,8,False,missing_expected_sample,,missing_expected_sample,200.0,,0,0,Fault7-condition3-opening8
,Fault7/Fault7-condition3/Fault7-condition3-9.csv,7,3,9,False,missing_expected_sample,,missing_expected_sample,200.0,,0,0,Fault7-condition3-opening9
,Fault7/Fault7-condition3/Fault7-condition3-10.csv,7,3,10,False,missing_expected_sample,,missing_expected_sample,200.0,,0,0,Fault7-condition3-opening10
,Fault7/Fault7-condition3/Fault7-condition3-11.csv,7,3,11,False,missing_expected_sample,,missing_expected_sample,200.0,,0,0,Fault7-condition3-opening11
,Fault7/Fault7-condition3/Fault7-condition3-12.csv,7,3,12,False,missing_expected_sample,,missing_expected_sample,200.0,,0,0,Fault7-condition3-opening12
,Fault7/Fault7-condition3/Fault7-condition3-13.csv,7,3,13,False,missing_expected_sample,,missing_expected_sample,200.0,,0,0,Fault7-condition3-opening13
,Fault7/Fault7-condition3/Fault7-condition3-14.csv,7,3,14,False,missing_expected_sample,,missing_expected_sample,200.0,,0,0,Fault7-condition3-opening14
,Fault7/Fault7-condition3/Fault7-condition3-15.csv,7,3,15,False,missing_expected_sample,,missing_expected_sample,200.0,,0,0,Fault7-condition3-opening15
,Fault7/Fault7-condition3/Fault7-condition3-16.csv,7,3,16,False,missing_expected_sample,,missing_expected_sample,200.0,,0,0,Fault7-condition3-opening16
,Fault7/Fault7-condition3/Fault7-condition3-17.csv,7,3,17,False,missing_expected_sample,,missing_expected_sample,200.0,,0,0,Fault7-condition3-opening17
,Fault7/Fault7-condition3/Fault7-condition3-18.csv,7,3,18,False,missing_expected_sample,,missing_expected_sample,200.0,,0,0,Fault7-condition3-opening18
,Fault7/Fault7-condition3/Fault7-condition3-19.csv,7,3,19,False,missing_expected_sample,,missing_expected_sample,200.0,,0,0,Fault7-condition3-opening19
,Fault7/Fault7-condition3/Fault7-condition3-20.csv,7,3,20,False,missing_expected_sample,,missing_expected_sample,200.0,,0,0,Fault7-condition3-opening20
,Fault7/Fault7-condition4/Fault7-condition4-1.csv,7,4,1,False,missing_expected_sample,,missing_expected_sample,200.0,,0,0,Fault7-condition4-opening1
,Fault7/Fault7-condition4/Fault7-condition4-2.csv,7,4,2,False,missing_expected_sample,,missing_expected_sample,200.0,,0,0,Fault7-condition4-opening2
,Fault7/Fault7-condition4/Fault7-condition4-3.csv,7,4,3,False,missing_expected_sample,,missing_expected_sample,200.0,,0,0,Fault7-condition4-opening3
,Fault7/Fault7-condition4/Fault7-condition4-4.csv,7,4,4,False,missing_expected_sample,,missing_expected_sample,200.0,,0,0,Fault7-condition4-opening4
,Fault7/Fault7-condition4/Fault7-condition4-5.csv,7,4,5,False,missing_expected_sample,,missing_expected_sample,200.0,,0,0,Fault7-condition4-opening5
,Fault7/Fault7-condition4/Fault7-condition4-6.csv,7,4,6,False,missing_expected_sample,,missing_expected_sample,200.0,,0,0,Fault7-condition4-opening6
,Fault7/Fault7-condition4/Fault7-condition4-7.csv,7,4,7,False,missing_expected_sample,,missing_expected_sample,200.0,,0,0,Fault7-condition4-opening7
,Fault7/Fault7-condition4/Fault7-condition4-8.csv,7,4,8,False,missing_expected_sample,,missing_expected_sample,200.0,,0,0,Fault7-condition4-opening8
,Fault7/Fault7-condition4/Fault7-condition4-9.csv,7,4,9,False,missing_expected_sample,,missing_expected_sample,200.0,,0,0,Fault7-condition4-opening9
,Fault7/Fault7-condition4/Fault7-condition4-10.csv,7,4,10,False,missing_expected_sample,,missing_expected_sample,200.0,,0,0,Fault7-condition4-opening10
,Fault7/Fault7-condition4/Fault7-condition4-11.csv,7,4,11,False,missing_expected_sample,,missing_expected_sample,200.0,,0,0,Fault7-condition4-opening11
,Fault7/Fault7-condition4/Fault7-condition4-12.csv,7,4,12,False,missing_expected_sample,,missing_expected_sample,200.0,,0,0,Fault7-condition4-opening12
,Fault7/Fault7-condition4/Fault7-condition4-13.csv,7,4,13,False,missing_expected_sample,,missing_expected_sample,200.0,,0,0,Fault7-condition4-opening13
,Fault7/Fault7-condition4/Fault7-condition4-14.csv,7,4,14,False,missing_expected_sample,,missing_expected_sample,200.0,,0,0,Fault7-condition4-opening14
,Fault7/Fault7-condition4/Fault7-condition4-15.csv,7,4,15,False,missing_expected_sample,,missing_expected_sample,200.0,,0,0,Fault7-condition4-opening15
,Fault7/Fault7-condition4/Fault7-condition4-16.csv,7,4,16,False,missing_expected_sample,,missing_expected_sample,200.0,,0,0,Fault7-condition4-opening16
,Fault7/Fault7-condition4/Fault7-condition4-17.csv,7,4,17,False,missing_expected_sample,,missing_expected_sample,200.0,,0,0,Fault7-condition4-opening17
,Fault7/Fault7-condition4/Fault7-condition4-18.csv,7,4,18,False,missing_expected_sample,,missing_expected_sample,200.0,,0,0,Fault7-condition4-opening18
,Fault7/Fault7-condition4/Fault7-condition4-19.csv,7,4,19,False,missing_expected_sample,,missing_expected_sample,200.0,,0,0,Fault7-condition4-opening19
,Fault7/Fault7-condition4/Fault7-condition4-20.csv,7,4,20,False,missing_expected_sample,,missing_expected_sample,200.0,,0,0,Fault7-condition4-opening20
,Fault7/Fault7-condition5/Fault7-condition5-1.csv,7,5,1,False,missing_expected_sample,,missing_expected_sample,200.0,,0,0,Fault7-condition5-opening1
,Fault7/Fault7-condition5/Fault7-condition5-2.csv,7,5,2,False,missing_expected_sample,,missing_expected_sample,200.0,,0,0,Fault7-condition5-opening2
,Fault7/Fault7-condition5/Fault7-condition5-3.csv,7,5,3,False,missing_expected_sample,,missing_expected_sample,200.0,,0,0,Fault7-condition5-opening3
,Fault7/Fault7-condition5/Fault7-condition5-4.csv,7,5,4,False,missing_expected_sample,,missing_expected_sample,200.0,,0,0,Fault7-condition5-opening4
,Fault7/Fault7-condition5/Fault7-condition5-5.csv,7,5,5,False,missing_expected_sample,,missing_expected_sample,200.0,,0,0,Fault7-condition5-opening5
,Fault7/Fault7-condition5/Fault7-condition5-6.csv,7,5,6,False,missing_expected_sample,,missing_expected_sample,200.0,,0,0,Fault7-condition5-opening6
,Fault7/Fault7-condition5/Fault7-condition5-7.csv,7,5,7,False,missing_expected_sample,,missing_expected_sample,200.0,,0,0,Fault7-condition5-opening7
,Fault7/Fault7-condition5/Fault7-condition5-8.csv,7,5,8,False,missing_expected_sample,,missing_expected_sample,200.0,,0,0,Fault7-condition5-opening8
,Fault7/Fault7-condition5/Fault7-condition5-9.csv,7,5,9,False,missing_expected_sample,,missing_expected_sample,200.0,,0,0,Fault7-condition5-opening9
,Fault7/Fault7-condition5/Fault7-condition5-10.csv,7,5,10,False,missing_expected_sample,,missing_expected_sample,200.0,,0,0,Fault7-condition5-opening10
,Fault7/Fault7-condition5/Fault7-condition5-11.csv,7,5,11,False,missing_expected_sample,,missing_expected_sample,200.0,,0,0,Fault7-condition5-opening11
,Fault7/Fault7-condition5/Fault7-condition5-12.csv,7,5,12,False,missing_expected_sample,,missing_expected_sample,200.0,,0,0,Fault7-condition5-opening12
,Fault7/Fault7-condition5/Fault7-condition5-13.csv,7,5,13,False,missing_expected_sample,,missing_expected_sample,200.0,,0,0,Fault7-condition5-opening13
,Fault7/Fault7-condition5/Fault7-condition5-14.csv,7,5,14,False,missing_expected_sample,,missing_expected_sample,200.0,,0,0,Fault7-condition5-opening14
,Fault7/Fault7-condition5/Fault7-condition5-15.csv,7,5,15,False,missing_expected_sample,,missing_expected_sample,200.0,,0,0,Fault7-condition5-opening15
,Fault7/Fault7-condition5/Fault7-condition5-16.csv,7,5,16,False,missing_expected_sample,,missing_expected_sample,200.0,,0,0,Fault7-condition5-opening16
,Fault7/Fault7-condition5/Fault7-condition5-17.csv,7,5,17,False,missing_expected_sample,,missing_expected_sample,200.0,,0,0,Fault7-condition5-opening17
,Fault7/Fault7-condition5/Fault7-condition5-18.csv,7,5,18,False,missing_expected_sample,,missing_expected_sample,200.0,,0,0,Fault7-condition5-opening18
,Fault7/Fault7-condition5/Fault7-condition5-19.csv,7,5,19,False,missing_expected_sample,,missing_expected_sample,200.0,,0,0,Fault7-condition5-opening19
,Fault7/Fault7-condition5/Fault7-condition5-20.csv,7,5,20,False,missing_expected_sample,,missing_expected_sample,200.0,,0,0,Fault7-condition5-opening20
,Fault7/Fault7-condition6/Fault7-condition6-1.csv,7,6,1,False,missing_expected_sample,,missing_expected_sample,200.0,,0,0,Fault7-condition6-opening1
,Fault7/Fault7-condition6/Fault7-condition6-2.csv,7,6,2,False,missing_expected_sample,,missing_expected_sample,200.0,,0,0,Fault7-condition6-opening2
,Fault7/Fault7-condition6/Fault7-condition6-3.csv,7,6,3,False,missing_expected_sample,,missing_expected_sample,200.0,,0,0,Fault7-condition6-opening3
,Fault7/Fault7-condition6/Fault7-condition6-4.csv,7,6,4,False,missing_expected_sample,,missing_expected_sample,200.0,,0,0,Fault7-condition6-opening4
,Fault7/Fault7-condition6/Fault7-condition6-5.csv,7,6,5,False,missing_expected_sample,,missing_expected_sample,200.0,,0,0,Fault7-condition6-opening5
,Fault7/Fault7-condition6/Fault7-condition6-6.csv,7,6,6,False,missing_expected_sample,,missing_expected_sample,200.0,,0,0,Fault7-condition6-opening6
,Fault7/Fault7-condition6/Fault7-condition6-7.csv,7,6,7,False,missing_expected_sample,,missing_expected_sample,200.0,,0,0,Fault7-condition6-opening7
,Fault7/Fault7-condition6/Fault7-condition6-8.csv,7,6,8,False,missing_expected_sample,,missing_expected_sample,200.0,,0,0,Fault7-condition6-opening8
,Fault7/Fault7-condition6/Fault7-condition6-9.csv,7,6,9,False,missing_expected_sample,,missing_expected_sample,200.0,,0,0,Fault7-condition6-opening9
,Fault7/Fault7-condition6/Fault7-condition6-10.csv,7,6,10,False,missing_expected_sample,,missing_expected_sample,200.0,,0,0,Fault7-condition6-opening10
,Fault7/Fault7-condition6/Fault7-condition6-11.csv,7,6,11,False,missing_expected_sample,,missing_expected_sample,200.0,,0,0,Fault7-condition6-opening11
,Fault7/Fault7-condition6/Fault7-condition6-12.csv,7,6,12,False,missing_expected_sample,,missing_expected_sample,200.0,,0,0,Fault7-condition6-opening12
,Fault7/Fault7-condition6/Fault7-condition6-13.csv,7,6,13,False,missing_expected_sample,,missing_expected_sample,200.0,,0,0,Fault7-condition6-opening13
,Fault7/Fault7-condition6/Fault7-condition6-14.csv,7,6,14,False,missing_expected_sample,,missing_expected_sample,200.0,,0,0,Fault7-condition6-opening14
,Fault7/Fault7-condition6/Fault7-condition6-15.csv,7,6,15,False,missing_expected_sample,,missing_expected_sample,200.0,,0,0,Fault7-condition6-opening15
,Fault7/Fault7-condition6/Fault7-condition6-16.csv,7,6,16,False,missing_expected_sample,,missing_expected_sample,200.0,,0,0,Fault7-condition6-opening16
,Fault7/Fault7-condition6/Fault7-condition6-17.csv,7,6,17,False,missing_expected_sample,,missing_expected_sample,200.0,,0,0,Fault7-condition6-opening17
,Fault7/Fault7-condition6/Fault7-condition6-18.csv,7,6,18,False,missing_expected_sample,,missing_expected_sample,200.0,,0,0,Fault7-condition6-opening18
,Fault7/Fault7-condition6/Fault7-condition6-19.csv,7,6,19,False,missing_expected_sample,,missing_expected_sample,200.0,,0,0,Fault7-condition6-opening19
,Fault7/Fault7-condition6/Fault7-condition6-20.csv,7,6,20,False,missing_expected_sample,,missing_expected_sample,200.0,,0,0,Fault7-condition6-opening20
,Fault7/Fault7-condition7/Fault7-condition7-1.csv,7,7,1,False,missing_expected_sample,,missing_expected_sample,200.0,,0,0,Fault7-condition7-opening1
,Fault7/Fault7-condition7/Fault7-condition7-2.csv,7,7,2,False,missing_expected_sample,,missing_expected_sample,200.0,,0,0,Fault7-condition7-opening2
,Fault7/Fault7-condition7/Fault7-condition7-3.csv,7,7,3,False,missing_expected_sample,,missing_expected_sample,200.0,,0,0,Fault7-condition7-opening3
,Fault7/Fault7-condition7/Fault7-condition7-4.csv,7,7,4,False,missing_expected_sample,,missing_expected_sample,200.0,,0,0,Fault7-condition7-opening4
,Fault7/Fault7-condition7/Fault7-condition7-5.csv,7,7,5,False,missing_expected_sample,,missing_expected_sample,200.0,,0,0,Fault7-condition7-opening5
,Fault7/Fault7-condition7/Fault7-condition7-6.csv,7,7,6,False,missing_expected_sample,,missing_expected_sample,200.0,,0,0,Fault7-condition7-opening6
,Fault7/Fault7-condition7/Fault7-condition7-7.csv,7,7,7,False,missing_expected_sample,,missing_expected_sample,200.0,,0,0,Fault7-condition7-opening7
,Fault7/Fault7-condition7/Fault7-condition7-8.csv,7,7,8,False,missing_expected_sample,,missing_expected_sample,200.0,,0,0,Fault7-condition7-opening8
,Fault7/Fault7-condition7/Fault7-condition7-9.csv,7,7,9,False,missing_expected_sample,,missing_expected_sample,200.0,,0,0,Fault7-condition7-opening9
,Fault7/Fault7-condition7/Fault7-condition7-10.csv,7,7,10,False,missing_expected_sample,,missing_expected_sample,200.0,,0,0,Fault7-condition7-opening10
,Fault7/Fault7-condition7/Fault7-condition7-11.csv,7,7,11,False,missing_expected_sample,,missing_expected_sample,200.0,,0,0,Fault7-condition7-opening11
,Fault7/Fault7-condition7/Fault7-condition7-12.csv,7,7,12,False,missing_expected_sample,,missing_expected_sample,200.0,,0,0,Fault7-condition7-opening12
,Fault7/Fault7-condition7/Fault7-condition7-13.csv,7,7,13,False,missing_expected_sample,,missing_expected_sample,200.0,,0,0,Fault7-condition7-opening13
,Fault7/Fault7-condition7/Fault7-condition7-14.csv,7,7,14,False,missing_expected_sample,,missing_expected_sample,200.0,,0,0,Fault7-condition7-opening14
,Fault7/Fault7-condition7/Fault7-condition7-15.csv,7,7,15,False,missing_expected_sample,,missing_expected_sample,200.0,,0,0,Fault7-condition7-opening15
,Fault7/Fault7-condition7/Fault7-condition7-16.csv,7,7,16,False,missing_expected_sample,,missing_expected_sample,200.0,,0,0,Fault7-condition7-opening16
,Fault7/Fault7-condition7/Fault7-condition7-17.csv,7,7,17,False,missing_expected_sample,,missing_expected_sample,200.0,,0,0,Fault7-condition7-opening17
,Fault7/Fault7-condition7/Fault7-condition7-18.csv,7,7,18,False,missing_expected_sample,,missing_expected_sample,200.0,,0,0,Fault7-condition7-opening18
,Fault7/Fault7-condition7/Fault7-condition7-19.csv,7,7,19,False,missing_expected_sample,,missing_expected_sample,200.0,,0,0,Fault7-condition7-opening19
,Fault7/Fault7-condition7/Fault7-condition7-20.csv,7,7,20,False,missing_expected_sample,,missing_expected_sample,200.0,,0,0,Fault7-condition7-opening20
,Fault7/Fault7-condition8/Fault7-condition8-1.csv,7,8,1,False,missing_expected_sample,,missing_expected_sample,200.0,,0,0,Fault7-condition8-opening1
,Fault7/Fault7-condition8/Fault7-condition8-2.csv,7,8,2,False,missing_expected_sample,,missing_expected_sample,200.0,,0,0,Fault7-condition8-opening2
,Fault7/Fault7-condition8/Fault7-condition8-3.csv,7,8,3,False,missing_expected_sample,,missing_expected_sample,200.0,,0,0,Fault7-condition8-opening3
,Fault7/Fault7-condition8/Fault7-condition8-4.csv,7,8,4,False,missing_expected_sample,,missing_expected_sample,200.0,,0,0,Fault7-condition8-opening4
,Fault7/Fault7-condition8/Fault7-condition8-5.csv,7,8,5,False,missing_expected_sample,,missing_expected_sample,200.0,,0,0,Fault7-condition8-opening5
,Fault7/Fault7-condition8/Fault7-condition8-6.csv,7,8,6,False,missing_expected_sample,,missing_expected_sample,200.0,,0,0,Fault7-condition8-opening6
,Fault7/Fault7-condition8/Fault7-condition8-7.csv,7,8,7,False,missing_expected_sample,,missing_expected_sample,200.0,,0,0,Fault7-condition8-opening7
,Fault7/Fault7-condition8/Fault7-condition8-8.csv,7,8,8,False,missing_expected_sample,,missing_expected_sample,200.0,,0,0,Fault7-condition8-opening8
,Fault7/Fault7-condition8/Fault7-condition8-9.csv,7,8,9,False,missing_expected_sample,,missing_expected_sample,200.0,,0,0,Fault7-condition8-opening9
,Fault7/Fault7-condition8/Fault7-condition8-10.csv,7,8,10,False,missing_expected_sample,,missing_expected_sample,200.0,,0,0,Fault7-condition8-opening10
,Fault7/Fault7-condition8/Fault7-condition8-11.csv,7,8,11,False,missing_expected_sample,,missing_expected_sample,200.0,,0,0,Fault7-condition8-opening11
,Fault7/Fault7-condition8/Fault7-condition8-12.csv,7,8,12,False,missing_expected_sample,,missing_expected_sample,200.0,,0,0,Fault7-condition8-opening12
,Fault7/Fault7-condition8/Fault7-condition8-13.csv,7,8,13,False,missing_expected_sample,,missing_expected_sample,200.0,,0,0,Fault7-condition8-opening13
,Fault7/Fault7-condition8/Fault7-condition8-14.csv,7,8,14,False,missing_expected_sample,,missing_expected_sample,200.0,,0,0,Fault7-condition8-opening14
,Fault7/Fault7-condition8/Fault7-condition8-15.csv,7,8,15,False,missing_expected_sample,,missing_expected_sample,200.0,,0,0,Fault7-condition8-opening15
,Fault7/Fault7-condition8/Fault7-condition8-16.csv,7,8,16,False,missing_expected_sample,,missing_expected_sample,200.0,,0,0,Fault7-condition8-opening16
,Fault7/Fault7-condition8/Fault7-condition8-17.csv,7,8,17,False,missing_expected_sample,,missing_expected_sample,200.0,,0,0,Fault7-condition8-opening17
,Fault7/Fault7-condition8/Fault7-condition8-18.csv,7,8,18,False,missing_expected_sample,,missing_expected_sample,200.0,,0,0,Fault7-condition8-opening18
,Fault7/Fault7-condition8/Fault7-condition8-19.csv,7,8,19,False,missing_expected_sample,,missing_expected_sample,200.0,,0,0,Fault7-condition8-opening19
,Fault7/Fault7-condition8/Fault7-condition8-20.csv,7,8,20,False,missing_expected_sample,,missing_expected_sample,200.0,,0,0,Fault7-condition8-opening20
,Fault7/Fault7-condition9/Fault7-condition9-1.csv,7,9,1,False,missing_expected_sample,,missing_expected_sample,200.0,,0,0,Fault7-condition9-opening1
,Fault7/Fault7-condition9/Fault7-condition9-2.csv,7,9,2,False,missing_expected_sample,,missing_expected_sample,200.0,,0,0,Fault7-condition9-opening2
,Fault7/Fault7-condition9/Fault7-condition9-3.csv,7,9,3,False,missing_expected_sample,,missing_expected_sample,200.0,,0,0,Fault7-condition9-opening3
,Fault7/Fault7-condition9/Fault7-condition9-4.csv,7,9,4,False,missing_expected_sample,,missing_expected_sample,200.0,,0,0,Fault7-condition9-opening4
,Fault7/Fault7-condition9/Fault7-condition9-5.csv,7,9,5,False,missing_expected_sample,,missing_expected_sample,200.0,,0,0,Fault7-condition9-opening5
,Fault7/Fault7-condition9/Fault7-condition9-6.csv,7,9,6,False,missing_expected_sample,,missing_expected_sample,200.0,,0,0,Fault7-condition9-opening6
,Fault7/Fault7-condition9/Fault7-condition9-7.csv,7,9,7,False,missing_expected_sample,,missing_expected_sample,200.0,,0,0,Fault7-condition9-opening7
,Fault7/Fault7-condition9/Fault7-condition9-8.csv,7,9,8,False,missing_expected_sample,,missing_expected_sample,200.0,,0,0,Fault7-condition9-opening8
,Fault7/Fault7-condition9/Fault7-condition9-9.csv,7,9,9,False,missing_expected_sample,,missing_expected_sample,200.0,,0,0,Fault7-condition9-opening9
,Fault7/Fault7-condition9/Fault7-condition9-10.csv,7,9,10,False,missing_expected_sample,,missing_expected_sample,200.0,,0,0,Fault7-condition9-opening10
,Fault7/Fault7-condition9/Fault7-condition9-11.csv,7,9,11,False,missing_expected_sample,,missing_expected_sample,200.0,,0,0,Fault7-condition9-opening11
,Fault7/Fault7-condition9/Fault7-condition9-12.csv,7,9,12,False,missing_expected_sample,,missing_expected_sample,200.0,,0,0,Fault7-condition9-opening12
,Fault7/Fault7-condition9/Fault7-condition9-13.csv,7,9,13,False,missing_expected_sample,,missing_expected_sample,200.0,,0,0,Fault7-condition9-opening13
,Fault7/Fault7-condition9/Fault7-condition9-14.csv,7,9,14,False,missing_expected_sample,,missing_expected_sample,200.0,,0,0,Fault7-condition9-opening14
,Fault7/Fault7-condition9/Fault7-condition9-15.csv,7,9,15,False,missing_expected_sample,,missing_expected_sample,200.0,,0,0,Fault7-condition9-opening15
,Fault7/Fault7-condition9/Fault7-condition9-16.csv,7,9,16,False,missing_expected_sample,,missing_expected_sample,200.0,,0,0,Fault7-condition9-opening16
,Fault7/Fault7-condition9/Fault7-condition9-17.csv,7,9,17,False,missing_expected_sample,,missing_expected_sample,200.0,,0,0,Fault7-condition9-opening17
,Fault7/Fault7-condition9/Fault7-condition9-18.csv,7,9,18,False,missing_expected_sample,,missing_expected_sample,200.0,,0,0,Fault7-condition9-opening18
,Fault7/Fault7-condition9/Fault7-condition9-19.csv,7,9,19,False,missing_expected_sample,,missing_expected_sample,200.0,,0,0,Fault7-condition9-opening19
,Fault7/Fault7-condition9/Fault7-condition9-20.csv,7,9,20,False,missing_expected_sample,,missing_expected_sample,200.0,,0,0,Fault7-condition9-opening20
,Fault7/Fault7-condition10/Fault7-condition10-1.csv,7,10,1,False,missing_expected_sample,,missing_expected_sample,200.0,,0,0,Fault7-condition10-opening1
,Fault7/Fault7-condition10/Fault7-condition10-2.csv,7,10,2,False,missing_expected_sample,,missing_expected_sample,200.0,,0,0,Fault7-condition10-opening2
,Fault7/Fault7-condition10/Fault7-condition10-3.csv,7,10,3,False,missing_expected_sample,,missing_expected_sample,200.0,,0,0,Fault7-condition10-opening3
,Fault7/Fault7-condition10/Fault7-condition10-4.csv,7,10,4,False,missing_expected_sample,,missing_expected_sample,200.0,,0,0,Fault7-condition10-opening4
,Fault7/Fault7-condition10/Fault7-condition10-5.csv,7,10,5,False,missing_expected_sample,,missing_expected_sample,200.0,,0,0,Fault7-condition10-opening5
,Fault7/Fault7-condition10/Fault7-condition10-6.csv,7,10,6,False,missing_expected_sample,,missing_expected_sample,200.0,,0,0,Fault7-condition10-opening6
,Fault7/Fault7-condition10/Fault7-condition10-7.csv,7,10,7,False,missing_expected_sample,,missing_expected_sample,200.0,,0,0,Fault7-condition10-opening7
,Fault7/Fault7-condition10/Fault7-condition10-8.csv,7,10,8,False,missing_expected_sample,,missing_expected_sample,200.0,,0,0,Fault7-condition10-opening8
,Fault7/Fault7-condition10/Fault7-condition10-9.csv,7,10,9,False,missing_expected_sample,,missing_expected_sample,200.0,,0,0,Fault7-condition10-opening9
,Fault7/Fault7-condition10/Fault7-condition10-10.csv,7,10,10,False,missing_expected_sample,,missing_expected_sample,200.0,,0,0,Fault7-condition10-opening10
,Fault7/Fault7-condition10/Fault7-condition10-11.csv,7,10,11,False,missing_expected_sample,,missing_expected_sample,200.0,,0,0,Fault7-condition10-opening11
,Fault7/Fault7-condition10/Fault7-condition10-12.csv,7,10,12,False,missing_expected_sample,,missing_expected_sample,200.0,,0,0,Fault7-condition10-opening12
,Fault7/Fault7-condition10/Fault7-condition10-13.csv,7,10,13,False,missing_expected_sample,,missing_expected_sample,200.0,,0,0,Fault7-condition10-opening13
,Fault7/Fault7-condition10/Fault7-condition10-14.csv,7,10,14,False,missing_expected_sample,,missing_expected_sample,200.0,,0,0,Fault7-condition10-opening14
,Fault7/Fault7-condition10/Fault7-condition10-15.csv,7,10,15,False,missing_expected_sample,,missing_expected_sample,200.0,,0,0,Fault7-condition10-opening15
,Fault7/Fault7-condition10/Fault7-condition10-16.csv,7,10,16,False,missing_expected_sample,,missing_expected_sample,200.0,,0,0,Fault7-condition10-opening16
,Fault7/Fault7-condition10/Fault7-condition10-17.csv,7,10,17,False,missing_expected_sample,,missing_expected_sample,200.0,,0,0,Fault7-condition10-opening17
,Fault7/Fault7-condition10/Fault7-condition10-18.csv,7,10,18,False,missing_expected_sample,,missing_expected_sample,200.0,,0,0,Fault7-condition10-opening18
,Fault7/Fault7-condition10/Fault7-condition10-19.csv,7,10,19,False,missing_expected_sample,,missing_expected_sample,200.0,,0,0,Fault7-condition10-opening19
,Fault7/Fault7-condition10/Fault7-condition10-20.csv,7,10,20,False,missing_expected_sample,,missing_expected_sample,200.0,,0,0,Fault7-condition10-opening20
,Fault8/Fault8-condition1/Fault8-condition1-1.csv,8,1,1,False,missing_expected_sample,,missing_expected_sample,200.0,,0,0,Fault8-condition1-opening1
,Fault8/Fault8-condition1/Fault8-condition1-2.csv,8,1,2,False,missing_expected_sample,,missing_expected_sample,200.0,,0,0,Fault8-condition1-opening2
,Fault8/Fault8-condition1/Fault8-condition1-3.csv,8,1,3,False,missing_expected_sample,,missing_expected_sample,200.0,,0,0,Fault8-condition1-opening3
,Fault8/Fault8-condition1/Fault8-condition1-4.csv,8,1,4,False,missing_expected_sample,,missing_expected_sample,200.0,,0,0,Fault8-condition1-opening4
,Fault8/Fault8-condition1/Fault8-condition1-5.csv,8,1,5,False,missing_expected_sample,,missing_expected_sample,200.0,,0,0,Fault8-condition1-opening5
,Fault8/Fault8-condition1/Fault8-condition1-6.csv,8,1,6,False,missing_expected_sample,,missing_expected_sample,200.0,,0,0,Fault8-condition1-opening6
,Fault8/Fault8-condition1/Fault8-condition1-7.csv,8,1,7,False,missing_expected_sample,,missing_expected_sample,200.0,,0,0,Fault8-condition1-opening7
,Fault8/Fault8-condition1/Fault8-condition1-8.csv,8,1,8,False,missing_expected_sample,,missing_expected_sample,200.0,,0,0,Fault8-condition1-opening8
,Fault8/Fault8-condition1/Fault8-condition1-9.csv,8,1,9,False,missing_expected_sample,,missing_expected_sample,200.0,,0,0,Fault8-condition1-opening9
,Fault8/Fault8-condition1/Fault8-condition1-10.csv,8,1,10,False,missing_expected_sample,,missing_expected_sample,200.0,,0,0,Fault8-condition1-opening10
,Fault8/Fault8-condition1/Fault8-condition1-11.csv,8,1,11,False,missing_expected_sample,,missing_expected_sample,200.0,,0,0,Fault8-condition1-opening11
,Fault8/Fault8-condition1/Fault8-condition1-12.csv,8,1,12,False,missing_expected_sample,,missing_expected_sample,200.0,,0,0,Fault8-condition1-opening12
,Fault8/Fault8-condition1/Fault8-condition1-13.csv,8,1,13,False,missing_expected_sample,,missing_expected_sample,200.0,,0,0,Fault8-condition1-opening13
,Fault8/Fault8-condition1/Fault8-condition1-14.csv,8,1,14,False,missing_expected_sample,,missing_expected_sample,200.0,,0,0,Fault8-condition1-opening14
,Fault8/Fault8-condition1/Fault8-condition1-15.csv,8,1,15,False,missing_expected_sample,,missing_expected_sample,200.0,,0,0,Fault8-condition1-opening15
,Fault8/Fault8-condition1/Fault8-condition1-16.csv,8,1,16,False,missing_expected_sample,,missing_expected_sample,200.0,,0,0,Fault8-condition1-opening16
,Fault8/Fault8-condition1/Fault8-condition1-17.csv,8,1,17,False,missing_expected_sample,,missing_expected_sample,200.0,,0,0,Fault8-condition1-opening17
,Fault8/Fault8-condition1/Fault8-condition1-18.csv,8,1,18,False,missing_expected_sample,,missing_expected_sample,200.0,,0,0,Fault8-condition1-opening18
,Fault8/Fault8-condition1/Fault8-condition1-19.csv,8,1,19,False,missing_expected_sample,,missing_expected_sample,200.0,,0,0,Fault8-condition1-opening19
,Fault8/Fault8-condition1/Fault8-condition1-20.csv,8,1,20,False,missing_expected_sample,,missing_expected_sample,200.0,,0,0,Fault8-condition1-opening20
,Fault8/Fault8-condition2/Fault8-condition2-1.csv,8,2,1,False,missing_expected_sample,,missing_expected_sample,200.0,,0,0,Fault8-condition2-opening1
,Fault8/Fault8-condition2/Fault8-condition2-2.csv,8,2,2,False,missing_expected_sample,,missing_expected_sample,200.0,,0,0,Fault8-condition2-opening2
,Fault8/Fault8-condition2/Fault8-condition2-3.csv,8,2,3,False,missing_expected_sample,,missing_expected_sample,200.0,,0,0,Fault8-condition2-opening3
,Fault8/Fault8-condition2/Fault8-condition2-4.csv,8,2,4,False,missing_expected_sample,,missing_expected_sample,200.0,,0,0,Fault8-condition2-opening4
,Fault8/Fault8-condition2/Fault8-condition2-5.csv,8,2,5,False,missing_expected_sample,,missing_expected_sample,200.0,,0,0,Fault8-condition2-opening5
,Fault8/Fault8-condition2/Fault8-condition2-6.csv,8,2,6,False,missing_expected_sample,,missing_expected_sample,200.0,,0,0,Fault8-condition2-opening6
,Fault8/Fault8-condition2/Fault8-condition2-7.csv,8,2,7,False,missing_expected_sample,,missing_expected_sample,200.0,,0,0,Fault8-condition2-opening7
,Fault8/Fault8-condition2/Fault8-condition2-8.csv,8,2,8,False,missing_expected_sample,,missing_expected_sample,200.0,,0,0,Fault8-condition2-opening8
,Fault8/Fault8-condition2/Fault8-condition2-9.csv,8,2,9,False,missing_expected_sample,,missing_expected_sample,200.0,,0,0,Fault8-condition2-opening9
,Fault8/Fault8-condition2/Fault8-condition2-10.csv,8,2,10,False,missing_expected_sample,,missing_expected_sample,200.0,,0,0,Fault8-condition2-opening10
,Fault8/Fault8-condition2/Fault8-condition2-11.csv,8,2,11,False,missing_expected_sample,,missing_expected_sample,200.0,,0,0,Fault8-condition2-opening11
,Fault8/Fault8-condition2/Fault8-condition2-12.csv,8,2,12,False,missing_expected_sample,,missing_expected_sample,200.0,,0,0,Fault8-condition2-opening12
,Fault8/Fault8-condition2/Fault8-condition2-13.csv,8,2,13,False,missing_expected_sample,,missing_expected_sample,200.0,,0,0,Fault8-condition2-opening13
,Fault8/Fault8-condition2/Fault8-condition2-14.csv,8,2,14,False,missing_expected_sample,,missing_expected_sample,200.0,,0,0,Fault8-condition2-opening14
,Fault8/Fault8-condition2/Fault8-condition2-15.csv,8,2,15,False,missing_expected_sample,,missing_expected_sample,200.0,,0,0,Fault8-condition2-opening15
,Fault8/Fault8-condition2/Fault8-condition2-16.csv,8,2,16,False,missing_expected_sample,,missing_expected_sample,200.0,,0,0,Fault8-condition2-opening16
,Fault8/Fault8-condition2/Fault8-condition2-17.csv,8,2,17,False,missing_expected_sample,,missing_expected_sample,200.0,,0,0,Fault8-condition2-opening17
,Fault8/Fault8-condition2/Fault8-condition2-18.csv,8,2,18,False,missing_expected_sample,,missing_expected_sample,200.0,,0,0,Fault8-condition2-opening18
,Fault8/Fault8-condition2/Fault8-condition2-19.csv,8,2,19,False,missing_expected_sample,,missing_expected_sample,200.0,,0,0,Fault8-condition2-opening19
,Fault8/Fault8-condition2/Fault8-condition2-20.csv,8,2,20,False,missing_expected_sample,,missing_expected_sample,200.0,,0,0,Fault8-condition2-opening20
,Fault8/Fault8-condition3/Fault8-condition3-1.csv,8,3,1,False,missing_expected_sample,,missing_expected_sample,200.0,,0,0,Fault8-condition3-opening1
,Fault8/Fault8-condition3/Fault8-condition3-2.csv,8,3,2,False,missing_expected_sample,,missing_expected_sample,200.0,,0,0,Fault8-condition3-opening2
,Fault8/Fault8-condition3/Fault8-condition3-3.csv,8,3,3,False,missing_expected_sample,,missing_expected_sample,200.0,,0,0,Fault8-condition3-opening3
,Fault8/Fault8-condition3/Fault8-condition3-4.csv,8,3,4,False,missing_expected_sample,,missing_expected_sample,200.0,,0,0,Fault8-condition3-opening4
,Fault8/Fault8-condition3/Fault8-condition3-5.csv,8,3,5,False,missing_expected_sample,,missing_expected_sample,200.0,,0,0,Fault8-condition3-opening5
,Fault8/Fault8-condition3/Fault8-condition3-6.csv,8,3,6,False,missing_expected_sample,,missing_expected_sample,200.0,,0,0,Fault8-condition3-opening6
,Fault8/Fault8-condition3/Fault8-condition3-7.csv,8,3,7,False,missing_expected_sample,,missing_expected_sample,200.0,,0,0,Fault8-condition3-opening7
,Fault8/Fault8-condition3/Fault8-condition3-8.csv,8,3,8,False,missing_expected_sample,,missing_expected_sample,200.0,,0,0,Fault8-condition3-opening8
,Fault8/Fault8-condition3/Fault8-condition3-9.csv,8,3,9,False,missing_expected_sample,,missing_expected_sample,200.0,,0,0,Fault8-condition3-opening9
,Fault8/Fault8-condition3/Fault8-condition3-10.csv,8,3,10,False,missing_expected_sample,,missing_expected_sample,200.0,,0,0,Fault8-condition3-opening10
,Fault8/Fault8-condition3/Fault8-condition3-11.csv,8,3,11,False,missing_expected_sample,,missing_expected_sample,200.0,,0,0,Fault8-condition3-opening11
,Fault8/Fault8-condition3/Fault8-condition3-12.csv,8,3,12,False,missing_expected_sample,,missing_expected_sample,200.0,,0,0,Fault8-condition3-opening12
,Fault8/Fault8-condition3/Fault8-condition3-13.csv,8,3,13,False,missing_expected_sample,,missing_expected_sample,200.0,,0,0,Fault8-condition3-opening13
,Fault8/Fault8-condition3/Fault8-condition3-14.csv,8,3,14,False,missing_expected_sample,,missing_expected_sample,200.0,,0,0,Fault8-condition3-opening14
,Fault8/Fault8-condition3/Fault8-condition3-15.csv,8,3,15,False,missing_expected_sample,,missing_expected_sample,200.0,,0,0,Fault8-condition3-opening15
,Fault8/Fault8-condition3/Fault8-condition3-16.csv,8,3,16,False,missing_expected_sample,,missing_expected_sample,200.0,,0,0,Fault8-condition3-opening16
,Fault8/Fault8-condition3/Fault8-condition3-17.csv,8,3,17,False,missing_expected_sample,,missing_expected_sample,200.0,,0,0,Fault8-condition3-opening17
,Fault8/Fault8-condition3/Fault8-condition3-18.csv,8,3,18,False,missing_expected_sample,,missing_expected_sample,200.0,,0,0,Fault8-condition3-opening18
,Fault8/Fault8-condition3/Fault8-condition3-19.csv,8,3,19,False,missing_expected_sample,,missing_expected_sample,200.0,,0,0,Fault8-condition3-opening19
,Fault8/Fault8-condition3/Fault8-condition3-20.csv,8,3,20,False,missing_expected_sample,,missing_expected_sample,200.0,,0,0,Fault8-condition3-opening20
,Fault8/Fault8-condition4/Fault8-condition4-1.csv,8,4,1,False,missing_expected_sample,,missing_expected_sample,200.0,,0,0,Fault8-condition4-opening1
,Fault8/Fault8-condition4/Fault8-condition4-2.csv,8,4,2,False,missing_expected_sample,,missing_expected_sample,200.0,,0,0,Fault8-condition4-opening2
,Fault8/Fault8-condition4/Fault8-condition4-3.csv,8,4,3,False,missing_expected_sample,,missing_expected_sample,200.0,,0,0,Fault8-condition4-opening3
,Fault8/Fault8-condition4/Fault8-condition4-4.csv,8,4,4,False,missing_expected_sample,,missing_expected_sample,200.0,,0,0,Fault8-condition4-opening4
,Fault8/Fault8-condition4/Fault8-condition4-5.csv,8,4,5,False,missing_expected_sample,,missing_expected_sample,200.0,,0,0,Fault8-condition4-opening5
,Fault8/Fault8-condition4/Fault8-condition4-6.csv,8,4,6,False,missing_expected_sample,,missing_expected_sample,200.0,,0,0,Fault8-condition4-opening6
,Fault8/Fault8-condition4/Fault8-condition4-7.csv,8,4,7,False,missing_expected_sample,,missing_expected_sample,200.0,,0,0,Fault8-condition4-opening7
,Fault8/Fault8-condition4/Fault8-condition4-8.csv,8,4,8,False,missing_expected_sample,,missing_expected_sample,200.0,,0,0,Fault8-condition4-opening8
,Fault8/Fault8-condition4/Fault8-condition4-9.csv,8,4,9,False,missing_expected_sample,,missing_expected_sample,200.0,,0,0,Fault8-condition4-opening9
,Fault8/Fault8-condition4/Fault8-condition4-10.csv,8,4,10,False,missing_expected_sample,,missing_expected_sample,200.0,,0,0,Fault8-condition4-opening10
,Fault8/Fault8-condition4/Fault8-condition4-11.csv,8,4,11,False,missing_expected_sample,,missing_expected_sample,200.0,,0,0,Fault8-condition4-opening11
,Fault8/Fault8-condition4/Fault8-condition4-12.csv,8,4,12,False,missing_expected_sample,,missing_expected_sample,200.0,,0,0,Fault8-condition4-opening12
,Fault8/Fault8-condition4/Fault8-condition4-13.csv,8,4,13,False,missing_expected_sample,,missing_expected_sample,200.0,,0,0,Fault8-condition4-opening13
,Fault8/Fault8-condition4/Fault8-condition4-14.csv,8,4,14,False,missing_expected_sample,,missing_expected_sample,200.0,,0,0,Fault8-condition4-opening14
,Fault8/Fault8-condition4/Fault8-condition4-15.csv,8,4,15,False,missing_expected_sample,,missing_expected_sample,200.0,,0,0,Fault8-condition4-opening15
,Fault8/Fault8-condition4/Fault8-condition4-16.csv,8,4,16,False,missing_expected_sample,,missing_expected_sample,200.0,,0,0,Fault8-condition4-opening16
,Fault8/Fault8-condition4/Fault8-condition4-17.csv,8,4,17,False,missing_expected_sample,,missing_expected_sample,200.0,,0,0,Fault8-condition4-opening17
,Fault8/Fault8-condition4/Fault8-condition4-18.csv,8,4,18,False,missing_expected_sample,,missing_expected_sample,200.0,,0,0,Fault8-condition4-opening18
,Fault8/Fault8-condition4/Fault8-condition4-19.csv,8,4,19,False,missing_expected_sample,,missing_expected_sample,200.0,,0,0,Fault8-condition4-opening19
,Fault8/Fault8-condition4/Fault8-condition4-20.csv,8,4,20,False,missing_expected_sample,,missing_expected_sample,200.0,,0,0,Fault8-condition4-opening20
,Fault8/Fault8-condition5/Fault8-condition5-1.csv,8,5,1,False,missing_expected_sample,,missing_expected_sample,200.0,,0,0,Fault8-condition5-opening1
,Fault8/Fault8-condition5/Fault8-condition5-2.csv,8,5,2,False,missing_expected_sample,,missing_expected_sample,200.0,,0,0,Fault8-condition5-opening2
,Fault8/Fault8-condition5/Fault8-condition5-3.csv,8,5,3,False,missing_expected_sample,,missing_expected_sample,200.0,,0,0,Fault8-condition5-opening3
,Fault8/Fault8-condition5/Fault8-condition5-4.csv,8,5,4,False,missing_expected_sample,,missing_expected_sample,200.0,,0,0,Fault8-condition5-opening4
,Fault8/Fault8-condition5/Fault8-condition5-5.csv,8,5,5,False,missing_expected_sample,,missing_expected_sample,200.0,,0,0,Fault8-condition5-opening5
,Fault8/Fault8-condition5/Fault8-condition5-6.csv,8,5,6,False,missing_expected_sample,,missing_expected_sample,200.0,,0,0,Fault8-condition5-opening6
,Fault8/Fault8-condition5/Fault8-condition5-7.csv,8,5,7,False,missing_expected_sample,,missing_expected_sample,200.0,,0,0,Fault8-condition5-opening7
,Fault8/Fault8-condition5/Fault8-condition5-8.csv,8,5,8,False,missing_expected_sample,,missing_expected_sample,200.0,,0,0,Fault8-condition5-opening8
,Fault8/Fault8-condition5/Fault8-condition5-9.csv,8,5,9,False,missing_expected_sample,,missing_expected_sample,200.0,,0,0,Fault8-condition5-opening9
,Fault8/Fault8-condition5/Fault8-condition5-10.csv,8,5,10,False,missing_expected_sample,,missing_expected_sample,200.0,,0,0,Fault8-condition5-opening10
,Fault8/Fault8-condition5/Fault8-condition5-11.csv,8,5,11,False,missing_expected_sample,,missing_expected_sample,200.0,,0,0,Fault8-condition5-opening11
,Fault8/Fault8-condition5/Fault8-condition5-12.csv,8,5,12,False,missing_expected_sample,,missing_expected_sample,200.0,,0,0,Fault8-condition5-opening12
,Fault8/Fault8-condition5/Fault8-condition5-13.csv,8,5,13,False,missing_expected_sample,,missing_expected_sample,200.0,,0,0,Fault8-condition5-opening13
,Fault8/Fault8-condition5/Fault8-condition5-14.csv,8,5,14,False,missing_expected_sample,,missing_expected_sample,200.0,,0,0,Fault8-condition5-opening14
,Fault8/Fault8-condition5/Fault8-condition5-15.csv,8,5,15,False,missing_expected_sample,,missing_expected_sample,200.0,,0,0,Fault8-condition5-opening15
,Fault8/Fault8-condition5/Fault8-condition5-16.csv,8,5,16,False,missing_expected_sample,,missing_expected_sample,200.0,,0,0,Fault8-condition5-opening16
,Fault8/Fault8-condition5/Fault8-condition5-17.csv,8,5,17,False,missing_expected_sample,,missing_expected_sample,200.0,,0,0,Fault8-condition5-opening17
,Fault8/Fault8-condition5/Fault8-condition5-18.csv,8,5,18,False,missing_expected_sample,,missing_expected_sample,200.0,,0,0,Fault8-condition5-opening18
,Fault8/Fault8-condition5/Fault8-condition5-19.csv,8,5,19,False,missing_expected_sample,,missing_expected_sample,200.0,,0,0,Fault8-condition5-opening19
,Fault8/Fault8-condition5/Fault8-condition5-20.csv,8,5,20,False,missing_expected_sample,,missing_expected_sample,200.0,,0,0,Fault8-condition5-opening20
,Fault8/Fault8-condition6/Fault8-condition6-1.csv,8,6,1,False,missing_expected_sample,,missing_expected_sample,200.0,,0,0,Fault8-condition6-opening1
,Fault8/Fault8-condition6/Fault8-condition6-2.csv,8,6,2,False,missing_expected_sample,,missing_expected_sample,200.0,,0,0,Fault8-condition6-opening2
,Fault8/Fault8-condition6/Fault8-condition6-3.csv,8,6,3,False,missing_expected_sample,,missing_expected_sample,200.0,,0,0,Fault8-condition6-opening3
,Fault8/Fault8-condition6/Fault8-condition6-4.csv,8,6,4,False,missing_expected_sample,,missing_expected_sample,200.0,,0,0,Fault8-condition6-opening4
,Fault8/Fault8-condition6/Fault8-condition6-5.csv,8,6,5,False,missing_expected_sample,,missing_expected_sample,200.0,,0,0,Fault8-condition6-opening5
,Fault8/Fault8-condition6/Fault8-condition6-6.csv,8,6,6,False,missing_expected_sample,,missing_expected_sample,200.0,,0,0,Fault8-condition6-opening6
,Fault8/Fault8-condition6/Fault8-condition6-7.csv,8,6,7,False,missing_expected_sample,,missing_expected_sample,200.0,,0,0,Fault8-condition6-opening7
,Fault8/Fault8-condition6/Fault8-condition6-8.csv,8,6,8,False,missing_expected_sample,,missing_expected_sample,200.0,,0,0,Fault8-condition6-opening8
,Fault8/Fault8-condition6/Fault8-condition6-9.csv,8,6,9,False,missing_expected_sample,,missing_expected_sample,200.0,,0,0,Fault8-condition6-opening9
,Fault8/Fault8-condition6/Fault8-condition6-10.csv,8,6,10,False,missing_expected_sample,,missing_expected_sample,200.0,,0,0,Fault8-condition6-opening10
,Fault8/Fault8-condition6/Fault8-condition6-11.csv,8,6,11,False,missing_expected_sample,,missing_expected_sample,200.0,,0,0,Fault8-condition6-opening11
,Fault8/Fault8-condition6/Fault8-condition6-12.csv,8,6,12,False,missing_expected_sample,,missing_expected_sample,200.0,,0,0,Fault8-condition6-opening12
,Fault8/Fault8-condition6/Fault8-condition6-13.csv,8,6,13,False,missing_expected_sample,,missing_expected_sample,200.0,,0,0,Fault8-condition6-opening13
,Fault8/Fault8-condition6/Fault8-condition6-14.csv,8,6,14,False,missing_expected_sample,,missing_expected_sample,200.0,,0,0,Fault8-condition6-opening14
,Fault8/Fault8-condition6/Fault8-condition6-15.csv,8,6,15,False,missing_expected_sample,,missing_expected_sample,200.0,,0,0,Fault8-condition6-opening15
,Fault8/Fault8-condition6/Fault8-condition6-16.csv,8,6,16,False,missing_expected_sample,,missing_expected_sample,200.0,,0,0,Fault8-condition6-opening16
,Fault8/Fault8-condition6/Fault8-condition6-17.csv,8,6,17,False,missing_expected_sample,,missing_expected_sample,200.0,,0,0,Fault8-condition6-opening17
,Fault8/Fault8-condition6/Fault8-condition6-18.csv,8,6,18,False,missing_expected_sample,,missing_expected_sample,200.0,,0,0,Fault8-condition6-opening18
,Fault8/Fault8-condition6/Fault8-condition6-19.csv,8,6,19,False,missing_expected_sample,,missing_expected_sample,200.0,,0,0,Fault8-condition6-opening19
,Fault8/Fault8-condition6/Fault8-condition6-20.csv,8,6,20,False,missing_expected_sample,,missing_expected_sample,200.0,,0,0,Fault8-condition6-opening20
,Fault8/Fault8-condition7/Fault8-condition7-1.csv,8,7,1,False,missing_expected_sample,,missing_expected_sample,200.0,,0,0,Fault8-condition7-opening1
,Fault8/Fault8-condition7/Fault8-condition7-2.csv,8,7,2,False,missing_expected_sample,,missing_expected_sample,200.0,,0,0,Fault8-condition7-opening2
,Fault8/Fault8-condition7/Fault8-condition7-3.csv,8,7,3,False,missing_expected_sample,,missing_expected_sample,200.0,,0,0,Fault8-condition7-opening3
,Fault8/Fault8-condition7/Fault8-condition7-4.csv,8,7,4,False,missing_expected_sample,,missing_expected_sample,200.0,,0,0,Fault8-condition7-opening4
,Fault8/Fault8-condition7/Fault8-condition7-5.csv,8,7,5,False,missing_expected_sample,,missing_expected_sample,200.0,,0,0,Fault8-condition7-opening5
,Fault8/Fault8-condition7/Fault8-condition7-6.csv,8,7,6,False,missing_expected_sample,,missing_expected_sample,200.0,,0,0,Fault8-condition7-opening6
,Fault8/Fault8-condition7/Fault8-condition7-7.csv,8,7,7,False,missing_expected_sample,,missing_expected_sample,200.0,,0,0,Fault8-condition7-opening7
,Fault8/Fault8-condition7/Fault8-condition7-8.csv,8,7,8,False,missing_expected_sample,,missing_expected_sample,200.0,,0,0,Fault8-condition7-opening8
,Fault8/Fault8-condition7/Fault8-condition7-9.csv,8,7,9,False,missing_expected_sample,,missing_expected_sample,200.0,,0,0,Fault8-condition7-opening9
,Fault8/Fault8-condition7/Fault8-condition7-10.csv,8,7,10,False,missing_expected_sample,,missing_expected_sample,200.0,,0,0,Fault8-condition7-opening10
,Fault8/Fault8-condition7/Fault8-condition7-11.csv,8,7,11,False,missing_expected_sample,,missing_expected_sample,200.0,,0,0,Fault8-condition7-opening11
,Fault8/Fault8-condition7/Fault8-condition7-12.csv,8,7,12,False,missing_expected_sample,,missing_expected_sample,200.0,,0,0,Fault8-condition7-opening12
,Fault8/Fault8-condition7/Fault8-condition7-13.csv,8,7,13,False,missing_expected_sample,,missing_expected_sample,200.0,,0,0,Fault8-condition7-opening13
,Fault8/Fault8-condition7/Fault8-condition7-14.csv,8,7,14,False,missing_expected_sample,,missing_expected_sample,200.0,,0,0,Fault8-condition7-opening14
,Fault8/Fault8-condition7/Fault8-condition7-15.csv,8,7,15,False,missing_expected_sample,,missing_expected_sample,200.0,,0,0,Fault8-condition7-opening15
,Fault8/Fault8-condition7/Fault8-condition7-16.csv,8,7,16,False,missing_expected_sample,,missing_expected_sample,200.0,,0,0,Fault8-condition7-opening16
,Fault8/Fault8-condition7/Fault8-condition7-17.csv,8,7,17,False,missing_expected_sample,,missing_expected_sample,200.0,,0,0,Fault8-condition7-opening17
,Fault8/Fault8-condition7/Fault8-condition7-18.csv,8,7,18,False,missing_expected_sample,,missing_expected_sample,200.0,,0,0,Fault8-condition7-opening18
,Fault8/Fault8-condition7/Fault8-condition7-19.csv,8,7,19,False,missing_expected_sample,,missing_expected_sample,200.0,,0,0,Fault8-condition7-opening19
,Fault8/Fault8-condition7/Fault8-condition7-20.csv,8,7,20,False,missing_expected_sample,,missing_expected_sample,200.0,,0,0,Fault8-condition7-opening20
,Fault8/Fault8-condition8/Fault8-condition8-1.csv,8,8,1,False,missing_expected_sample,,missing_expected_sample,200.0,,0,0,Fault8-condition8-opening1
,Fault8/Fault8-condition8/Fault8-condition8-2.csv,8,8,2,False,missing_expected_sample,,missing_expected_sample,200.0,,0,0,Fault8-condition8-opening2
,Fault8/Fault8-condition8/Fault8-condition8-3.csv,8,8,3,False,missing_expected_sample,,missing_expected_sample,200.0,,0,0,Fault8-condition8-opening3
,Fault8/Fault8-condition8/Fault8-condition8-4.csv,8,8,4,False,missing_expected_sample,,missing_expected_sample,200.0,,0,0,Fault8-condition8-opening4
,Fault8/Fault8-condition8/Fault8-condition8-5.csv,8,8,5,False,missing_expected_sample,,missing_expected_sample,200.0,,0,0,Fault8-condition8-opening5
,Fault8/Fault8-condition8/Fault8-condition8-6.csv,8,8,6,False,missing_expected_sample,,missing_expected_sample,200.0,,0,0,Fault8-condition8-opening6
,Fault8/Fault8-condition8/Fault8-condition8-7.csv,8,8,7,False,missing_expected_sample,,missing_expected_sample,200.0,,0,0,Fault8-condition8-opening7
,Fault8/Fault8-condition8/Fault8-condition8-8.csv,8,8,8,False,missing_expected_sample,,missing_expected_sample,200.0,,0,0,Fault8-condition8-opening8
,Fault8/Fault8-condition8/Fault8-condition8-9.csv,8,8,9,False,missing_expected_sample,,missing_expected_sample,200.0,,0,0,Fault8-condition8-opening9
,Fault8/Fault8-condition8/Fault8-condition8-10.csv,8,8,10,False,missing_expected_sample,,missing_expected_sample,200.0,,0,0,Fault8-condition8-opening10
,Fault8/Fault8-condition8/Fault8-condition8-11.csv,8,8,11,False,missing_expected_sample,,missing_expected_sample,200.0,,0,0,Fault8-condition8-opening11
,Fault8/Fault8-condition8/Fault8-condition8-12.csv,8,8,12,False,missing_expected_sample,,missing_expected_sample,200.0,,0,0,Fault8-condition8-opening12
,Fault8/Fault8-condition8/Fault8-condition8-13.csv,8,8,13,False,missing_expected_sample,,missing_expected_sample,200.0,,0,0,Fault8-condition8-opening13
,Fault8/Fault8-condition8/Fault8-condition8-14.csv,8,8,14,False,missing_expected_sample,,missing_expected_sample,200.0,,0,0,Fault8-condition8-opening14
,Fault8/Fault8-condition8/Fault8-condition8-15.csv,8,8,15,False,missing_expected_sample,,missing_expected_sample,200.0,,0,0,Fault8-condition8-opening15
,Fault8/Fault8-condition8/Fault8-condition8-16.csv,8,8,16,False,missing_expected_sample,,missing_expected_sample,200.0,,0,0,Fault8-condition8-opening16
,Fault8/Fault8-condition8/Fault8-condition8-17.csv,8,8,17,False,missing_expected_sample,,missing_expected_sample,200.0,,0,0,Fault8-condition8-opening17
,Fault8/Fault8-condition8/Fault8-condition8-18.csv,8,8,18,False,missing_expected_sample,,missing_expected_sample,200.0,,0,0,Fault8-condition8-opening18
,Fault8/Fault8-condition8/Fault8-condition8-19.csv,8,8,19,False,missing_expected_sample,,missing_expected_sample,200.0,,0,0,Fault8-condition8-opening19
,Fault8/Fault8-condition8/Fault8-condition8-20.csv,8,8,20,False,missing_expected_sample,,missing_expected_sample,200.0,,0,0,Fault8-condition8-opening20
,Fault8/Fault8-condition9/Fault8-condition9-1.csv,8,9,1,False,missing_expected_sample,,missing_expected_sample,200.0,,0,0,Fault8-condition9-opening1
,Fault8/Fault8-condition9/Fault8-condition9-2.csv,8,9,2,False,missing_expected_sample,,missing_expected_sample,200.0,,0,0,Fault8-condition9-opening2
,Fault8/Fault8-condition9/Fault8-condition9-3.csv,8,9,3,False,missing_expected_sample,,missing_expected_sample,200.0,,0,0,Fault8-condition9-opening3
,Fault8/Fault8-condition9/Fault8-condition9-4.csv,8,9,4,False,missing_expected_sample,,missing_expected_sample,200.0,,0,0,Fault8-condition9-opening4
,Fault8/Fault8-condition9/Fault8-condition9-5.csv,8,9,5,False,missing_expected_sample,,missing_expected_sample,200.0,,0,0,Fault8-condition9-opening5
,Fault8/Fault8-condition9/Fault8-condition9-6.csv,8,9,6,False,missing_expected_sample,,missing_expected_sample,200.0,,0,0,Fault8-condition9-opening6
,Fault8/Fault8-condition9/Fault8-condition9-7.csv,8,9,7,False,missing_expected_sample,,missing_expected_sample,200.0,,0,0,Fault8-condition9-opening7
,Fault8/Fault8-condition9/Fault8-condition9-8.csv,8,9,8,False,missing_expected_sample,,missing_expected_sample,200.0,,0,0,Fault8-condition9-opening8
,Fault8/Fault8-condition9/Fault8-condition9-9.csv,8,9,9,False,missing_expected_sample,,missing_expected_sample,200.0,,0,0,Fault8-condition9-opening9
,Fault8/Fault8-condition9/Fault8-condition9-10.csv,8,9,10,False,missing_expected_sample,,missing_expected_sample,200.0,,0,0,Fault8-condition9-opening10
,Fault8/Fault8-condition9/Fault8-condition9-11.csv,8,9,11,False,missing_expected_sample,,missing_expected_sample,200.0,,0,0,Fault8-condition9-opening11
,Fault8/Fault8-condition9/Fault8-condition9-12.csv,8,9,12,False,missing_expected_sample,,missing_expected_sample,200.0,,0,0,Fault8-condition9-opening12
,Fault8/Fault8-condition9/Fault8-condition9-13.csv,8,9,13,False,missing_expected_sample,,missing_expected_sample,200.0,,0,0,Fault8-condition9-opening13
,Fault8/Fault8-condition9/Fault8-condition9-14.csv,8,9,14,False,missing_expected_sample,,missing_expected_sample,200.0,,0,0,Fault8-condition9-opening14
,Fault8/Fault8-condition9/Fault8-condition9-15.csv,8,9,15,False,missing_expected_sample,,missing_expected_sample,200.0,,0,0,Fault8-condition9-opening15
,Fault8/Fault8-condition9/Fault8-condition9-16.csv,8,9,16,False,missing_expected_sample,,missing_expected_sample,200.0,,0,0,Fault8-condition9-opening16
,Fault8/Fault8-condition9/Fault8-condition9-17.csv,8,9,17,False,missing_expected_sample,,missing_expected_sample,200.0,,0,0,Fault8-condition9-opening17
,Fault8/Fault8-condition9/Fault8-condition9-18.csv,8,9,18,False,missing_expected_sample,,missing_expected_sample,200.0,,0,0,Fault8-condition9-opening18
,Fault8/Fault8-condition9/Fault8-condition9-19.csv,8,9,19,False,missing_expected_sample,,missing_expected_sample,200.0,,0,0,Fault8-condition9-opening19
,Fault8/Fault8-condition9/Fault8-condition9-20.csv,8,9,20,False,missing_expected_sample,,missing_expected_sample,200.0,,0,0,Fault8-condition9-opening20
,Fault8/Fault8-condition10/Fault8-condition10-1.csv,8,10,1,False,missing_expected_sample,,missing_expected_sample,200.0,,0,0,Fault8-condition10-opening1
,Fault8/Fault8-condition10/Fault8-condition10-2.csv,8,10,2,False,missing_expected_sample,,missing_expected_sample,200.0,,0,0,Fault8-condition10-opening2
,Fault8/Fault8-condition10/Fault8-condition10-3.csv,8,10,3,False,missing_expected_sample,,missing_expected_sample,200.0,,0,0,Fault8-condition10-opening3
,Fault8/Fault8-condition10/Fault8-condition10-4.csv,8,10,4,False,missing_expected_sample,,missing_expected_sample,200.0,,0,0,Fault8-condition10-opening4
,Fault8/Fault8-condition10/Fault8-condition10-5.csv,8,10,5,False,missing_expected_sample,,missing_expected_sample,200.0,,0,0,Fault8-condition10-opening5
,Fault8/Fault8-condition10/Fault8-condition10-6.csv,8,10,6,False,missing_expected_sample,,missing_expected_sample,200.0,,0,0,Fault8-condition10-opening6
,Fault8/Fault8-condition10/Fault8-condition10-7.csv,8,10,7,False,missing_expected_sample,,missing_expected_sample,200.0,,0,0,Fault8-condition10-opening7
,Fault8/Fault8-condition10/Fault8-condition10-8.csv,8,10,8,False,missing_expected_sample,,missing_expected_sample,200.0,,0,0,Fault8-condition10-opening8
,Fault8/Fault8-condition10/Fault8-condition10-9.csv,8,10,9,False,missing_expected_sample,,missing_expected_sample,200.0,,0,0,Fault8-condition10-opening9
,Fault8/Fault8-condition10/Fault8-condition10-10.csv,8,10,10,False,missing_expected_sample,,missing_expected_sample,200.0,,0,0,Fault8-condition10-opening10
,Fault8/Fault8-condition10/Fault8-condition10-11.csv,8,10,11,False,missing_expected_sample,,missing_expected_sample,200.0,,0,0,Fault8-condition10-opening11
,Fault8/Fault8-condition10/Fault8-condition10-12.csv,8,10,12,False,missing_expected_sample,,missing_expected_sample,200.0,,0,0,Fault8-condition10-opening12
,Fault8/Fault8-condition10/Fault8-condition10-13.csv,8,10,13,False,missing_expected_sample,,missing_expected_sample,200.0,,0,0,Fault8-condition10-opening13
,Fault8/Fault8-condition10/Fault8-condition10-14.csv,8,10,14,False,missing_expected_sample,,missing_expected_sample,200.0,,0,0,Fault8-condition10-opening14
,Fault8/Fault8-condition10/Fault8-condition10-15.csv,8,10,15,False,missing_expected_sample,,missing_expected_sample,200.0,,0,0,Fault8-condition10-opening15
,Fault8/Fault8-condition10/Fault8-condition10-16.csv,8,10,16,False,missing_expected_sample,,missing_expected_sample,200.0,,0,0,Fault8-condition10-opening16
,Fault8/Fault8-condition10/Fault8-condition10-17.csv,8,10,17,False,missing_expected_sample,,missing_expected_sample,200.0,,0,0,Fault8-condition10-opening17
,Fault8/Fault8-condition10/Fault8-condition10-18.csv,8,10,18,False,missing_expected_sample,,missing_expected_sample,200.0,,0,0,Fault8-condition10-opening18
,Fault8/Fault8-condition10/Fault8-condition10-19.csv,8,10,19,False,missing_expected_sample,,missing_expected_sample,200.0,,0,0,Fault8-condition10-opening19
,Fault8/Fault8-condition10/Fault8-condition10-20.csv,8,10,20,False,missing_expected_sample,,missing_expected_sample,200.0,,0,0,Fault8-condition10-opening20
,Fault9/Fault9-condition1/Fault9-condition1-1.csv,9,1,1,False,missing_expected_sample,,missing_expected_sample,200.0,,0,0,Fault9-condition1-opening1
,Fault9/Fault9-condition1/Fault9-condition1-2.csv,9,1,2,False,missing_expected_sample,,missing_expected_sample,200.0,,0,0,Fault9-condition1-opening2
,Fault9/Fault9-condition1/Fault9-condition1-3.csv,9,1,3,False,missing_expected_sample,,missing_expected_sample,200.0,,0,0,Fault9-condition1-opening3
,Fault9/Fault9-condition1/Fault9-condition1-4.csv,9,1,4,False,missing_expected_sample,,missing_expected_sample,200.0,,0,0,Fault9-condition1-opening4
,Fault9/Fault9-condition1/Fault9-condition1-5.csv,9,1,5,False,missing_expected_sample,,missing_expected_sample,200.0,,0,0,Fault9-condition1-opening5
,Fault9/Fault9-condition1/Fault9-condition1-6.csv,9,1,6,False,missing_expected_sample,,missing_expected_sample,200.0,,0,0,Fault9-condition1-opening6
,Fault9/Fault9-condition1/Fault9-condition1-7.csv,9,1,7,False,missing_expected_sample,,missing_expected_sample,200.0,,0,0,Fault9-condition1-opening7
,Fault9/Fault9-condition1/Fault9-condition1-8.csv,9,1,8,False,missing_expected_sample,,missing_expected_sample,200.0,,0,0,Fault9-condition1-opening8
,Fault9/Fault9-condition1/Fault9-condition1-9.csv,9,1,9,False,missing_expected_sample,,missing_expected_sample,200.0,,0,0,Fault9-condition1-opening9
,Fault9/Fault9-condition1/Fault9-condition1-10.csv,9,1,10,False,missing_expected_sample,,missing_expected_sample,200.0,,0,0,Fault9-condition1-opening10
,Fault9/Fault9-condition1/Fault9-condition1-11.csv,9,1,11,False,missing_expected_sample,,missing_expected_sample,200.0,,0,0,Fault9-condition1-opening11
,Fault9/Fault9-condition1/Fault9-condition1-12.csv,9,1,12,False,missing_expected_sample,,missing_expected_sample,200.0,,0,0,Fault9-condition1-opening12
,Fault9/Fault9-condition1/Fault9-condition1-13.csv,9,1,13,False,missing_expected_sample,,missing_expected_sample,200.0,,0,0,Fault9-condition1-opening13
,Fault9/Fault9-condition1/Fault9-condition1-14.csv,9,1,14,False,missing_expected_sample,,missing_expected_sample,200.0,,0,0,Fault9-condition1-opening14
,Fault9/Fault9-condition1/Fault9-condition1-15.csv,9,1,15,False,missing_expected_sample,,missing_expected_sample,200.0,,0,0,Fault9-condition1-opening15
,Fault9/Fault9-condition1/Fault9-condition1-16.csv,9,1,16,False,missing_expected_sample,,missing_expected_sample,200.0,,0,0,Fault9-condition1-opening16
,Fault9/Fault9-condition1/Fault9-condition1-17.csv,9,1,17,False,missing_expected_sample,,missing_expected_sample,200.0,,0,0,Fault9-condition1-opening17
,Fault9/Fault9-condition1/Fault9-condition1-18.csv,9,1,18,False,missing_expected_sample,,missing_expected_sample,200.0,,0,0,Fault9-condition1-opening18
,Fault9/Fault9-condition1/Fault9-condition1-19.csv,9,1,19,False,missing_expected_sample,,missing_expected_sample,200.0,,0,0,Fault9-condition1-opening19
,Fault9/Fault9-condition1/Fault9-condition1-20.csv,9,1,20,False,missing_expected_sample,,missing_expected_sample,200.0,,0,0,Fault9-condition1-opening20
,Fault9/Fault9-condition2/Fault9-condition2-1.csv,9,2,1,False,missing_expected_sample,,missing_expected_sample,200.0,,0,0,Fault9-condition2-opening1
,Fault9/Fault9-condition2/Fault9-condition2-2.csv,9,2,2,False,missing_expected_sample,,missing_expected_sample,200.0,,0,0,Fault9-condition2-opening2
,Fault9/Fault9-condition2/Fault9-condition2-3.csv,9,2,3,False,missing_expected_sample,,missing_expected_sample,200.0,,0,0,Fault9-condition2-opening3
,Fault9/Fault9-condition2/Fault9-condition2-4.csv,9,2,4,False,missing_expected_sample,,missing_expected_sample,200.0,,0,0,Fault9-condition2-opening4
,Fault9/Fault9-condition2/Fault9-condition2-5.csv,9,2,5,False,missing_expected_sample,,missing_expected_sample,200.0,,0,0,Fault9-condition2-opening5
,Fault9/Fault9-condition2/Fault9-condition2-6.csv,9,2,6,False,missing_expected_sample,,missing_expected_sample,200.0,,0,0,Fault9-condition2-opening6
,Fault9/Fault9-condition2/Fault9-condition2-7.csv,9,2,7,False,missing_expected_sample,,missing_expected_sample,200.0,,0,0,Fault9-condition2-opening7
,Fault9/Fault9-condition2/Fault9-condition2-8.csv,9,2,8,False,missing_expected_sample,,missing_expected_sample,200.0,,0,0,Fault9-condition2-opening8
,Fault9/Fault9-condition2/Fault9-condition2-9.csv,9,2,9,False,missing_expected_sample,,missing_expected_sample,200.0,,0,0,Fault9-condition2-opening9
,Fault9/Fault9-condition2/Fault9-condition2-10.csv,9,2,10,False,missing_expected_sample,,missing_expected_sample,200.0,,0,0,Fault9-condition2-opening10
,Fault9/Fault9-condition2/Fault9-condition2-11.csv,9,2,11,False,missing_expected_sample,,missing_expected_sample,200.0,,0,0,Fault9-condition2-opening11
,Fault9/Fault9-condition2/Fault9-condition2-12.csv,9,2,12,False,missing_expected_sample,,missing_expected_sample,200.0,,0,0,Fault9-condition2-opening12
,Fault9/Fault9-condition2/Fault9-condition2-13.csv,9,2,13,False,missing_expected_sample,,missing_expected_sample,200.0,,0,0,Fault9-condition2-opening13
,Fault9/Fault9-condition2/Fault9-condition2-14.csv,9,2,14,False,missing_expected_sample,,missing_expected_sample,200.0,,0,0,Fault9-condition2-opening14
,Fault9/Fault9-condition2/Fault9-condition2-15.csv,9,2,15,False,missing_expected_sample,,missing_expected_sample,200.0,,0,0,Fault9-condition2-opening15
,Fault9/Fault9-condition2/Fault9-condition2-16.csv,9,2,16,False,missing_expected_sample,,missing_expected_sample,200.0,,0,0,Fault9-condition2-opening16
,Fault9/Fault9-condition2/Fault9-condition2-17.csv,9,2,17,False,missing_expected_sample,,missing_expected_sample,200.0,,0,0,Fault9-condition2-opening17
,Fault9/Fault9-condition2/Fault9-condition2-18.csv,9,2,18,False,missing_expected_sample,,missing_expected_sample,200.0,,0,0,Fault9-condition2-opening18
,Fault9/Fault9-condition2/Fault9-condition2-19.csv,9,2,19,False,missing_expected_sample,,missing_expected_sample,200.0,,0,0,Fault9-condition2-opening19
,Fault9/Fault9-condition2/Fault9-condition2-20.csv,9,2,20,False,missing_expected_sample,,missing_expected_sample,200.0,,0,0,Fault9-condition2-opening20
,Fault9/Fault9-condition3/Fault9-condition3-1.csv,9,3,1,False,missing_expected_sample,,missing_expected_sample,200.0,,0,0,Fault9-condition3-opening1
,Fault9/Fault9-condition3/Fault9-condition3-2.csv,9,3,2,False,missing_expected_sample,,missing_expected_sample,200.0,,0,0,Fault9-condition3-opening2
,Fault9/Fault9-condition3/Fault9-condition3-3.csv,9,3,3,False,missing_expected_sample,,missing_expected_sample,200.0,,0,0,Fault9-condition3-opening3
,Fault9/Fault9-condition3/Fault9-condition3-4.csv,9,3,4,False,missing_expected_sample,,missing_expected_sample,200.0,,0,0,Fault9-condition3-opening4
,Fault9/Fault9-condition3/Fault9-condition3-5.csv,9,3,5,False,missing_expected_sample,,missing_expected_sample,200.0,,0,0,Fault9-condition3-opening5
,Fault9/Fault9-condition3/Fault9-condition3-6.csv,9,3,6,False,missing_expected_sample,,missing_expected_sample,200.0,,0,0,Fault9-condition3-opening6
,Fault9/Fault9-condition3/Fault9-condition3-7.csv,9,3,7,False,missing_expected_sample,,missing_expected_sample,200.0,,0,0,Fault9-condition3-opening7
,Fault9/Fault9-condition3/Fault9-condition3-8.csv,9,3,8,False,missing_expected_sample,,missing_expected_sample,200.0,,0,0,Fault9-condition3-opening8
,Fault9/Fault9-condition3/Fault9-condition3-9.csv,9,3,9,False,missing_expected_sample,,missing_expected_sample,200.0,,0,0,Fault9-condition3-opening9
,Fault9/Fault9-condition3/Fault9-condition3-10.csv,9,3,10,False,missing_expected_sample,,missing_expected_sample,200.0,,0,0,Fault9-condition3-opening10
,Fault9/Fault9-condition3/Fault9-condition3-11.csv,9,3,11,False,missing_expected_sample,,missing_expected_sample,200.0,,0,0,Fault9-condition3-opening11
,Fault9/Fault9-condition3/Fault9-condition3-12.csv,9,3,12,False,missing_expected_sample,,missing_expected_sample,200.0,,0,0,Fault9-condition3-opening12
,Fault9/Fault9-condition3/Fault9-condition3-13.csv,9,3,13,False,missing_expected_sample,,missing_expected_sample,200.0,,0,0,Fault9-condition3-opening13
,Fault9/Fault9-condition3/Fault9-condition3-14.csv,9,3,14,False,missing_expected_sample,,missing_expected_sample,200.0,,0,0,Fault9-condition3-opening14
,Fault9/Fault9-condition3/Fault9-condition3-15.csv,9,3,15,False,missing_expected_sample,,missing_expected_sample,200.0,,0,0,Fault9-condition3-opening15
,Fault9/Fault9-condition3/Fault9-condition3-16.csv,9,3,16,False,missing_expected_sample,,missing_expected_sample,200.0,,0,0,Fault9-condition3-opening16
,Fault9/Fault9-condition3/Fault9-condition3-17.csv,9,3,17,False,missing_expected_sample,,missing_expected_sample,200.0,,0,0,Fault9-condition3-opening17
,Fault9/Fault9-condition3/Fault9-condition3-18.csv,9,3,18,False,missing_expected_sample,,missing_expected_sample,200.0,,0,0,Fault9-condition3-opening18
,Fault9/Fault9-condition3/Fault9-condition3-19.csv,9,3,19,False,missing_expected_sample,,missing_expected_sample,200.0,,0,0,Fault9-condition3-opening19
,Fault9/Fault9-condition3/Fault9-condition3-20.csv,9,3,20,False,missing_expected_sample,,missing_expected_sample,200.0,,0,0,Fault9-condition3-opening20
,Fault9/Fault9-condition4/Fault9-condition4-1.csv,9,4,1,False,missing_expected_sample,,missing_expected_sample,200.0,,0,0,Fault9-condition4-opening1
,Fault9/Fault9-condition4/Fault9-condition4-2.csv,9,4,2,False,missing_expected_sample,,missing_expected_sample,200.0,,0,0,Fault9-condition4-opening2
,Fault9/Fault9-condition4/Fault9-condition4-3.csv,9,4,3,False,missing_expected_sample,,missing_expected_sample,200.0,,0,0,Fault9-condition4-opening3
,Fault9/Fault9-condition4/Fault9-condition4-4.csv,9,4,4,False,missing_expected_sample,,missing_expected_sample,200.0,,0,0,Fault9-condition4-opening4
,Fault9/Fault9-condition4/Fault9-condition4-5.csv,9,4,5,False,missing_expected_sample,,missing_expected_sample,200.0,,0,0,Fault9-condition4-opening5
,Fault9/Fault9-condition4/Fault9-condition4-6.csv,9,4,6,False,missing_expected_sample,,missing_expected_sample,200.0,,0,0,Fault9-condition4-opening6
,Fault9/Fault9-condition4/Fault9-condition4-7.csv,9,4,7,False,missing_expected_sample,,missing_expected_sample,200.0,,0,0,Fault9-condition4-opening7
,Fault9/Fault9-condition4/Fault9-condition4-8.csv,9,4,8,False,missing_expected_sample,,missing_expected_sample,200.0,,0,0,Fault9-condition4-opening8
,Fault9/Fault9-condition4/Fault9-condition4-9.csv,9,4,9,False,missing_expected_sample,,missing_expected_sample,200.0,,0,0,Fault9-condition4-opening9
,Fault9/Fault9-condition4/Fault9-condition4-10.csv,9,4,10,False,missing_expected_sample,,missing_expected_sample,200.0,,0,0,Fault9-condition4-opening10
,Fault9/Fault9-condition4/Fault9-condition4-11.csv,9,4,11,False,missing_expected_sample,,missing_expected_sample,200.0,,0,0,Fault9-condition4-opening11
,Fault9/Fault9-condition4/Fault9-condition4-12.csv,9,4,12,False,missing_expected_sample,,missing_expected_sample,200.0,,0,0,Fault9-condition4-opening12
,Fault9/Fault9-condition4/Fault9-condition4-13.csv,9,4,13,False,missing_expected_sample,,missing_expected_sample,200.0,,0,0,Fault9-condition4-opening13
,Fault9/Fault9-condition4/Fault9-condition4-14.csv,9,4,14,False,missing_expected_sample,,missing_expected_sample,200.0,,0,0,Fault9-condition4-opening14
,Fault9/Fault9-condition4/Fault9-condition4-15.csv,9,4,15,False,missing_expected_sample,,missing_expected_sample,200.0,,0,0,Fault9-condition4-opening15
,Fault9/Fault9-condition4/Fault9-condition4-16.csv,9,4,16,False,missing_expected_sample,,missing_expected_sample,200.0,,0,0,Fault9-condition4-opening16
,Fault9/Fault9-condition4/Fault9-condition4-17.csv,9,4,17,False,missing_expected_sample,,missing_expected_sample,200.0,,0,0,Fault9-condition4-opening17
,Fault9/Fault9-condition4/Fault9-condition4-18.csv,9,4,18,False,missing_expected_sample,,missing_expected_sample,200.0,,0,0,Fault9-condition4-opening18
,Fault9/Fault9-condition4/Fault9-condition4-19.csv,9,4,19,False,missing_expected_sample,,missing_expected_sample,200.0,,0,0,Fault9-condition4-opening19
,Fault9/Fault9-condition4/Fault9-condition4-20.csv,9,4,20,False,missing_expected_sample,,missing_expected_sample,200.0,,0,0,Fault9-condition4-opening20
,Fault9/Fault9-condition5/Fault9-condition5-1.csv,9,5,1,False,missing_expected_sample,,missing_expected_sample,200.0,,0,0,Fault9-condition5-opening1
,Fault9/Fault9-condition5/Fault9-condition5-2.csv,9,5,2,False,missing_expected_sample,,missing_expected_sample,200.0,,0,0,Fault9-condition5-opening2
,Fault9/Fault9-condition5/Fault9-condition5-3.csv,9,5,3,False,missing_expected_sample,,missing_expected_sample,200.0,,0,0,Fault9-condition5-opening3
,Fault9/Fault9-condition5/Fault9-condition5-4.csv,9,5,4,False,missing_expected_sample,,missing_expected_sample,200.0,,0,0,Fault9-condition5-opening4
,Fault9/Fault9-condition5/Fault9-condition5-5.csv,9,5,5,False,missing_expected_sample,,missing_expected_sample,200.0,,0,0,Fault9-condition5-opening5
,Fault9/Fault9-condition5/Fault9-condition5-6.csv,9,5,6,False,missing_expected_sample,,missing_expected_sample,200.0,,0,0,Fault9-condition5-opening6
,Fault9/Fault9-condition5/Fault9-condition5-7.csv,9,5,7,False,missing_expected_sample,,missing_expected_sample,200.0,,0,0,Fault9-condition5-opening7
,Fault9/Fault9-condition5/Fault9-condition5-8.csv,9,5,8,False,missing_expected_sample,,missing_expected_sample,200.0,,0,0,Fault9-condition5-opening8
,Fault9/Fault9-condition5/Fault9-condition5-9.csv,9,5,9,False,missing_expected_sample,,missing_expected_sample,200.0,,0,0,Fault9-condition5-opening9
,Fault9/Fault9-condition5/Fault9-condition5-10.csv,9,5,10,False,missing_expected_sample,,missing_expected_sample,200.0,,0,0,Fault9-condition5-opening10
,Fault9/Fault9-condition5/Fault9-condition5-11.csv,9,5,11,False,missing_expected_sample,,missing_expected_sample,200.0,,0,0,Fault9-condition5-opening11
,Fault9/Fault9-condition5/Fault9-condition5-12.csv,9,5,12,False,missing_expected_sample,,missing_expected_sample,200.0,,0,0,Fault9-condition5-opening12
,Fault9/Fault9-condition5/Fault9-condition5-13.csv,9,5,13,False,missing_expected_sample,,missing_expected_sample,200.0,,0,0,Fault9-condition5-opening13
,Fault9/Fault9-condition5/Fault9-condition5-14.csv,9,5,14,False,missing_expected_sample,,missing_expected_sample,200.0,,0,0,Fault9-condition5-opening14
,Fault9/Fault9-condition5/Fault9-condition5-15.csv,9,5,15,False,missing_expected_sample,,missing_expected_sample,200.0,,0,0,Fault9-condition5-opening15
,Fault9/Fault9-condition5/Fault9-condition5-16.csv,9,5,16,False,missing_expected_sample,,missing_expected_sample,200.0,,0,0,Fault9-condition5-opening16
,Fault9/Fault9-condition5/Fault9-condition5-17.csv,9,5,17,False,missing_expected_sample,,missing_expected_sample,200.0,,0,0,Fault9-condition5-opening17
,Fault9/Fault9-condition5/Fault9-condition5-18.csv,9,5,18,False,missing_expected_sample,,missing_expected_sample,200.0,,0,0,Fault9-condition5-opening18
,Fault9/Fault9-condition5/Fault9-condition5-19.csv,9,5,19,False,missing_expected_sample,,missing_expected_sample,200.0,,0,0,Fault9-condition5-opening19
,Fault9/Fault9-condition5/Fault9-condition5-20.csv,9,5,20,False,missing_expected_sample,,missing_expected_sample,200.0,,0,0,Fault9-condition5-opening20
,Fault9/Fault9-condition6/Fault9-condition6-1.csv,9,6,1,False,missing_expected_sample,,missing_expected_sample,200.0,,0,0,Fault9-condition6-opening1
,Fault9/Fault9-condition6/Fault9-condition6-2.csv,9,6,2,False,missing_expected_sample,,missing_expected_sample,200.0,,0,0,Fault9-condition6-opening2
,Fault9/Fault9-condition6/Fault9-condition6-3.csv,9,6,3,False,missing_expected_sample,,missing_expected_sample,200.0,,0,0,Fault9-condition6-opening3
,Fault9/Fault9-condition6/Fault9-condition6-4.csv,9,6,4,False,missing_expected_sample,,missing_expected_sample,200.0,,0,0,Fault9-condition6-opening4
,Fault9/Fault9-condition6/Fault9-condition6-5.csv,9,6,5,False,missing_expected_sample,,missing_expected_sample,200.0,,0,0,Fault9-condition6-opening5
,Fault9/Fault9-condition6/Fault9-condition6-6.csv,9,6,6,False,missing_expected_sample,,missing_expected_sample,200.0,,0,0,Fault9-condition6-opening6
,Fault9/Fault9-condition6/Fault9-condition6-7.csv,9,6,7,False,missing_expected_sample,,missing_expected_sample,200.0,,0,0,Fault9-condition6-opening7
,Fault9/Fault9-condition6/Fault9-condition6-8.csv,9,6,8,False,missing_expected_sample,,missing_expected_sample,200.0,,0,0,Fault9-condition6-opening8
,Fault9/Fault9-condition6/Fault9-condition6-9.csv,9,6,9,False,missing_expected_sample,,missing_expected_sample,200.0,,0,0,Fault9-condition6-opening9
,Fault9/Fault9-condition6/Fault9-condition6-10.csv,9,6,10,False,missing_expected_sample,,missing_expected_sample,200.0,,0,0,Fault9-condition6-opening10
,Fault9/Fault9-condition6/Fault9-condition6-11.csv,9,6,11,False,missing_expected_sample,,missing_expected_sample,200.0,,0,0,Fault9-condition6-opening11
,Fault9/Fault9-condition6/Fault9-condition6-12.csv,9,6,12,False,missing_expected_sample,,missing_expected_sample,200.0,,0,0,Fault9-condition6-opening12
,Fault9/Fault9-condition6/Fault9-condition6-13.csv,9,6,13,False,missing_expected_sample,,missing_expected_sample,200.0,,0,0,Fault9-condition6-opening13
,Fault9/Fault9-condition6/Fault9-condition6-14.csv,9,6,14,False,missing_expected_sample,,missing_expected_sample,200.0,,0,0,Fault9-condition6-opening14
,Fault9/Fault9-condition6/Fault9-condition6-15.csv,9,6,15,False,missing_expected_sample,,missing_expected_sample,200.0,,0,0,Fault9-condition6-opening15
,Fault9/Fault9-condition6/Fault9-condition6-16.csv,9,6,16,False,missing_expected_sample,,missing_expected_sample,200.0,,0,0,Fault9-condition6-opening16
,Fault9/Fault9-condition6/Fault9-condition6-17.csv,9,6,17,False,missing_expected_sample,,missing_expected_sample,200.0,,0,0,Fault9-condition6-opening17
,Fault9/Fault9-condition6/Fault9-condition6-18.csv,9,6,18,False,missing_expected_sample,,missing_expected_sample,200.0,,0,0,Fault9-condition6-opening18
,Fault9/Fault9-condition6/Fault9-condition6-19.csv,9,6,19,False,missing_expected_sample,,missing_expected_sample,200.0,,0,0,Fault9-condition6-opening19
,Fault9/Fault9-condition6/Fault9-condition6-20.csv,9,6,20,False,missing_expected_sample,,missing_expected_sample,200.0,,0,0,Fault9-condition6-opening20
,Fault9/Fault9-condition7/Fault9-condition7-1.csv,9,7,1,False,missing_expected_sample,,missing_expected_sample,200.0,,0,0,Fault9-condition7-opening1
,Fault9/Fault9-condition7/Fault9-condition7-2.csv,9,7,2,False,missing_expected_sample,,missing_expected_sample,200.0,,0,0,Fault9-condition7-opening2
,Fault9/Fault9-condition7/Fault9-condition7-3.csv,9,7,3,False,missing_expected_sample,,missing_expected_sample,200.0,,0,0,Fault9-condition7-opening3
,Fault9/Fault9-condition7/Fault9-condition7-4.csv,9,7,4,False,missing_expected_sample,,missing_expected_sample,200.0,,0,0,Fault9-condition7-opening4
,Fault9/Fault9-condition7/Fault9-condition7-5.csv,9,7,5,False,missing_expected_sample,,missing_expected_sample,200.0,,0,0,Fault9-condition7-opening5
,Fault9/Fault9-condition7/Fault9-condition7-6.csv,9,7,6,False,missing_expected_sample,,missing_expected_sample,200.0,,0,0,Fault9-condition7-opening6
,Fault9/Fault9-condition7/Fault9-condition7-7.csv,9,7,7,False,missing_expected_sample,,missing_expected_sample,200.0,,0,0,Fault9-condition7-opening7
,Fault9/Fault9-condition7/Fault9-condition7-8.csv,9,7,8,False,missing_expected_sample,,missing_expected_sample,200.0,,0,0,Fault9-condition7-opening8
,Fault9/Fault9-condition7/Fault9-condition7-9.csv,9,7,9,False,missing_expected_sample,,missing_expected_sample,200.0,,0,0,Fault9-condition7-opening9
,Fault9/Fault9-condition7/Fault9-condition7-10.csv,9,7,10,False,missing_expected_sample,,missing_expected_sample,200.0,,0,0,Fault9-condition7-opening10
,Fault9/Fault9-condition7/Fault9-condition7-11.csv,9,7,11,False,missing_expected_sample,,missing_expected_sample,200.0,,0,0,Fault9-condition7-opening11
,Fault9/Fault9-condition7/Fault9-condition7-12.csv,9,7,12,False,missing_expected_sample,,missing_expected_sample,200.0,,0,0,Fault9-condition7-opening12
,Fault9/Fault9-condition7/Fault9-condition7-13.csv,9,7,13,False,missing_expected_sample,,missing_expected_sample,200.0,,0,0,Fault9-condition7-opening13
,Fault9/Fault9-condition7/Fault9-condition7-14.csv,9,7,14,False,missing_expected_sample,,missing_expected_sample,200.0,,0,0,Fault9-condition7-opening14
,Fault9/Fault9-condition7/Fault9-condition7-15.csv,9,7,15,False,missing_expected_sample,,missing_expected_sample,200.0,,0,0,Fault9-condition7-opening15
,Fault9/Fault9-condition7/Fault9-condition7-16.csv,9,7,16,False,missing_expected_sample,,missing_expected_sample,200.0,,0,0,Fault9-condition7-opening16
,Fault9/Fault9-condition7/Fault9-condition7-17.csv,9,7,17,False,missing_expected_sample,,missing_expected_sample,200.0,,0,0,Fault9-condition7-opening17
,Fault9/Fault9-condition7/Fault9-condition7-18.csv,9,7,18,False,missing_expected_sample,,missing_expected_sample,200.0,,0,0,Fault9-condition7-opening18
,Fault9/Fault9-condition7/Fault9-condition7-19.csv,9,7,19,False,missing_expected_sample,,missing_expected_sample,200.0,,0,0,Fault9-condition7-opening19
,Fault9/Fault9-condition7/Fault9-condition7-20.csv,9,7,20,False,missing_expected_sample,,missing_expected_sample,200.0,,0,0,Fault9-condition7-opening20
,Fault9/Fault9-condition8/Fault9-condition8-1.csv,9,8,1,False,missing_expected_sample,,missing_expected_sample,200.0,,0,0,Fault9-condition8-opening1
,Fault9/Fault9-condition8/Fault9-condition8-2.csv,9,8,2,False,missing_expected_sample,,missing_expected_sample,200.0,,0,0,Fault9-condition8-opening2
,Fault9/Fault9-condition8/Fault9-condition8-3.csv,9,8,3,False,missing_expected_sample,,missing_expected_sample,200.0,,0,0,Fault9-condition8-opening3
,Fault9/Fault9-condition8/Fault9-condition8-4.csv,9,8,4,False,missing_expected_sample,,missing_expected_sample,200.0,,0,0,Fault9-condition8-opening4
,Fault9/Fault9-condition8/Fault9-condition8-5.csv,9,8,5,False,missing_expected_sample,,missing_expected_sample,200.0,,0,0,Fault9-condition8-opening5
,Fault9/Fault9-condition8/Fault9-condition8-6.csv,9,8,6,False,missing_expected_sample,,missing_expected_sample,200.0,,0,0,Fault9-condition8-opening6
,Fault9/Fault9-condition8/Fault9-condition8-7.csv,9,8,7,False,missing_expected_sample,,missing_expected_sample,200.0,,0,0,Fault9-condition8-opening7
,Fault9/Fault9-condition8/Fault9-condition8-8.csv,9,8,8,False,missing_expected_sample,,missing_expected_sample,200.0,,0,0,Fault9-condition8-opening8
,Fault9/Fault9-condition8/Fault9-condition8-9.csv,9,8,9,False,missing_expected_sample,,missing_expected_sample,200.0,,0,0,Fault9-condition8-opening9
,Fault9/Fault9-condition8/Fault9-condition8-10.csv,9,8,10,False,missing_expected_sample,,missing_expected_sample,200.0,,0,0,Fault9-condition8-opening10
,Fault9/Fault9-condition8/Fault9-condition8-11.csv,9,8,11,False,missing_expected_sample,,missing_expected_sample,200.0,,0,0,Fault9-condition8-opening11
,Fault9/Fault9-condition8/Fault9-condition8-12.csv,9,8,12,False,missing_expected_sample,,missing_expected_sample,200.0,,0,0,Fault9-condition8-opening12
,Fault9/Fault9-condition8/Fault9-condition8-13.csv,9,8,13,False,missing_expected_sample,,missing_expected_sample,200.0,,0,0,Fault9-condition8-opening13
,Fault9/Fault9-condition8/Fault9-condition8-14.csv,9,8,14,False,missing_expected_sample,,missing_expected_sample,200.0,,0,0,Fault9-condition8-opening14
,Fault9/Fault9-condition8/Fault9-condition8-15.csv,9,8,15,False,missing_expected_sample,,missing_expected_sample,200.0,,0,0,Fault9-condition8-opening15
,Fault9/Fault9-condition8/Fault9-condition8-16.csv,9,8,16,False,missing_expected_sample,,missing_expected_sample,200.0,,0,0,Fault9-condition8-opening16
,Fault9/Fault9-condition8/Fault9-condition8-17.csv,9,8,17,False,missing_expected_sample,,missing_expected_sample,200.0,,0,0,Fault9-condition8-opening17
,Fault9/Fault9-condition8/Fault9-condition8-18.csv,9,8,18,False,missing_expected_sample,,missing_expected_sample,200.0,,0,0,Fault9-condition8-opening18
,Fault9/Fault9-condition8/Fault9-condition8-19.csv,9,8,19,False,missing_expected_sample,,missing_expected_sample,200.0,,0,0,Fault9-condition8-opening19
,Fault9/Fault9-condition8/Fault9-condition8-20.csv,9,8,20,False,missing_expected_sample,,missing_expected_sample,200.0,,0,0,Fault9-condition8-opening20
,Fault9/Fault9-condition9/Fault9-condition9-1.csv,9,9,1,False,missing_expected_sample,,missing_expected_sample,200.0,,0,0,Fault9-condition9-opening1
,Fault9/Fault9-condition9/Fault9-condition9-2.csv,9,9,2,False,missing_expected_sample,,missing_expected_sample,200.0,,0,0,Fault9-condition9-opening2
,Fault9/Fault9-condition9/Fault9-condition9-3.csv,9,9,3,False,missing_expected_sample,,missing_expected_sample,200.0,,0,0,Fault9-condition9-opening3
,Fault9/Fault9-condition9/Fault9-condition9-4.csv,9,9,4,False,missing_expected_sample,,missing_expected_sample,200.0,,0,0,Fault9-condition9-opening4
,Fault9/Fault9-condition9/Fault9-condition9-5.csv,9,9,5,False,missing_expected_sample,,missing_expected_sample,200.0,,0,0,Fault9-condition9-opening5
,Fault9/Fault9-condition9/Fault9-condition9-6.csv,9,9,6,False,missing_expected_sample,,missing_expected_sample,200.0,,0,0,Fault9-condition9-opening6
,Fault9/Fault9-condition9/Fault9-condition9-7.csv,9,9,7,False,missing_expected_sample,,missing_expected_sample,200.0,,0,0,Fault9-condition9-opening7
,Fault9/Fault9-condition9/Fault9-condition9-8.csv,9,9,8,False,missing_expected_sample,,missing_expected_sample,200.0,,0,0,Fault9-condition9-opening8
,Fault9/Fault9-condition9/Fault9-condition9-9.csv,9,9,9,False,missing_expected_sample,,missing_expected_sample,200.0,,0,0,Fault9-condition9-opening9
,Fault9/Fault9-condition9/Fault9-condition9-10.csv,9,9,10,False,missing_expected_sample,,missing_expected_sample,200.0,,0,0,Fault9-condition9-opening10
,Fault9/Fault9-condition9/Fault9-condition9-11.csv,9,9,11,False,missing_expected_sample,,missing_expected_sample,200.0,,0,0,Fault9-condition9-opening11
,Fault9/Fault9-condition9/Fault9-condition9-12.csv,9,9,12,False,missing_expected_sample,,missing_expected_sample,200.0,,0,0,Fault9-condition9-opening12
,Fault9/Fault9-condition9/Fault9-condition9-13.csv,9,9,13,False,missing_expected_sample,,missing_expected_sample,200.0,,0,0,Fault9-condition9-opening13
,Fault9/Fault9-condition9/Fault9-condition9-14.csv,9,9,14,False,missing_expected_sample,,missing_expected_sample,200.0,,0,0,Fault9-condition9-opening14
,Fault9/Fault9-condition9/Fault9-condition9-15.csv,9,9,15,False,missing_expected_sample,,missing_expected_sample,200.0,,0,0,Fault9-condition9-opening15
,Fault9/Fault9-condition9/Fault9-condition9-16.csv,9,9,16,False,missing_expected_sample,,missing_expected_sample,200.0,,0,0,Fault9-condition9-opening16
,Fault9/Fault9-condition9/Fault9-condition9-17.csv,9,9,17,False,missing_expected_sample,,missing_expected_sample,200.0,,0,0,Fault9-condition9-opening17
,Fault9/Fault9-condition9/Fault9-condition9-18.csv,9,9,18,False,missing_expected_sample,,missing_expected_sample,200.0,,0,0,Fault9-condition9-opening18
,Fault9/Fault9-condition9/Fault9-condition9-19.csv,9,9,19,False,missing_expected_sample,,missing_expected_sample,200.0,,0,0,Fault9-condition9-opening19
,Fault9/Fault9-condition9/Fault9-condition9-20.csv,9,9,20,False,missing_expected_sample,,missing_expected_sample,200.0,,0,0,Fault9-condition9-opening20
,Fault9/Fault9-condition10/Fault9-condition10-1.csv,9,10,1,False,missing_expected_sample,,missing_expected_sample,200.0,,0,0,Fault9-condition10-opening1
,Fault9/Fault9-condition10/Fault9-condition10-2.csv,9,10,2,False,missing_expected_sample,,missing_expected_sample,200.0,,0,0,Fault9-condition10-opening2
,Fault9/Fault9-condition10/Fault9-condition10-3.csv,9,10,3,False,missing_expected_sample,,missing_expected_sample,200.0,,0,0,Fault9-condition10-opening3
,Fault9/Fault9-condition10/Fault9-condition10-4.csv,9,10,4,False,missing_expected_sample,,missing_expected_sample,200.0,,0,0,Fault9-condition10-opening4
,Fault9/Fault9-condition10/Fault9-condition10-5.csv,9,10,5,False,missing_expected_sample,,missing_expected_sample,200.0,,0,0,Fault9-condition10-opening5
,Fault9/Fault9-condition10/Fault9-condition10-6.csv,9,10,6,False,missing_expected_sample,,missing_expected_sample,200.0,,0,0,Fault9-condition10-opening6
,Fault9/Fault9-condition10/Fault9-condition10-7.csv,9,10,7,False,missing_expected_sample,,missing_expected_sample,200.0,,0,0,Fault9-condition10-opening7
,Fault9/Fault9-condition10/Fault9-condition10-8.csv,9,10,8,False,missing_expected_sample,,missing_expected_sample,200.0,,0,0,Fault9-condition10-opening8
,Fault9/Fault9-condition10/Fault9-condition10-9.csv,9,10,9,False,missing_expected_sample,,missing_expected_sample,200.0,,0,0,Fault9-condition10-opening9
,Fault9/Fault9-condition10/Fault9-condition10-10.csv,9,10,10,False,missing_expected_sample,,missing_expected_sample,200.0,,0,0,Fault9-condition10-opening10
,Fault9/Fault9-condition10/Fault9-condition10-11.csv,9,10,11,False,missing_expected_sample,,missing_expected_sample,200.0,,0,0,Fault9-condition10-opening11
,Fault9/Fault9-condition10/Fault9-condition10-12.csv,9,10,12,False,missing_expected_sample,,missing_expected_sample,200.0,,0,0,Fault9-condition10-opening12
,Fault9/Fault9-condition10/Fault9-condition10-13.csv,9,10,13,False,missing_expected_sample,,missing_expected_sample,200.0,,0,0,Fault9-condition10-opening13
,Fault9/Fault9-condition10/Fault9-condition10-14.csv,9,10,14,False,missing_expected_sample,,missing_expected_sample,200.0,,0,0,Fault9-condition10-opening14
,Fault9/Fault9-condition10/Fault9-condition10-15.csv,9,10,15,False,missing_expected_sample,,missing_expected_sample,200.0,,0,0,Fault9-condition10-opening15
,Fault9/Fault9-condition10/Fault9-condition10-16.csv,9,10,16,False,missing_expected_sample,,missing_expected_sample,200.0,,0,0,Fault9-condition10-opening16
,Fault9/Fault9-condition10/Fault9-condition10-17.csv,9,10,17,False,missing_expected_sample,,missing_expected_sample,200.0,,0,0,Fault9-condition10-opening17
,Fault9/Fault9-condition10/Fault9-condition10-18.csv,9,10,18,False,missing_expected_sample,,missing_expected_sample,200.0,,0,0,Fault9-condition10-opening18
,Fault9/Fault9-condition10/Fault9-condition10-19.csv,9,10,19,False,missing_expected_sample,,missing_expected_sample,200.0,,0,0,Fault9-condition10-opening19
,Fault9/Fault9-condition10/Fault9-condition10-20.csv,9,10,20,False,missing_expected_sample,,missing_expected_sample,200.0,,0,0,Fault9-condition10-opening20
,Fault10/Fault10-condition1/Fault10-condition1-1.csv,10,1,1,False,missing_expected_sample,,missing_expected_sample,200.0,,0,0,Fault10-condition1-opening1
,Fault10/Fault10-condition1/Fault10-condition1-2.csv,10,1,2,False,missing_expected_sample,,missing_expected_sample,200.0,,0,0,Fault10-condition1-opening2
,Fault10/Fault10-condition1/Fault10-condition1-3.csv,10,1,3,False,missing_expected_sample,,missing_expected_sample,200.0,,0,0,Fault10-condition1-opening3
,Fault10/Fault10-condition1/Fault10-condition1-4.csv,10,1,4,False,missing_expected_sample,,missing_expected_sample,200.0,,0,0,Fault10-condition1-opening4
,Fault10/Fault10-condition1/Fault10-condition1-5.csv,10,1,5,False,missing_expected_sample,,missing_expected_sample,200.0,,0,0,Fault10-condition1-opening5
,Fault10/Fault10-condition1/Fault10-condition1-6.csv,10,1,6,False,missing_expected_sample,,missing_expected_sample,200.0,,0,0,Fault10-condition1-opening6
,Fault10/Fault10-condition1/Fault10-condition1-7.csv,10,1,7,False,missing_expected_sample,,missing_expected_sample,200.0,,0,0,Fault10-condition1-opening7
,Fault10/Fault10-condition1/Fault10-condition1-8.csv,10,1,8,False,missing_expected_sample,,missing_expected_sample,200.0,,0,0,Fault10-condition1-opening8
,Fault10/Fault10-condition1/Fault10-condition1-9.csv,10,1,9,False,missing_expected_sample,,missing_expected_sample,200.0,,0,0,Fault10-condition1-opening9
,Fault10/Fault10-condition1/Fault10-condition1-10.csv,10,1,10,False,missing_expected_sample,,missing_expected_sample,200.0,,0,0,Fault10-condition1-opening10
,Fault10/Fault10-condition1/Fault10-condition1-11.csv,10,1,11,False,missing_expected_sample,,missing_expected_sample,200.0,,0,0,Fault10-condition1-opening11
,Fault10/Fault10-condition1/Fault10-condition1-12.csv,10,1,12,False,missing_expected_sample,,missing_expected_sample,200.0,,0,0,Fault10-condition1-opening12
,Fault10/Fault10-condition1/Fault10-condition1-13.csv,10,1,13,False,missing_expected_sample,,missing_expected_sample,200.0,,0,0,Fault10-condition1-opening13
,Fault10/Fault10-condition1/Fault10-condition1-14.csv,10,1,14,False,missing_expected_sample,,missing_expected_sample,200.0,,0,0,Fault10-condition1-opening14
,Fault10/Fault10-condition1/Fault10-condition1-15.csv,10,1,15,False,missing_expected_sample,,missing_expected_sample,200.0,,0,0,Fault10-condition1-opening15
,Fault10/Fault10-condition1/Fault10-condition1-16.csv,10,1,16,False,missing_expected_sample,,missing_expected_sample,200.0,,0,0,Fault10-condition1-opening16
,Fault10/Fault10-condition1/Fault10-condition1-17.csv,10,1,17,False,missing_expected_sample,,missing_expected_sample,200.0,,0,0,Fault10-condition1-opening17
,Fault10/Fault10-condition1/Fault10-condition1-18.csv,10,1,18,False,missing_expected_sample,,missing_expected_sample,200.0,,0,0,Fault10-condition1-opening18
,Fault10/Fault10-condition1/Fault10-condition1-19.csv,10,1,19,False,missing_expected_sample,,missing_expected_sample,200.0,,0,0,Fault10-condition1-opening19
,Fault10/Fault10-condition1/Fault10-condition1-20.csv,10,1,20,False,missing_expected_sample,,missing_expected_sample,200.0,,0,0,Fault10-condition1-opening20
,Fault10/Fault10-condition2/Fault10-condition2-1.csv,10,2,1,False,missing_expected_sample,,missing_expected_sample,200.0,,0,0,Fault10-condition2-opening1
,Fault10/Fault10-condition2/Fault10-condition2-2.csv,10,2,2,False,missing_expected_sample,,missing_expected_sample,200.0,,0,0,Fault10-condition2-opening2
,Fault10/Fault10-condition2/Fault10-condition2-3.csv,10,2,3,False,missing_expected_sample,,missing_expected_sample,200.0,,0,0,Fault10-condition2-opening3
,Fault10/Fault10-condition2/Fault10-condition2-4.csv,10,2,4,False,missing_expected_sample,,missing_expected_sample,200.0,,0,0,Fault10-condition2-opening4
,Fault10/Fault10-condition2/Fault10-condition2-5.csv,10,2,5,False,missing_expected_sample,,missing_expected_sample,200.0,,0,0,Fault10-condition2-opening5
,Fault10/Fault10-condition2/Fault10-condition2-6.csv,10,2,6,False,missing_expected_sample,,missing_expected_sample,200.0,,0,0,Fault10-condition2-opening6
,Fault10/Fault10-condition2/Fault10-condition2-7.csv,10,2,7,False,missing_expected_sample,,missing_expected_sample,200.0,,0,0,Fault10-condition2-opening7
,Fault10/Fault10-condition2/Fault10-condition2-8.csv,10,2,8,False,missing_expected_sample,,missing_expected_sample,200.0,,0,0,Fault10-condition2-opening8
,Fault10/Fault10-condition2/Fault10-condition2-9.csv,10,2,9,False,missing_expected_sample,,missing_expected_sample,200.0,,0,0,Fault10-condition2-opening9
,Fault10/Fault10-condition2/Fault10-condition2-10.csv,10,2,10,False,missing_expected_sample,,missing_expected_sample,200.0,,0,0,Fault10-condition2-opening10
,Fault10/Fault10-condition2/Fault10-condition2-11.csv,10,2,11,False,missing_expected_sample,,missing_expected_sample,200.0,,0,0,Fault10-condition2-opening11
,Fault10/Fault10-condition2/Fault10-condition2-12.csv,10,2,12,False,missing_expected_sample,,missing_expected_sample,200.0,,0,0,Fault10-condition2-opening12
,Fault10/Fault10-condition2/Fault10-condition2-13.csv,10,2,13,False,missing_expected_sample,,missing_expected_sample,200.0,,0,0,Fault10-condition2-opening13
,Fault10/Fault10-condition2/Fault10-condition2-14.csv,10,2,14,False,missing_expected_sample,,missing_expected_sample,200.0,,0,0,Fault10-condition2-opening14
,Fault10/Fault10-condition2/Fault10-condition2-15.csv,10,2,15,False,missing_expected_sample,,missing_expected_sample,200.0,,0,0,Fault10-condition2-opening15
,Fault10/Fault10-condition2/Fault10-condition2-16.csv,10,2,16,False,missing_expected_sample,,missing_expected_sample,200.0,,0,0,Fault10-condition2-opening16
,Fault10/Fault10-condition2/Fault10-condition2-17.csv,10,2,17,False,missing_expected_sample,,missing_expected_sample,200.0,,0,0,Fault10-condition2-opening17
,Fault10/Fault10-condition2/Fault10-condition2-18.csv,10,2,18,False,missing_expected_sample,,missing_expected_sample,200.0,,0,0,Fault10-condition2-opening18
,Fault10/Fault10-condition2/Fault10-condition2-19.csv,10,2,19,False,missing_expected_sample,,missing_expected_sample,200.0,,0,0,Fault10-condition2-opening19
,Fault10/Fault10-condition2/Fault10-condition2-20.csv,10,2,20,False,missing_expected_sample,,missing_expected_sample,200.0,,0,0,Fault10-condition2-opening20
,Fault10/Fault10-condition3/Fault10-condition3-1.csv,10,3,1,False,missing_expected_sample,,missing_expected_sample,200.0,,0,0,Fault10-condition3-opening1
,Fault10/Fault10-condition3/Fault10-condition3-2.csv,10,3,2,False,missing_expected_sample,,missing_expected_sample,200.0,,0,0,Fault10-condition3-opening2
,Fault10/Fault10-condition3/Fault10-condition3-3.csv,10,3,3,False,missing_expected_sample,,missing_expected_sample,200.0,,0,0,Fault10-condition3-opening3
,Fault10/Fault10-condition3/Fault10-condition3-4.csv,10,3,4,False,missing_expected_sample,,missing_expected_sample,200.0,,0,0,Fault10-condition3-opening4
,Fault10/Fault10-condition3/Fault10-condition3-5.csv,10,3,5,False,missing_expected_sample,,missing_expected_sample,200.0,,0,0,Fault10-condition3-opening5
,Fault10/Fault10-condition3/Fault10-condition3-6.csv,10,3,6,False,missing_expected_sample,,missing_expected_sample,200.0,,0,0,Fault10-condition3-opening6
,Fault10/Fault10-condition3/Fault10-condition3-7.csv,10,3,7,False,missing_expected_sample,,missing_expected_sample,200.0,,0,0,Fault10-condition3-opening7
,Fault10/Fault10-condition3/Fault10-condition3-8.csv,10,3,8,False,missing_expected_sample,,missing_expected_sample,200.0,,0,0,Fault10-condition3-opening8
,Fault10/Fault10-condition3/Fault10-condition3-9.csv,10,3,9,False,missing_expected_sample,,missing_expected_sample,200.0,,0,0,Fault10-condition3-opening9
,Fault10/Fault10-condition3/Fault10-condition3-10.csv,10,3,10,False,missing_expected_sample,,missing_expected_sample,200.0,,0,0,Fault10-condition3-opening10
,Fault10/Fault10-condition3/Fault10-condition3-11.csv,10,3,11,False,missing_expected_sample,,missing_expected_sample,200.0,,0,0,Fault10-condition3-opening11
,Fault10/Fault10-condition3/Fault10-condition3-12.csv,10,3,12,False,missing_expected_sample,,missing_expected_sample,200.0,,0,0,Fault10-condition3-opening12
,Fault10/Fault10-condition3/Fault10-condition3-13.csv,10,3,13,False,missing_expected_sample,,missing_expected_sample,200.0,,0,0,Fault10-condition3-opening13
,Fault10/Fault10-condition3/Fault10-condition3-14.csv,10,3,14,False,missing_expected_sample,,missing_expected_sample,200.0,,0,0,Fault10-condition3-opening14
,Fault10/Fault10-condition3/Fault10-condition3-15.csv,10,3,15,False,missing_expected_sample,,missing_expected_sample,200.0,,0,0,Fault10-condition3-opening15
,Fault10/Fault10-condition3/Fault10-condition3-16.csv,10,3,16,False,missing_expected_sample,,missing_expected_sample,200.0,,0,0,Fault10-condition3-opening16
,Fault10/Fault10-condition3/Fault10-condition3-17.csv,10,3,17,False,missing_expected_sample,,missing_expected_sample,200.0,,0,0,Fault10-condition3-opening17
,Fault10/Fault10-condition3/Fault10-condition3-18.csv,10,3,18,False,missing_expected_sample,,missing_expected_sample,200.0,,0,0,Fault10-condition3-opening18
,Fault10/Fault10-condition3/Fault10-condition3-19.csv,10,3,19,False,missing_expected_sample,,missing_expected_sample,200.0,,0,0,Fault10-condition3-opening19
,Fault10/Fault10-condition3/Fault10-condition3-20.csv,10,3,20,False,missing_expected_sample,,missing_expected_sample,200.0,,0,0,Fault10-condition3-opening20
,Fault10/Fault10-condition4/Fault10-condition4-1.csv,10,4,1,False,missing_expected_sample,,missing_expected_sample,200.0,,0,0,Fault10-condition4-opening1
,Fault10/Fault10-condition4/Fault10-condition4-2.csv,10,4,2,False,missing_expected_sample,,missing_expected_sample,200.0,,0,0,Fault10-condition4-opening2
,Fault10/Fault10-condition4/Fault10-condition4-3.csv,10,4,3,False,missing_expected_sample,,missing_expected_sample,200.0,,0,0,Fault10-condition4-opening3
,Fault10/Fault10-condition4/Fault10-condition4-4.csv,10,4,4,False,missing_expected_sample,,missing_expected_sample,200.0,,0,0,Fault10-condition4-opening4
,Fault10/Fault10-condition4/Fault10-condition4-5.csv,10,4,5,False,missing_expected_sample,,missing_expected_sample,200.0,,0,0,Fault10-condition4-opening5
,Fault10/Fault10-condition4/Fault10-condition4-6.csv,10,4,6,False,missing_expected_sample,,missing_expected_sample,200.0,,0,0,Fault10-condition4-opening6
,Fault10/Fault10-condition4/Fault10-condition4-7.csv,10,4,7,False,missing_expected_sample,,missing_expected_sample,200.0,,0,0,Fault10-condition4-opening7
,Fault10/Fault10-condition4/Fault10-condition4-8.csv,10,4,8,False,missing_expected_sample,,missing_expected_sample,200.0,,0,0,Fault10-condition4-opening8
,Fault10/Fault10-condition4/Fault10-condition4-9.csv,10,4,9,False,missing_expected_sample,,missing_expected_sample,200.0,,0,0,Fault10-condition4-opening9
,Fault10/Fault10-condition4/Fault10-condition4-10.csv,10,4,10,False,missing_expected_sample,,missing_expected_sample,200.0,,0,0,Fault10-condition4-opening10
,Fault10/Fault10-condition4/Fault10-condition4-11.csv,10,4,11,False,missing_expected_sample,,missing_expected_sample,200.0,,0,0,Fault10-condition4-opening11
,Fault10/Fault10-condition4/Fault10-condition4-12.csv,10,4,12,False,missing_expected_sample,,missing_expected_sample,200.0,,0,0,Fault10-condition4-opening12
,Fault10/Fault10-condition4/Fault10-condition4-13.csv,10,4,13,False,missing_expected_sample,,missing_expected_sample,200.0,,0,0,Fault10-condition4-opening13
,Fault10/Fault10-condition4/Fault10-condition4-14.csv,10,4,14,False,missing_expected_sample,,missing_expected_sample,200.0,,0,0,Fault10-condition4-opening14
,Fault10/Fault10-condition4/Fault10-condition4-15.csv,10,4,15,False,missing_expected_sample,,missing_expected_sample,200.0,,0,0,Fault10-condition4-opening15
,Fault10/Fault10-condition4/Fault10-condition4-16.csv,10,4,16,False,missing_expected_sample,,missing_expected_sample,200.0,,0,0,Fault10-condition4-opening16
,Fault10/Fault10-condition4/Fault10-condition4-17.csv,10,4,17,False,missing_expected_sample,,missing_expected_sample,200.0,,0,0,Fault10-condition4-opening17
,Fault10/Fault10-condition4/Fault10-condition4-18.csv,10,4,18,False,missing_expected_sample,,missing_expected_sample,200.0,,0,0,Fault10-condition4-opening18
,Fault10/Fault10-condition4/Fault10-condition4-19.csv,10,4,19,False,missing_expected_sample,,missing_expected_sample,200.0,,0,0,Fault10-condition4-opening19
,Fault10/Fault10-condition4/Fault10-condition4-20.csv,10,4,20,False,missing_expected_sample,,missing_expected_sample,200.0,,0,0,Fault10-condition4-opening20
,Fault10/Fault10-condition5/Fault10-condition5-1.csv,10,5,1,False,missing_expected_sample,,missing_expected_sample,200.0,,0,0,Fault10-condition5-opening1
,Fault10/Fault10-condition5/Fault10-condition5-2.csv,10,5,2,False,missing_expected_sample,,missing_expected_sample,200.0,,0,0,Fault10-condition5-opening2
,Fault10/Fault10-condition5/Fault10-condition5-3.csv,10,5,3,False,missing_expected_sample,,missing_expected_sample,200.0,,0,0,Fault10-condition5-opening3
,Fault10/Fault10-condition5/Fault10-condition5-4.csv,10,5,4,False,missing_expected_sample,,missing_expected_sample,200.0,,0,0,Fault10-condition5-opening4
,Fault10/Fault10-condition5/Fault10-condition5-5.csv,10,5,5,False,missing_expected_sample,,missing_expected_sample,200.0,,0,0,Fault10-condition5-opening5
,Fault10/Fault10-condition5/Fault10-condition5-6.csv,10,5,6,False,missing_expected_sample,,missing_expected_sample,200.0,,0,0,Fault10-condition5-opening6
,Fault10/Fault10-condition5/Fault10-condition5-7.csv,10,5,7,False,missing_expected_sample,,missing_expected_sample,200.0,,0,0,Fault10-condition5-opening7
,Fault10/Fault10-condition5/Fault10-condition5-8.csv,10,5,8,False,missing_expected_sample,,missing_expected_sample,200.0,,0,0,Fault10-condition5-opening8
,Fault10/Fault10-condition5/Fault10-condition5-9.csv,10,5,9,False,missing_expected_sample,,missing_expected_sample,200.0,,0,0,Fault10-condition5-opening9
,Fault10/Fault10-condition5/Fault10-condition5-10.csv,10,5,10,False,missing_expected_sample,,missing_expected_sample,200.0,,0,0,Fault10-condition5-opening10
,Fault10/Fault10-condition5/Fault10-condition5-11.csv,10,5,11,False,missing_expected_sample,,missing_expected_sample,200.0,,0,0,Fault10-condition5-opening11
,Fault10/Fault10-condition5/Fault10-condition5-12.csv,10,5,12,False,missing_expected_sample,,missing_expected_sample,200.0,,0,0,Fault10-condition5-opening12
,Fault10/Fault10-condition5/Fault10-condition5-13.csv,10,5,13,False,missing_expected_sample,,missing_expected_sample,200.0,,0,0,Fault10-condition5-opening13
,Fault10/Fault10-condition5/Fault10-condition5-14.csv,10,5,14,False,missing_expected_sample,,missing_expected_sample,200.0,,0,0,Fault10-condition5-opening14
,Fault10/Fault10-condition5/Fault10-condition5-15.csv,10,5,15,False,missing_expected_sample,,missing_expected_sample,200.0,,0,0,Fault10-condition5-opening15
,Fault10/Fault10-condition5/Fault10-condition5-16.csv,10,5,16,False,missing_expected_sample,,missing_expected_sample,200.0,,0,0,Fault10-condition5-opening16
,Fault10/Fault10-condition5/Fault10-condition5-17.csv,10,5,17,False,missing_expected_sample,,missing_expected_sample,200.0,,0,0,Fault10-condition5-opening17
,Fault10/Fault10-condition5/Fault10-condition5-18.csv,10,5,18,False,missing_expected_sample,,missing_expected_sample,200.0,,0,0,Fault10-condition5-opening18
,Fault10/Fault10-condition5/Fault10-condition5-19.csv,10,5,19,False,missing_expected_sample,,missing_expected_sample,200.0,,0,0,Fault10-condition5-opening19
,Fault10/Fault10-condition5/Fault10-condition5-20.csv,10,5,20,False,missing_expected_sample,,missing_expected_sample,200.0,,0,0,Fault10-condition5-opening20
,Fault10/Fault10-condition6/Fault10-condition6-1.csv,10,6,1,False,missing_expected_sample,,missing_expected_sample,200.0,,0,0,Fault10-condition6-opening1
,Fault10/Fault10-condition6/Fault10-condition6-2.csv,10,6,2,False,missing_expected_sample,,missing_expected_sample,200.0,,0,0,Fault10-condition6-opening2
,Fault10/Fault10-condition6/Fault10-condition6-3.csv,10,6,3,False,missing_expected_sample,,missing_expected_sample,200.0,,0,0,Fault10-condition6-opening3
,Fault10/Fault10-condition6/Fault10-condition6-4.csv,10,6,4,False,missing_expected_sample,,missing_expected_sample,200.0,,0,0,Fault10-condition6-opening4
,Fault10/Fault10-condition6/Fault10-condition6-5.csv,10,6,5,False,missing_expected_sample,,missing_expected_sample,200.0,,0,0,Fault10-condition6-opening5
,Fault10/Fault10-condition6/Fault10-condition6-6.csv,10,6,6,False,missing_expected_sample,,missing_expected_sample,200.0,,0,0,Fault10-condition6-opening6
,Fault10/Fault10-condition6/Fault10-condition6-7.csv,10,6,7,False,missing_expected_sample,,missing_expected_sample,200.0,,0,0,Fault10-condition6-opening7
,Fault10/Fault10-condition6/Fault10-condition6-8.csv,10,6,8,False,missing_expected_sample,,missing_expected_sample,200.0,,0,0,Fault10-condition6-opening8
,Fault10/Fault10-condition6/Fault10-condition6-9.csv,10,6,9,False,missing_expected_sample,,missing_expected_sample,200.0,,0,0,Fault10-condition6-opening9
,Fault10/Fault10-condition6/Fault10-condition6-10.csv,10,6,10,False,missing_expected_sample,,missing_expected_sample,200.0,,0,0,Fault10-condition6-opening10
,Fault10/Fault10-condition6/Fault10-condition6-11.csv,10,6,11,False,missing_expected_sample,,missing_expected_sample,200.0,,0,0,Fault10-condition6-opening11
,Fault10/Fault10-condition6/Fault10-condition6-12.csv,10,6,12,False,missing_expected_sample,,missing_expected_sample,200.0,,0,0,Fault10-condition6-opening12
,Fault10/Fault10-condition6/Fault10-condition6-13.csv,10,6,13,False,missing_expected_sample,,missing_expected_sample,200.0,,0,0,Fault10-condition6-opening13
,Fault10/Fault10-condition6/Fault10-condition6-14.csv,10,6,14,False,missing_expected_sample,,missing_expected_sample,200.0,,0,0,Fault10-condition6-opening14
,Fault10/Fault10-condition6/Fault10-condition6-15.csv,10,6,15,False,missing_expected_sample,,missing_expected_sample,200.0,,0,0,Fault10-condition6-opening15
,Fault10/Fault10-condition6/Fault10-condition6-16.csv,10,6,16,False,missing_expected_sample,,missing_expected_sample,200.0,,0,0,Fault10-condition6-opening16
,Fault10/Fault10-condition6/Fault10-condition6-17.csv,10,6,17,False,missing_expected_sample,,missing_expected_sample,200.0,,0,0,Fault10-condition6-opening17
,Fault10/Fault10-condition6/Fault10-condition6-18.csv,10,6,18,False,missing_expected_sample,,missing_expected_sample,200.0,,0,0,Fault10-condition6-opening18
,Fault10/Fault10-condition6/Fault10-condition6-19.csv,10,6,19,False,missing_expected_sample,,missing_expected_sample,200.0,,0,0,Fault10-condition6-opening19
,Fault10/Fault10-condition6/Fault10-condition6-20.csv,10,6,20,False,missing_expected_sample,,missing_expected_sample,200.0,,0,0,Fault10-condition6-opening20
,Fault10/Fault10-condition7/Fault10-condition7-1.csv,10,7,1,False,missing_expected_sample,,missing_expected_sample,200.0,,0,0,Fault10-condition7-opening1
,Fault10/Fault10-condition7/Fault10-condition7-2.csv,10,7,2,False,missing_expected_sample,,missing_expected_sample,200.0,,0,0,Fault10-condition7-opening2
,Fault10/Fault10-condition7/Fault10-condition7-3.csv,10,7,3,False,missing_expected_sample,,missing_expected_sample,200.0,,0,0,Fault10-condition7-opening3
,Fault10/Fault10-condition7/Fault10-condition7-4.csv,10,7,4,False,missing_expected_sample,,missing_expected_sample,200.0,,0,0,Fault10-condition7-opening4
,Fault10/Fault10-condition7/Fault10-condition7-5.csv,10,7,5,False,missing_expected_sample,,missing_expected_sample,200.0,,0,0,Fault10-condition7-opening5
,Fault10/Fault10-condition7/Fault10-condition7-6.csv,10,7,6,False,missing_expected_sample,,missing_expected_sample,200.0,,0,0,Fault10-condition7-opening6
,Fault10/Fault10-condition7/Fault10-condition7-7.csv,10,7,7,False,missing_expected_sample,,missing_expected_sample,200.0,,0,0,Fault10-condition7-opening7
,Fault10/Fault10-condition7/Fault10-condition7-8.csv,10,7,8,False,missing_expected_sample,,missing_expected_sample,200.0,,0,0,Fault10-condition7-opening8
,Fault10/Fault10-condition7/Fault10-condition7-9.csv,10,7,9,False,missing_expected_sample,,missing_expected_sample,200.0,,0,0,Fault10-condition7-opening9
,Fault10/Fault10-condition7/Fault10-condition7-10.csv,10,7,10,False,missing_expected_sample,,missing_expected_sample,200.0,,0,0,Fault10-condition7-opening10
,Fault10/Fault10-condition7/Fault10-condition7-11.csv,10,7,11,False,missing_expected_sample,,missing_expected_sample,200.0,,0,0,Fault10-condition7-opening11
,Fault10/Fault10-condition7/Fault10-condition7-12.csv,10,7,12,False,missing_expected_sample,,missing_expected_sample,200.0,,0,0,Fault10-condition7-opening12
,Fault10/Fault10-condition7/Fault10-condition7-13.csv,10,7,13,False,missing_expected_sample,,missing_expected_sample,200.0,,0,0,Fault10-condition7-opening13
,Fault10/Fault10-condition7/Fault10-condition7-14.csv,10,7,14,False,missing_expected_sample,,missing_expected_sample,200.0,,0,0,Fault10-condition7-opening14
,Fault10/Fault10-condition7/Fault10-condition7-15.csv,10,7,15,False,missing_expected_sample,,missing_expected_sample,200.0,,0,0,Fault10-condition7-opening15
,Fault10/Fault10-condition7/Fault10-condition7-16.csv,10,7,16,False,missing_expected_sample,,missing_expected_sample,200.0,,0,0,Fault10-condition7-opening16
,Fault10/Fault10-condition7/Fault10-condition7-17.csv,10,7,17,False,missing_expected_sample,,missing_expected_sample,200.0,,0,0,Fault10-condition7-opening17
,Fault10/Fault10-condition7/Fault10-condition7-18.csv,10,7,18,False,missing_expected_sample,,missing_expected_sample,200.0,,0,0,Fault10-condition7-opening18
,Fault10/Fault10-condition7/Fault10-condition7-19.csv,10,7,19,False,missing_expected_sample,,missing_expected_sample,200.0,,0,0,Fault10-condition7-opening19
,Fault10/Fault10-condition7/Fault10-condition7-20.csv,10,7,20,False,missing_expected_sample,,missing_expected_sample,200.0,,0,0,Fault10-condition7-opening20
,Fault10/Fault10-condition8/Fault10-condition8-1.csv,10,8,1,False,missing_expected_sample,,missing_expected_sample,200.0,,0,0,Fault10-condition8-opening1
,Fault10/Fault10-condition8/Fault10-condition8-2.csv,10,8,2,False,missing_expected_sample,,missing_expected_sample,200.0,,0,0,Fault10-condition8-opening2
,Fault10/Fault10-condition8/Fault10-condition8-3.csv,10,8,3,False,missing_expected_sample,,missing_expected_sample,200.0,,0,0,Fault10-condition8-opening3
,Fault10/Fault10-condition8/Fault10-condition8-4.csv,10,8,4,False,missing_expected_sample,,missing_expected_sample,200.0,,0,0,Fault10-condition8-opening4
,Fault10/Fault10-condition8/Fault10-condition8-5.csv,10,8,5,False,missing_expected_sample,,missing_expected_sample,200.0,,0,0,Fault10-condition8-opening5
,Fault10/Fault10-condition8/Fault10-condition8-6.csv,10,8,6,False,missing_expected_sample,,missing_expected_sample,200.0,,0,0,Fault10-condition8-opening6
,Fault10/Fault10-condition8/Fault10-condition8-7.csv,10,8,7,False,missing_expected_sample,,missing_expected_sample,200.0,,0,0,Fault10-condition8-opening7
,Fault10/Fault10-condition8/Fault10-condition8-8.csv,10,8,8,False,missing_expected_sample,,missing_expected_sample,200.0,,0,0,Fault10-condition8-opening8
,Fault10/Fault10-condition8/Fault10-condition8-9.csv,10,8,9,False,missing_expected_sample,,missing_expected_sample,200.0,,0,0,Fault10-condition8-opening9
,Fault10/Fault10-condition8/Fault10-condition8-10.csv,10,8,10,False,missing_expected_sample,,missing_expected_sample,200.0,,0,0,Fault10-condition8-opening10
,Fault10/Fault10-condition8/Fault10-condition8-11.csv,10,8,11,False,missing_expected_sample,,missing_expected_sample,200.0,,0,0,Fault10-condition8-opening11
,Fault10/Fault10-condition8/Fault10-condition8-12.csv,10,8,12,False,missing_expected_sample,,missing_expected_sample,200.0,,0,0,Fault10-condition8-opening12
,Fault10/Fault10-condition8/Fault10-condition8-13.csv,10,8,13,False,missing_expected_sample,,missing_expected_sample,200.0,,0,0,Fault10-condition8-opening13
,Fault10/Fault10-condition8/Fault10-condition8-14.csv,10,8,14,False,missing_expected_sample,,missing_expected_sample,200.0,,0,0,Fault10-condition8-opening14
,Fault10/Fault10-condition8/Fault10-condition8-15.csv,10,8,15,False,missing_expected_sample,,missing_expected_sample,200.0,,0,0,Fault10-condition8-opening15
,Fault10/Fault10-condition8/Fault10-condition8-16.csv,10,8,16,False,missing_expected_sample,,missing_expected_sample,200.0,,0,0,Fault10-condition8-opening16
,Fault10/Fault10-condition8/Fault10-condition8-17.csv,10,8,17,False,missing_expected_sample,,missing_expected_sample,200.0,,0,0,Fault10-condition8-opening17
,Fault10/Fault10-condition8/Fault10-condition8-18.csv,10,8,18,False,missing_expected_sample,,missing_expected_sample,200.0,,0,0,Fault10-condition8-opening18
,Fault10/Fault10-condition8/Fault10-condition8-19.csv,10,8,19,False,missing_expected_sample,,missing_expected_sample,200.0,,0,0,Fault10-condition8-opening19
,Fault10/Fault10-condition8/Fault10-condition8-20.csv,10,8,20,False,missing_expected_sample,,missing_expected_sample,200.0,,0,0,Fault10-condition8-opening20
,Fault10/Fault10-condition9/Fault10-condition9-1.csv,10,9,1,False,missing_expected_sample,,missing_expected_sample,200.0,,0,0,Fault10-condition9-opening1
,Fault10/Fault10-condition9/Fault10-condition9-2.csv,10,9,2,False,missing_expected_sample,,missing_expected_sample,200.0,,0,0,Fault10-condition9-opening2
,Fault10/Fault10-condition9/Fault10-condition9-3.csv,10,9,3,False,missing_expected_sample,,missing_expected_sample,200.0,,0,0,Fault10-condition9-opening3
,Fault10/Fault10-condition9/Fault10-condition9-4.csv,10,9,4,False,missing_expected_sample,,missing_expected_sample,200.0,,0,0,Fault10-condition9-opening4
,Fault10/Fault10-condition9/Fault10-condition9-5.csv,10,9,5,False,missing_expected_sample,,missing_expected_sample,200.0,,0,0,Fault10-condition9-opening5
,Fault10/Fault10-condition9/Fault10-condition9-6.csv,10,9,6,False,missing_expected_sample,,missing_expected_sample,200.0,,0,0,Fault10-condition9-opening6
,Fault10/Fault10-condition9/Fault10-condition9-7.csv,10,9,7,False,missing_expected_sample,,missing_expected_sample,200.0,,0,0,Fault10-condition9-opening7
,Fault10/Fault10-condition9/Fault10-condition9-8.csv,10,9,8,False,missing_expected_sample,,missing_expected_sample,200.0,,0,0,Fault10-condition9-opening8
,Fault10/Fault10-condition9/Fault10-condition9-9.csv,10,9,9,False,missing_expected_sample,,missing_expected_sample,200.0,,0,0,Fault10-condition9-opening9
,Fault10/Fault10-condition9/Fault10-condition9-10.csv,10,9,10,False,missing_expected_sample,,missing_expected_sample,200.0,,0,0,Fault10-condition9-opening10
,Fault10/Fault10-condition9/Fault10-condition9-11.csv,10,9,11,False,missing_expected_sample,,missing_expected_sample,200.0,,0,0,Fault10-condition9-opening11
,Fault10/Fault10-condition9/Fault10-condition9-12.csv,10,9,12,False,missing_expected_sample,,missing_expected_sample,200.0,,0,0,Fault10-condition9-opening12
,Fault10/Fault10-condition9/Fault10-condition9-13.csv,10,9,13,False,missing_expected_sample,,missing_expected_sample,200.0,,0,0,Fault10-condition9-opening13
,Fault10/Fault10-condition9/Fault10-condition9-14.csv,10,9,14,False,missing_expected_sample,,missing_expected_sample,200.0,,0,0,Fault10-condition9-opening14
,Fault10/Fault10-condition9/Fault10-condition9-15.csv,10,9,15,False,missing_expected_sample,,missing_expected_sample,200.0,,0,0,Fault10-condition9-opening15
,Fault10/Fault10-condition9/Fault10-condition9-16.csv,10,9,16,False,missing_expected_sample,,missing_expected_sample,200.0,,0,0,Fault10-condition9-opening16
,Fault10/Fault10-condition9/Fault10-condition9-17.csv,10,9,17,False,missing_expected_sample,,missing_expected_sample,200.0,,0,0,Fault10-condition9-opening17
,Fault10/Fault10-condition9/Fault10-condition9-18.csv,10,9,18,False,missing_expected_sample,,missing_expected_sample,200.0,,0,0,Fault10-condition9-opening18
,Fault10/Fault10-condition9/Fault10-condition9-19.csv,10,9,19,False,missing_expected_sample,,missing_expected_sample,200.0,,0,0,Fault10-condition9-opening19
,Fault10/Fault10-condition9/Fault10-condition9-20.csv,10,9,20,False,missing_expected_sample,,missing_expected_sample,200.0,,0,0,Fault10-condition9-opening20
,Fault10/Fault10-condition10/Fault10-condition10-1.csv,10,10,1,False,missing_expected_sample,,missing_expected_sample,200.0,,0,0,Fault10-condition10-opening1
,Fault10/Fault10-condition10/Fault10-condition10-2.csv,10,10,2,False,missing_expected_sample,,missing_expected_sample,200.0,,0,0,Fault10-condition10-opening2
,Fault10/Fault10-condition10/Fault10-condition10-3.csv,10,10,3,False,missing_expected_sample,,missing_expected_sample,200.0,,0,0,Fault10-condition10-opening3
,Fault10/Fault10-condition10/Fault10-condition10-4.csv,10,10,4,False,missing_expected_sample,,missing_expected_sample,200.0,,0,0,Fault10-condition10-opening4
,Fault10/Fault10-condition10/Fault10-condition10-5.csv,10,10,5,False,missing_expected_sample,,missing_expected_sample,200.0,,0,0,Fault10-condition10-opening5
,Fault10/Fault10-condition10/Fault10-condition10-6.csv,10,10,6,False,missing_expected_sample,,missing_expected_sample,200.0,,0,0,Fault10-condition10-opening6
,Fault10/Fault10-condition10/Fault10-condition10-7.csv,10,10,7,False,missing_expected_sample,,missing_expected_sample,200.0,,0,0,Fault10-condition10-opening7
,Fault10/Fault10-condition10/Fault10-condition10-8.csv,10,10,8,False,missing_expected_sample,,missing_expected_sample,200.0,,0,0,Fault10-condition10-opening8
,Fault10/Fault10-condition10/Fault10-condition10-9.csv,10,10,9,False,missing_expected_sample,,missing_expected_sample,200.0,,0,0,Fault10-condition10-opening9
,Fault10/Fault10-condition10/Fault10-condition10-10.csv,10,10,10,False,missing_expected_sample,,missing_expected_sample,200.0,,0,0,Fault10-condition10-opening10
,Fault10/Fault10-condition10/Fault10-condition10-11.csv,10,10,11,False,missing_expected_sample,,missing_expected_sample,200.0,,0,0,Fault10-condition10-opening11
,Fault10/Fault10-condition10/Fault10-condition10-12.csv,10,10,12,False,missing_expected_sample,,missing_expected_sample,200.0,,0,0,Fault10-condition10-opening12
,Fault10/Fault10-condition10/Fault10-condition10-13.csv,10,10,13,False,missing_expected_sample,,missing_expected_sample,200.0,,0,0,Fault10-condition10-opening13
,Fault10/Fault10-condition10/Fault10-condition10-14.csv,10,10,14,False,missing_expected_sample,,missing_expected_sample,200.0,,0,0,Fault10-condition10-opening14
,Fault10/Fault10-condition10/Fault10-condition10-15.csv,10,10,15,False,missing_expected_sample,,missing_expected_sample,200.0,,0,0,Fault10-condition10-opening15
,Fault10/Fault10-condition10/Fault10-condition10-16.csv,10,10,16,False,missing_expected_sample,,missing_expected_sample,200.0,,0,0,Fault10-condition10-opening16
,Fault10/Fault10-condition10/Fault10-condition10-17.csv,10,10,17,False,missing_expected_sample,,missing_expected_sample,200.0,,0,0,Fault10-condition10-opening17
,Fault10/Fault10-condition10/Fault10-condition10-18.csv,10,10,18,False,missing_expected_sample,,missing_expected_sample,200.0,,0,0,Fault10-condition10-opening18
,Fault10/Fault10-condition10/Fault10-condition10-19.csv,10,10,19,False,missing_expected_sample,,missing_expected_sample,200.0,,0,0,Fault10-condition10-opening19
,Fault10/Fault10-condition10/Fault10-condition10-20.csv,10,10,20,False,missing_expected_sample,,missing_expected_sample,200.0,,0,0,Fault10-condition10-opening20
,Fault11/Fault11-condition1/Fault11-condition1-1.csv,11,1,1,False,missing_expected_sample,,missing_expected_sample,200.0,,0,0,Fault11-condition1-opening1
,Fault11/Fault11-condition1/Fault11-condition1-2.csv,11,1,2,False,missing_expected_sample,,missing_expected_sample,200.0,,0,0,Fault11-condition1-opening2
,Fault11/Fault11-condition1/Fault11-condition1-3.csv,11,1,3,False,missing_expected_sample,,missing_expected_sample,200.0,,0,0,Fault11-condition1-opening3
,Fault11/Fault11-condition1/Fault11-condition1-4.csv,11,1,4,False,missing_expected_sample,,missing_expected_sample,200.0,,0,0,Fault11-condition1-opening4
,Fault11/Fault11-condition1/Fault11-condition1-5.csv,11,1,5,False,missing_expected_sample,,missing_expected_sample,200.0,,0,0,Fault11-condition1-opening5
,Fault11/Fault11-condition1/Fault11-condition1-6.csv,11,1,6,False,missing_expected_sample,,missing_expected_sample,200.0,,0,0,Fault11-condition1-opening6
,Fault11/Fault11-condition1/Fault11-condition1-7.csv,11,1,7,False,missing_expected_sample,,missing_expected_sample,200.0,,0,0,Fault11-condition1-opening7
,Fault11/Fault11-condition1/Fault11-condition1-8.csv,11,1,8,False,missing_expected_sample,,missing_expected_sample,200.0,,0,0,Fault11-condition1-opening8
,Fault11/Fault11-condition1/Fault11-condition1-9.csv,11,1,9,False,missing_expected_sample,,missing_expected_sample,200.0,,0,0,Fault11-condition1-opening9
,Fault11/Fault11-condition1/Fault11-condition1-10.csv,11,1,10,False,missing_expected_sample,,missing_expected_sample,200.0,,0,0,Fault11-condition1-opening10
,Fault11/Fault11-condition1/Fault11-condition1-11.csv,11,1,11,False,missing_expected_sample,,missing_expected_sample,200.0,,0,0,Fault11-condition1-opening11
,Fault11/Fault11-condition1/Fault11-condition1-12.csv,11,1,12,False,missing_expected_sample,,missing_expected_sample,200.0,,0,0,Fault11-condition1-opening12
,Fault11/Fault11-condition1/Fault11-condition1-13.csv,11,1,13,False,missing_expected_sample,,missing_expected_sample,200.0,,0,0,Fault11-condition1-opening13
,Fault11/Fault11-condition1/Fault11-condition1-14.csv,11,1,14,False,missing_expected_sample,,missing_expected_sample,200.0,,0,0,Fault11-condition1-opening14
,Fault11/Fault11-condition1/Fault11-condition1-15.csv,11,1,15,False,missing_expected_sample,,missing_expected_sample,200.0,,0,0,Fault11-condition1-opening15
,Fault11/Fault11-condition1/Fault11-condition1-16.csv,11,1,16,False,missing_expected_sample,,missing_expected_sample,200.0,,0,0,Fault11-condition1-opening16
,Fault11/Fault11-condition1/Fault11-condition1-17.csv,11,1,17,False,missing_expected_sample,,missing_expected_sample,200.0,,0,0,Fault11-condition1-opening17
,Fault11/Fault11-condition1/Fault11-condition1-18.csv,11,1,18,False,missing_expected_sample,,missing_expected_sample,200.0,,0,0,Fault11-condition1-opening18
,Fault11/Fault11-condition1/Fault11-condition1-19.csv,11,1,19,False,missing_expected_sample,,missing_expected_sample,200.0,,0,0,Fault11-condition1-opening19
,Fault11/Fault11-condition1/Fault11-condition1-20.csv,11,1,20,False,missing_expected_sample,,missing_expected_sample,200.0,,0,0,Fault11-condition1-opening20
,Fault11/Fault11-condition2/Fault11-condition2-1.csv,11,2,1,False,missing_expected_sample,,missing_expected_sample,200.0,,0,0,Fault11-condition2-opening1
,Fault11/Fault11-condition2/Fault11-condition2-2.csv,11,2,2,False,missing_expected_sample,,missing_expected_sample,200.0,,0,0,Fault11-condition2-opening2
,Fault11/Fault11-condition2/Fault11-condition2-3.csv,11,2,3,False,missing_expected_sample,,missing_expected_sample,200.0,,0,0,Fault11-condition2-opening3
,Fault11/Fault11-condition2/Fault11-condition2-4.csv,11,2,4,False,missing_expected_sample,,missing_expected_sample,200.0,,0,0,Fault11-condition2-opening4
,Fault11/Fault11-condition2/Fault11-condition2-5.csv,11,2,5,False,missing_expected_sample,,missing_expected_sample,200.0,,0,0,Fault11-condition2-opening5
,Fault11/Fault11-condition2/Fault11-condition2-6.csv,11,2,6,False,missing_expected_sample,,missing_expected_sample,200.0,,0,0,Fault11-condition2-opening6
,Fault11/Fault11-condition2/Fault11-condition2-7.csv,11,2,7,False,missing_expected_sample,,missing_expected_sample,200.0,,0,0,Fault11-condition2-opening7
,Fault11/Fault11-condition2/Fault11-condition2-8.csv,11,2,8,False,missing_expected_sample,,missing_expected_sample,200.0,,0,0,Fault11-condition2-opening8
,Fault11/Fault11-condition2/Fault11-condition2-9.csv,11,2,9,False,missing_expected_sample,,missing_expected_sample,200.0,,0,0,Fault11-condition2-opening9
,Fault11/Fault11-condition2/Fault11-condition2-10.csv,11,2,10,False,missing_expected_sample,,missing_expected_sample,200.0,,0,0,Fault11-condition2-opening10
,Fault11/Fault11-condition2/Fault11-condition2-11.csv,11,2,11,False,missing_expected_sample,,missing_expected_sample,200.0,,0,0,Fault11-condition2-opening11
,Fault11/Fault11-condition2/Fault11-condition2-12.csv,11,2,12,False,missing_expected_sample,,missing_expected_sample,200.0,,0,0,Fault11-condition2-opening12
,Fault11/Fault11-condition2/Fault11-condition2-13.csv,11,2,13,False,missing_expected_sample,,missing_expected_sample,200.0,,0,0,Fault11-condition2-opening13
,Fault11/Fault11-condition2/Fault11-condition2-14.csv,11,2,14,False,missing_expected_sample,,missing_expected_sample,200.0,,0,0,Fault11-condition2-opening14
,Fault11/Fault11-condition2/Fault11-condition2-15.csv,11,2,15,False,missing_expected_sample,,missing_expected_sample,200.0,,0,0,Fault11-condition2-opening15
,Fault11/Fault11-condition2/Fault11-condition2-16.csv,11,2,16,False,missing_expected_sample,,missing_expected_sample,200.0,,0,0,Fault11-condition2-opening16
,Fault11/Fault11-condition2/Fault11-condition2-17.csv,11,2,17,False,missing_expected_sample,,missing_expected_sample,200.0,,0,0,Fault11-condition2-opening17
,Fault11/Fault11-condition2/Fault11-condition2-18.csv,11,2,18,False,missing_expected_sample,,missing_expected_sample,200.0,,0,0,Fault11-condition2-opening18
,Fault11/Fault11-condition2/Fault11-condition2-19.csv,11,2,19,False,missing_expected_sample,,missing_expected_sample,200.0,,0,0,Fault11-condition2-opening19
,Fault11/Fault11-condition2/Fault11-condition2-20.csv,11,2,20,False,missing_expected_sample,,missing_expected_sample,200.0,,0,0,Fault11-condition2-opening20
,Fault11/Fault11-condition3/Fault11-condition3-1.csv,11,3,1,False,missing_expected_sample,,missing_expected_sample,200.0,,0,0,Fault11-condition3-opening1
,Fault11/Fault11-condition3/Fault11-condition3-2.csv,11,3,2,False,missing_expected_sample,,missing_expected_sample,200.0,,0,0,Fault11-condition3-opening2
,Fault11/Fault11-condition3/Fault11-condition3-3.csv,11,3,3,False,missing_expected_sample,,missing_expected_sample,200.0,,0,0,Fault11-condition3-opening3
,Fault11/Fault11-condition3/Fault11-condition3-4.csv,11,3,4,False,missing_expected_sample,,missing_expected_sample,200.0,,0,0,Fault11-condition3-opening4
,Fault11/Fault11-condition3/Fault11-condition3-5.csv,11,3,5,False,missing_expected_sample,,missing_expected_sample,200.0,,0,0,Fault11-condition3-opening5
,Fault11/Fault11-condition3/Fault11-condition3-6.csv,11,3,6,False,missing_expected_sample,,missing_expected_sample,200.0,,0,0,Fault11-condition3-opening6
,Fault11/Fault11-condition3/Fault11-condition3-7.csv,11,3,7,False,missing_expected_sample,,missing_expected_sample,200.0,,0,0,Fault11-condition3-opening7
,Fault11/Fault11-condition3/Fault11-condition3-8.csv,11,3,8,False,missing_expected_sample,,missing_expected_sample,200.0,,0,0,Fault11-condition3-opening8
,Fault11/Fault11-condition3/Fault11-condition3-9.csv,11,3,9,False,missing_expected_sample,,missing_expected_sample,200.0,,0,0,Fault11-condition3-opening9
,Fault11/Fault11-condition3/Fault11-condition3-10.csv,11,3,10,False,missing_expected_sample,,missing_expected_sample,200.0,,0,0,Fault11-condition3-opening10
,Fault11/Fault11-condition3/Fault11-condition3-11.csv,11,3,11,False,missing_expected_sample,,missing_expected_sample,200.0,,0,0,Fault11-condition3-opening11
,Fault11/Fault11-condition3/Fault11-condition3-12.csv,11,3,12,False,missing_expected_sample,,missing_expected_sample,200.0,,0,0,Fault11-condition3-opening12
,Fault11/Fault11-condition3/Fault11-condition3-13.csv,11,3,13,False,missing_expected_sample,,missing_expected_sample,200.0,,0,0,Fault11-condition3-opening13
,Fault11/Fault11-condition3/Fault11-condition3-14.csv,11,3,14,False,missing_expected_sample,,missing_expected_sample,200.0,,0,0,Fault11-condition3-opening14
,Fault11/Fault11-condition3/Fault11-condition3-15.csv,11,3,15,False,missing_expected_sample,,missing_expected_sample,200.0,,0,0,Fault11-condition3-opening15
,Fault11/Fault11-condition3/Fault11-condition3-16.csv,11,3,16,False,missing_expected_sample,,missing_expected_sample,200.0,,0,0,Fault11-condition3-opening16
,Fault11/Fault11-condition3/Fault11-condition3-17.csv,11,3,17,False,missing_expected_sample,,missing_expected_sample,200.0,,0,0,Fault11-condition3-opening17
,Fault11/Fault11-condition3/Fault11-condition3-18.csv,11,3,18,False,missing_expected_sample,,missing_expected_sample,200.0,,0,0,Fault11-condition3-opening18
,Fault11/Fault11-condition3/Fault11-condition3-19.csv,11,3,19,False,missing_expected_sample,,missing_expected_sample,200.0,,0,0,Fault11-condition3-opening19
,Fault11/Fault11-condition3/Fault11-condition3-20.csv,11,3,20,False,missing_expected_sample,,missing_expected_sample,200.0,,0,0,Fault11-condition3-opening20
,Fault11/Fault11-condition4/Fault11-condition4-1.csv,11,4,1,False,missing_expected_sample,,missing_expected_sample,200.0,,0,0,Fault11-condition4-opening1
,Fault11/Fault11-condition4/Fault11-condition4-2.csv,11,4,2,False,missing_expected_sample,,missing_expected_sample,200.0,,0,0,Fault11-condition4-opening2
,Fault11/Fault11-condition4/Fault11-condition4-3.csv,11,4,3,False,missing_expected_sample,,missing_expected_sample,200.0,,0,0,Fault11-condition4-opening3
,Fault11/Fault11-condition4/Fault11-condition4-4.csv,11,4,4,False,missing_expected_sample,,missing_expected_sample,200.0,,0,0,Fault11-condition4-opening4
,Fault11/Fault11-condition4/Fault11-condition4-5.csv,11,4,5,False,missing_expected_sample,,missing_expected_sample,200.0,,0,0,Fault11-condition4-opening5
,Fault11/Fault11-condition4/Fault11-condition4-6.csv,11,4,6,False,missing_expected_sample,,missing_expected_sample,200.0,,0,0,Fault11-condition4-opening6
,Fault11/Fault11-condition4/Fault11-condition4-7.csv,11,4,7,False,missing_expected_sample,,missing_expected_sample,200.0,,0,0,Fault11-condition4-opening7
,Fault11/Fault11-condition4/Fault11-condition4-8.csv,11,4,8,False,missing_expected_sample,,missing_expected_sample,200.0,,0,0,Fault11-condition4-opening8
,Fault11/Fault11-condition4/Fault11-condition4-9.csv,11,4,9,False,missing_expected_sample,,missing_expected_sample,200.0,,0,0,Fault11-condition4-opening9
,Fault11/Fault11-condition4/Fault11-condition4-10.csv,11,4,10,False,missing_expected_sample,,missing_expected_sample,200.0,,0,0,Fault11-condition4-opening10
,Fault11/Fault11-condition4/Fault11-condition4-11.csv,11,4,11,False,missing_expected_sample,,missing_expected_sample,200.0,,0,0,Fault11-condition4-opening11
,Fault11/Fault11-condition4/Fault11-condition4-12.csv,11,4,12,False,missing_expected_sample,,missing_expected_sample,200.0,,0,0,Fault11-condition4-opening12
,Fault11/Fault11-condition4/Fault11-condition4-13.csv,11,4,13,False,missing_expected_sample,,missing_expected_sample,200.0,,0,0,Fault11-condition4-opening13
,Fault11/Fault11-condition4/Fault11-condition4-14.csv,11,4,14,False,missing_expected_sample,,missing_expected_sample,200.0,,0,0,Fault11-condition4-opening14
,Fault11/Fault11-condition4/Fault11-condition4-15.csv,11,4,15,False,missing_expected_sample,,missing_expected_sample,200.0,,0,0,Fault11-condition4-opening15
,Fault11/Fault11-condition4/Fault11-condition4-16.csv,11,4,16,False,missing_expected_sample,,missing_expected_sample,200.0,,0,0,Fault11-condition4-opening16
,Fault11/Fault11-condition4/Fault11-condition4-17.csv,11,4,17,False,missing_expected_sample,,missing_expected_sample,200.0,,0,0,Fault11-condition4-opening17
,Fault11/Fault11-condition4/Fault11-condition4-18.csv,11,4,18,False,missing_expected_sample,,missing_expected_sample,200.0,,0,0,Fault11-condition4-opening18
,Fault11/Fault11-condition4/Fault11-condition4-19.csv,11,4,19,False,missing_expected_sample,,missing_expected_sample,200.0,,0,0,Fault11-condition4-opening19
,Fault11/Fault11-condition4/Fault11-condition4-20.csv,11,4,20,False,missing_expected_sample,,missing_expected_sample,200.0,,0,0,Fault11-condition4-opening20
,Fault11/Fault11-condition5/Fault11-condition5-1.csv,11,5,1,False,missing_expected_sample,,missing_expected_sample,200.0,,0,0,Fault11-condition5-opening1
,Fault11/Fault11-condition5/Fault11-condition5-2.csv,11,5,2,False,missing_expected_sample,,missing_expected_sample,200.0,,0,0,Fault11-condition5-opening2
,Fault11/Fault11-condition5/Fault11-condition5-3.csv,11,5,3,False,missing_expected_sample,,missing_expected_sample,200.0,,0,0,Fault11-condition5-opening3
,Fault11/Fault11-condition5/Fault11-condition5-4.csv,11,5,4,False,missing_expected_sample,,missing_expected_sample,200.0,,0,0,Fault11-condition5-opening4
,Fault11/Fault11-condition5/Fault11-condition5-5.csv,11,5,5,False,missing_expected_sample,,missing_expected_sample,200.0,,0,0,Fault11-condition5-opening5
,Fault11/Fault11-condition5/Fault11-condition5-6.csv,11,5,6,False,missing_expected_sample,,missing_expected_sample,200.0,,0,0,Fault11-condition5-opening6
,Fault11/Fault11-condition5/Fault11-condition5-7.csv,11,5,7,False,missing_expected_sample,,missing_expected_sample,200.0,,0,0,Fault11-condition5-opening7
,Fault11/Fault11-condition5/Fault11-condition5-8.csv,11,5,8,False,missing_expected_sample,,missing_expected_sample,200.0,,0,0,Fault11-condition5-opening8
,Fault11/Fault11-condition5/Fault11-condition5-9.csv,11,5,9,False,missing_expected_sample,,missing_expected_sample,200.0,,0,0,Fault11-condition5-opening9
,Fault11/Fault11-condition5/Fault11-condition5-10.csv,11,5,10,False,missing_expected_sample,,missing_expected_sample,200.0,,0,0,Fault11-condition5-opening10
,Fault11/Fault11-condition5/Fault11-condition5-11.csv,11,5,11,False,missing_expected_sample,,missing_expected_sample,200.0,,0,0,Fault11-condition5-opening11
,Fault11/Fault11-condition5/Fault11-condition5-12.csv,11,5,12,False,missing_expected_sample,,missing_expected_sample,200.0,,0,0,Fault11-condition5-opening12
,Fault11/Fault11-condition5/Fault11-condition5-13.csv,11,5,13,False,missing_expected_sample,,missing_expected_sample,200.0,,0,0,Fault11-condition5-opening13
,Fault11/Fault11-condition5/Fault11-condition5-14.csv,11,5,14,False,missing_expected_sample,,missing_expected_sample,200.0,,0,0,Fault11-condition5-opening14
,Fault11/Fault11-condition5/Fault11-condition5-15.csv,11,5,15,False,missing_expected_sample,,missing_expected_sample,200.0,,0,0,Fault11-condition5-opening15
,Fault11/Fault11-condition5/Fault11-condition5-16.csv,11,5,16,False,missing_expected_sample,,missing_expected_sample,200.0,,0,0,Fault11-condition5-opening16
,Fault11/Fault11-condition5/Fault11-condition5-17.csv,11,5,17,False,missing_expected_sample,,missing_expected_sample,200.0,,0,0,Fault11-condition5-opening17
,Fault11/Fault11-condition5/Fault11-condition5-18.csv,11,5,18,False,missing_expected_sample,,missing_expected_sample,200.0,,0,0,Fault11-condition5-opening18
,Fault11/Fault11-condition5/Fault11-condition5-19.csv,11,5,19,False,missing_expected_sample,,missing_expected_sample,200.0,,0,0,Fault11-condition5-opening19
,Fault11/Fault11-condition5/Fault11-condition5-20.csv,11,5,20,False,missing_expected_sample,,missing_expected_sample,200.0,,0,0,Fault11-condition5-opening20
,Fault11/Fault11-condition6/Fault11-condition6-1.csv,11,6,1,False,missing_expected_sample,,missing_expected_sample,200.0,,0,0,Fault11-condition6-opening1
,Fault11/Fault11-condition6/Fault11-condition6-2.csv,11,6,2,False,missing_expected_sample,,missing_expected_sample,200.0,,0,0,Fault11-condition6-opening2
,Fault11/Fault11-condition6/Fault11-condition6-3.csv,11,6,3,False,missing_expected_sample,,missing_expected_sample,200.0,,0,0,Fault11-condition6-opening3
,Fault11/Fault11-condition6/Fault11-condition6-4.csv,11,6,4,False,missing_expected_sample,,missing_expected_sample,200.0,,0,0,Fault11-condition6-opening4
,Fault11/Fault11-condition6/Fault11-condition6-5.csv,11,6,5,False,missing_expected_sample,,missing_expected_sample,200.0,,0,0,Fault11-condition6-opening5
,Fault11/Fault11-condition6/Fault11-condition6-6.csv,11,6,6,False,missing_expected_sample,,missing_expected_sample,200.0,,0,0,Fault11-condition6-opening6
,Fault11/Fault11-condition6/Fault11-condition6-7.csv,11,6,7,False,missing_expected_sample,,missing_expected_sample,200.0,,0,0,Fault11-condition6-opening7
,Fault11/Fault11-condition6/Fault11-condition6-8.csv,11,6,8,False,missing_expected_sample,,missing_expected_sample,200.0,,0,0,Fault11-condition6-opening8
,Fault11/Fault11-condition6/Fault11-condition6-9.csv,11,6,9,False,missing_expected_sample,,missing_expected_sample,200.0,,0,0,Fault11-condition6-opening9
,Fault11/Fault11-condition6/Fault11-condition6-10.csv,11,6,10,False,missing_expected_sample,,missing_expected_sample,200.0,,0,0,Fault11-condition6-opening10
,Fault11/Fault11-condition6/Fault11-condition6-11.csv,11,6,11,False,missing_expected_sample,,missing_expected_sample,200.0,,0,0,Fault11-condition6-opening11
,Fault11/Fault11-condition6/Fault11-condition6-12.csv,11,6,12,False,missing_expected_sample,,missing_expected_sample,200.0,,0,0,Fault11-condition6-opening12
,Fault11/Fault11-condition6/Fault11-condition6-13.csv,11,6,13,False,missing_expected_sample,,missing_expected_sample,200.0,,0,0,Fault11-condition6-opening13
,Fault11/Fault11-condition6/Fault11-condition6-14.csv,11,6,14,False,missing_expected_sample,,missing_expected_sample,200.0,,0,0,Fault11-condition6-opening14
,Fault11/Fault11-condition6/Fault11-condition6-15.csv,11,6,15,False,missing_expected_sample,,missing_expected_sample,200.0,,0,0,Fault11-condition6-opening15
,Fault11/Fault11-condition6/Fault11-condition6-16.csv,11,6,16,False,missing_expected_sample,,missing_expected_sample,200.0,,0,0,Fault11-condition6-opening16
,Fault11/Fault11-condition6/Fault11-condition6-17.csv,11,6,17,False,missing_expected_sample,,missing_expected_sample,200.0,,0,0,Fault11-condition6-opening17
,Fault11/Fault11-condition6/Fault11-condition6-18.csv,11,6,18,False,missing_expected_sample,,missing_expected_sample,200.0,,0,0,Fault11-condition6-opening18
,Fault11/Fault11-condition6/Fault11-condition6-19.csv,11,6,19,False,missing_expected_sample,,missing_expected_sample,200.0,,0,0,Fault11-condition6-opening19
,Fault11/Fault11-condition6/Fault11-condition6-20.csv,11,6,20,False,missing_expected_sample,,missing_expected_sample,200.0,,0,0,Fault11-condition6-opening20
,Fault11/Fault11-condition7/Fault11-condition7-1.csv,11,7,1,False,missing_expected_sample,,missing_expected_sample,200.0,,0,0,Fault11-condition7-opening1
,Fault11/Fault11-condition7/Fault11-condition7-2.csv,11,7,2,False,missing_expected_sample,,missing_expected_sample,200.0,,0,0,Fault11-condition7-opening2
,Fault11/Fault11-condition7/Fault11-condition7-3.csv,11,7,3,False,missing_expected_sample,,missing_expected_sample,200.0,,0,0,Fault11-condition7-opening3
,Fault11/Fault11-condition7/Fault11-condition7-4.csv,11,7,4,False,missing_expected_sample,,missing_expected_sample,200.0,,0,0,Fault11-condition7-opening4
,Fault11/Fault11-condition7/Fault11-condition7-5.csv,11,7,5,False,missing_expected_sample,,missing_expected_sample,200.0,,0,0,Fault11-condition7-opening5
,Fault11/Fault11-condition7/Fault11-condition7-6.csv,11,7,6,False,missing_expected_sample,,missing_expected_sample,200.0,,0,0,Fault11-condition7-opening6
,Fault11/Fault11-condition7/Fault11-condition7-7.csv,11,7,7,False,missing_expected_sample,,missing_expected_sample,200.0,,0,0,Fault11-condition7-opening7
,Fault11/Fault11-condition7/Fault11-condition7-8.csv,11,7,8,False,missing_expected_sample,,missing_expected_sample,200.0,,0,0,Fault11-condition7-opening8
,Fault11/Fault11-condition7/Fault11-condition7-9.csv,11,7,9,False,missing_expected_sample,,missing_expected_sample,200.0,,0,0,Fault11-condition7-opening9
,Fault11/Fault11-condition7/Fault11-condition7-10.csv,11,7,10,False,missing_expected_sample,,missing_expected_sample,200.0,,0,0,Fault11-condition7-opening10
,Fault11/Fault11-condition7/Fault11-condition7-11.csv,11,7,11,False,missing_expected_sample,,missing_expected_sample,200.0,,0,0,Fault11-condition7-opening11
,Fault11/Fault11-condition7/Fault11-condition7-12.csv,11,7,12,False,missing_expected_sample,,missing_expected_sample,200.0,,0,0,Fault11-condition7-opening12
,Fault11/Fault11-condition7/Fault11-condition7-13.csv,11,7,13,False,missing_expected_sample,,missing_expected_sample,200.0,,0,0,Fault11-condition7-opening13
,Fault11/Fault11-condition7/Fault11-condition7-14.csv,11,7,14,False,missing_expected_sample,,missing_expected_sample,200.0,,0,0,Fault11-condition7-opening14
,Fault11/Fault11-condition7/Fault11-condition7-15.csv,11,7,15,False,missing_expected_sample,,missing_expected_sample,200.0,,0,0,Fault11-condition7-opening15
,Fault11/Fault11-condition7/Fault11-condition7-16.csv,11,7,16,False,missing_expected_sample,,missing_expected_sample,200.0,,0,0,Fault11-condition7-opening16
,Fault11/Fault11-condition7/Fault11-condition7-17.csv,11,7,17,False,missing_expected_sample,,missing_expected_sample,200.0,,0,0,Fault11-condition7-opening17
,Fault11/Fault11-condition7/Fault11-condition7-18.csv,11,7,18,False,missing_expected_sample,,missing_expected_sample,200.0,,0,0,Fault11-condition7-opening18
,Fault11/Fault11-condition7/Fault11-condition7-19.csv,11,7,19,False,missing_expected_sample,,missing_expected_sample,200.0,,0,0,Fault11-condition7-opening19
,Fault11/Fault11-condition7/Fault11-condition7-20.csv,11,7,20,False,missing_expected_sample,,missing_expected_sample,200.0,,0,0,Fault11-condition7-opening20
,Fault11/Fault11-condition8/Fault11-condition8-1.csv,11,8,1,False,missing_expected_sample,,missing_expected_sample,200.0,,0,0,Fault11-condition8-opening1
,Fault11/Fault11-condition8/Fault11-condition8-2.csv,11,8,2,False,missing_expected_sample,,missing_expected_sample,200.0,,0,0,Fault11-condition8-opening2
,Fault11/Fault11-condition8/Fault11-condition8-3.csv,11,8,3,False,missing_expected_sample,,missing_expected_sample,200.0,,0,0,Fault11-condition8-opening3
,Fault11/Fault11-condition8/Fault11-condition8-4.csv,11,8,4,False,missing_expected_sample,,missing_expected_sample,200.0,,0,0,Fault11-condition8-opening4
,Fault11/Fault11-condition8/Fault11-condition8-5.csv,11,8,5,False,missing_expected_sample,,missing_expected_sample,200.0,,0,0,Fault11-condition8-opening5
,Fault11/Fault11-condition8/Fault11-condition8-6.csv,11,8,6,False,missing_expected_sample,,missing_expected_sample,200.0,,0,0,Fault11-condition8-opening6
,Fault11/Fault11-condition8/Fault11-condition8-7.csv,11,8,7,False,missing_expected_sample,,missing_expected_sample,200.0,,0,0,Fault11-condition8-opening7
,Fault11/Fault11-condition8/Fault11-condition8-8.csv,11,8,8,False,missing_expected_sample,,missing_expected_sample,200.0,,0,0,Fault11-condition8-opening8
,Fault11/Fault11-condition8/Fault11-condition8-9.csv,11,8,9,False,missing_expected_sample,,missing_expected_sample,200.0,,0,0,Fault11-condition8-opening9
,Fault11/Fault11-condition8/Fault11-condition8-10.csv,11,8,10,False,missing_expected_sample,,missing_expected_sample,200.0,,0,0,Fault11-condition8-opening10
,Fault11/Fault11-condition8/Fault11-condition8-11.csv,11,8,11,False,missing_expected_sample,,missing_expected_sample,200.0,,0,0,Fault11-condition8-opening11
,Fault11/Fault11-condition8/Fault11-condition8-12.csv,11,8,12,False,missing_expected_sample,,missing_expected_sample,200.0,,0,0,Fault11-condition8-opening12
,Fault11/Fault11-condition8/Fault11-condition8-13.csv,11,8,13,False,missing_expected_sample,,missing_expected_sample,200.0,,0,0,Fault11-condition8-opening13
,Fault11/Fault11-condition8/Fault11-condition8-14.csv,11,8,14,False,missing_expected_sample,,missing_expected_sample,200.0,,0,0,Fault11-condition8-opening14
,Fault11/Fault11-condition8/Fault11-condition8-15.csv,11,8,15,False,missing_expected_sample,,missing_expected_sample,200.0,,0,0,Fault11-condition8-opening15
,Fault11/Fault11-condition8/Fault11-condition8-16.csv,11,8,16,False,missing_expected_sample,,missing_expected_sample,200.0,,0,0,Fault11-condition8-opening16
,Fault11/Fault11-condition8/Fault11-condition8-17.csv,11,8,17,False,missing_expected_sample,,missing_expected_sample,200.0,,0,0,Fault11-condition8-opening17
,Fault11/Fault11-condition8/Fault11-condition8-18.csv,11,8,18,False,missing_expected_sample,,missing_expected_sample,200.0,,0,0,Fault11-condition8-opening18
,Fault11/Fault11-condition8/Fault11-condition8-19.csv,11,8,19,False,missing_expected_sample,,missing_expected_sample,200.0,,0,0,Fault11-condition8-opening19
,Fault11/Fault11-condition8/Fault11-condition8-20.csv,11,8,20,False,missing_expected_sample,,missing_expected_sample,200.0,,0,0,Fault11-condition8-opening20
,Fault11/Fault11-condition9/Fault11-condition9-1.csv,11,9,1,False,missing_expected_sample,,missing_expected_sample,200.0,,0,0,Fault11-condition9-opening1
,Fault11/Fault11-condition9/Fault11-condition9-2.csv,11,9,2,False,missing_expected_sample,,missing_expected_sample,200.0,,0,0,Fault11-condition9-opening2
,Fault11/Fault11-condition9/Fault11-condition9-3.csv,11,9,3,False,missing_expected_sample,,missing_expected_sample,200.0,,0,0,Fault11-condition9-opening3
,Fault11/Fault11-condition9/Fault11-condition9-4.csv,11,9,4,False,missing_expected_sample,,missing_expected_sample,200.0,,0,0,Fault11-condition9-opening4
,Fault11/Fault11-condition9/Fault11-condition9-5.csv,11,9,5,False,missing_expected_sample,,missing_expected_sample,200.0,,0,0,Fault11-condition9-opening5
,Fault11/Fault11-condition9/Fault11-condition9-6.csv,11,9,6,False,missing_expected_sample,,missing_expected_sample,200.0,,0,0,Fault11-condition9-opening6
,Fault11/Fault11-condition9/Fault11-condition9-7.csv,11,9,7,False,missing_expected_sample,,missing_expected_sample,200.0,,0,0,Fault11-condition9-opening7
,Fault11/Fault11-condition9/Fault11-condition9-8.csv,11,9,8,False,missing_expected_sample,,missing_expected_sample,200.0,,0,0,Fault11-condition9-opening8
,Fault11/Fault11-condition9/Fault11-condition9-9.csv,11,9,9,False,missing_expected_sample,,missing_expected_sample,200.0,,0,0,Fault11-condition9-opening9
,Fault11/Fault11-condition9/Fault11-condition9-10.csv,11,9,10,False,missing_expected_sample,,missing_expected_sample,200.0,,0,0,Fault11-condition9-opening10
,Fault11/Fault11-condition9/Fault11-condition9-11.csv,11,9,11,False,missing_expected_sample,,missing_expected_sample,200.0,,0,0,Fault11-condition9-opening11
,Fault11/Fault11-condition9/Fault11-condition9-12.csv,11,9,12,False,missing_expected_sample,,missing_expected_sample,200.0,,0,0,Fault11-condition9-opening12
,Fault11/Fault11-condition9/Fault11-condition9-13.csv,11,9,13,False,missing_expected_sample,,missing_expected_sample,200.0,,0,0,Fault11-condition9-opening13
,Fault11/Fault11-condition9/Fault11-condition9-14.csv,11,9,14,False,missing_expected_sample,,missing_expected_sample,200.0,,0,0,Fault11-condition9-opening14
,Fault11/Fault11-condition9/Fault11-condition9-15.csv,11,9,15,False,missing_expected_sample,,missing_expected_sample,200.0,,0,0,Fault11-condition9-opening15
,Fault11/Fault11-condition9/Fault11-condition9-16.csv,11,9,16,False,missing_expected_sample,,missing_expected_sample,200.0,,0,0,Fault11-condition9-opening16
,Fault11/Fault11-condition9/Fault11-condition9-17.csv,11,9,17,False,missing_expected_sample,,missing_expected_sample,200.0,,0,0,Fault11-condition9-opening17
,Fault11/Fault11-condition9/Fault11-condition9-18.csv,11,9,18,False,missing_expected_sample,,missing_expected_sample,200.0,,0,0,Fault11-condition9-opening18
,Fault11/Fault11-condition9/Fault11-condition9-19.csv,11,9,19,False,missing_expected_sample,,missing_expected_sample,200.0,,0,0,Fault11-condition9-opening19
,Fault11/Fault11-condition9/Fault11-condition9-20.csv,11,9,20,False,missing_expected_sample,,missing_expected_sample,200.0,,0,0,Fault11-condition9-opening20
,Fault11/Fault11-condition10/Fault11-condition10-1.csv,11,10,1,False,missing_expected_sample,,missing_expected_sample,200.0,,0,0,Fault11-condition10-opening1
,Fault11/Fault11-condition10/Fault11-condition10-2.csv,11,10,2,False,missing_expected_sample,,missing_expected_sample,200.0,,0,0,Fault11-condition10-opening2
,Fault11/Fault11-condition10/Fault11-condition10-3.csv,11,10,3,False,missing_expected_sample,,missing_expected_sample,200.0,,0,0,Fault11-condition10-opening3
,Fault11/Fault11-condition10/Fault11-condition10-4.csv,11,10,4,False,missing_expected_sample,,missing_expected_sample,200.0,,0,0,Fault11-condition10-opening4
,Fault11/Fault11-condition10/Fault11-condition10-5.csv,11,10,5,False,missing_expected_sample,,missing_expected_sample,200.0,,0,0,Fault11-condition10-opening5
,Fault11/Fault11-condition10/Fault11-condition10-6.csv,11,10,6,False,missing_expected_sample,,missing_expected_sample,200.0,,0,0,Fault11-condition10-opening6
,Fault11/Fault11-condition10/Fault11-condition10-7.csv,11,10,7,False,missing_expected_sample,,missing_expected_sample,200.0,,0,0,Fault11-condition10-opening7
,Fault11/Fault11-condition10/Fault11-condition10-8.csv,11,10,8,False,missing_expected_sample,,missing_expected_sample,200.0,,0,0,Fault11-condition10-opening8
,Fault11/Fault11-condition10/Fault11-condition10-9.csv,11,10,9,False,missing_expected_sample,,missing_expected_sample,200.0,,0,0,Fault11-condition10-opening9
,Fault11/Fault11-condition10/Fault11-condition10-10.csv,11,10,10,False,missing_expected_sample,,missing_expected_sample,200.0,,0,0,Fault11-condition10-opening10
,Fault11/Fault11-condition10/Fault11-condition10-11.csv,11,10,11,False,missing_expected_sample,,missing_expected_sample,200.0,,0,0,Fault11-condition10-opening11
,Fault11/Fault11-condition10/Fault11-condition10-12.csv,11,10,12,False,missing_expected_sample,,missing_expected_sample,200.0,,0,0,Fault11-condition10-opening12
,Fault11/Fault11-condition10/Fault11-condition10-13.csv,11,10,13,False,missing_expected_sample,,missing_expected_sample,200.0,,0,0,Fault11-condition10-opening13
,Fault11/Fault11-condition10/Fault11-condition10-14.csv,11,10,14,False,missing_expected_sample,,missing_expected_sample,200.0,,0,0,Fault11-condition10-opening14
,Fault11/Fault11-condition10/Fault11-condition10-15.csv,11,10,15,False,missing_expected_sample,,missing_expected_sample,200.0,,0,0,Fault11-condition10-opening15
,Fault11/Fault11-condition10/Fault11-condition10-16.csv,11,10,16,False,missing_expected_sample,,missing_expected_sample,200.0,,0,0,Fault11-condition10-opening16
,Fault11/Fault11-condition10/Fault11-condition10-17.csv,11,10,17,False,missing_expected_sample,,missing_expected_sample,200.0,,0,0,Fault11-condition10-opening17
,Fault11/Fault11-condition10/Fault11-condition10-18.csv,11,10,18,False,missing_expected_sample,,missing_expected_sample,200.0,,0,0,Fault11-condition10-opening18
,Fault11/Fault11-condition10/Fault11-condition10-19.csv,11,10,19,False,missing_expected_sample,,missing_expected_sample,200.0,,0,0,Fault11-condition10-opening19
,Fault11/Fault11-condition10/Fault11-condition10-20.csv,11,10,20,False,missing_expected_sample,,missing_expected_sample,200.0,,0,0,Fault11-condition10-opening20
,Fault12/Fault12-condition1/Fault12-condition1-1.csv,12,1,1,False,missing_expected_sample,,missing_expected_sample,200.0,,0,0,Fault12-condition1-opening1
,Fault12/Fault12-condition1/Fault12-condition1-2.csv,12,1,2,False,missing_expected_sample,,missing_expected_sample,200.0,,0,0,Fault12-condition1-opening2
,Fault12/Fault12-condition1/Fault12-condition1-3.csv,12,1,3,False,missing_expected_sample,,missing_expected_sample,200.0,,0,0,Fault12-condition1-opening3
,Fault12/Fault12-condition1/Fault12-condition1-4.csv,12,1,4,False,missing_expected_sample,,missing_expected_sample,200.0,,0,0,Fault12-condition1-opening4
,Fault12/Fault12-condition1/Fault12-condition1-5.csv,12,1,5,False,missing_expected_sample,,missing_expected_sample,200.0,,0,0,Fault12-condition1-opening5
,Fault12/Fault12-condition1/Fault12-condition1-6.csv,12,1,6,False,missing_expected_sample,,missing_expected_sample,200.0,,0,0,Fault12-condition1-opening6
,Fault12/Fault12-condition1/Fault12-condition1-7.csv,12,1,7,False,missing_expected_sample,,missing_expected_sample,200.0,,0,0,Fault12-condition1-opening7
,Fault12/Fault12-condition1/Fault12-condition1-8.csv,12,1,8,False,missing_expected_sample,,missing_expected_sample,200.0,,0,0,Fault12-condition1-opening8
,Fault12/Fault12-condition1/Fault12-condition1-9.csv,12,1,9,False,missing_expected_sample,,missing_expected_sample,200.0,,0,0,Fault12-condition1-opening9
,Fault12/Fault12-condition1/Fault12-condition1-10.csv,12,1,10,False,missing_expected_sample,,missing_expected_sample,200.0,,0,0,Fault12-condition1-opening10
,Fault12/Fault12-condition1/Fault12-condition1-11.csv,12,1,11,False,missing_expected_sample,,missing_expected_sample,200.0,,0,0,Fault12-condition1-opening11
,Fault12/Fault12-condition1/Fault12-condition1-12.csv,12,1,12,False,missing_expected_sample,,missing_expected_sample,200.0,,0,0,Fault12-condition1-opening12
,Fault12/Fault12-condition1/Fault12-condition1-13.csv,12,1,13,False,missing_expected_sample,,missing_expected_sample,200.0,,0,0,Fault12-condition1-opening13
,Fault12/Fault12-condition1/Fault12-condition1-14.csv,12,1,14,False,missing_expected_sample,,missing_expected_sample,200.0,,0,0,Fault12-condition1-opening14
,Fault12/Fault12-condition1/Fault12-condition1-15.csv,12,1,15,False,missing_expected_sample,,missing_expected_sample,200.0,,0,0,Fault12-condition1-opening15
,Fault12/Fault12-condition1/Fault12-condition1-16.csv,12,1,16,False,missing_expected_sample,,missing_expected_sample,200.0,,0,0,Fault12-condition1-opening16
,Fault12/Fault12-condition1/Fault12-condition1-17.csv,12,1,17,False,missing_expected_sample,,missing_expected_sample,200.0,,0,0,Fault12-condition1-opening17
,Fault12/Fault12-condition1/Fault12-condition1-18.csv,12,1,18,False,missing_expected_sample,,missing_expected_sample,200.0,,0,0,Fault12-condition1-opening18
,Fault12/Fault12-condition1/Fault12-condition1-19.csv,12,1,19,False,missing_expected_sample,,missing_expected_sample,200.0,,0,0,Fault12-condition1-opening19
,Fault12/Fault12-condition1/Fault12-condition1-20.csv,12,1,20,False,missing_expected_sample,,missing_expected_sample,200.0,,0,0,Fault12-condition1-opening20
,Fault12/Fault12-condition2/Fault12-condition2-1.csv,12,2,1,False,missing_expected_sample,,missing_expected_sample,200.0,,0,0,Fault12-condition2-opening1
,Fault12/Fault12-condition2/Fault12-condition2-2.csv,12,2,2,False,missing_expected_sample,,missing_expected_sample,200.0,,0,0,Fault12-condition2-opening2
,Fault12/Fault12-condition2/Fault12-condition2-3.csv,12,2,3,False,missing_expected_sample,,missing_expected_sample,200.0,,0,0,Fault12-condition2-opening3
,Fault12/Fault12-condition2/Fault12-condition2-4.csv,12,2,4,False,missing_expected_sample,,missing_expected_sample,200.0,,0,0,Fault12-condition2-opening4
,Fault12/Fault12-condition2/Fault12-condition2-5.csv,12,2,5,False,missing_expected_sample,,missing_expected_sample,200.0,,0,0,Fault12-condition2-opening5
,Fault12/Fault12-condition2/Fault12-condition2-6.csv,12,2,6,False,missing_expected_sample,,missing_expected_sample,200.0,,0,0,Fault12-condition2-opening6
,Fault12/Fault12-condition2/Fault12-condition2-7.csv,12,2,7,False,missing_expected_sample,,missing_expected_sample,200.0,,0,0,Fault12-condition2-opening7
,Fault12/Fault12-condition2/Fault12-condition2-8.csv,12,2,8,False,missing_expected_sample,,missing_expected_sample,200.0,,0,0,Fault12-condition2-opening8
,Fault12/Fault12-condition2/Fault12-condition2-9.csv,12,2,9,False,missing_expected_sample,,missing_expected_sample,200.0,,0,0,Fault12-condition2-opening9
,Fault12/Fault12-condition2/Fault12-condition2-10.csv,12,2,10,False,missing_expected_sample,,missing_expected_sample,200.0,,0,0,Fault12-condition2-opening10
,Fault12/Fault12-condition2/Fault12-condition2-11.csv,12,2,11,False,missing_expected_sample,,missing_expected_sample,200.0,,0,0,Fault12-condition2-opening11
,Fault12/Fault12-condition2/Fault12-condition2-12.csv,12,2,12,False,missing_expected_sample,,missing_expected_sample,200.0,,0,0,Fault12-condition2-opening12
,Fault12/Fault12-condition2/Fault12-condition2-13.csv,12,2,13,False,missing_expected_sample,,missing_expected_sample,200.0,,0,0,Fault12-condition2-opening13
,Fault12/Fault12-condition2/Fault12-condition2-14.csv,12,2,14,False,missing_expected_sample,,missing_expected_sample,200.0,,0,0,Fault12-condition2-opening14
,Fault12/Fault12-condition2/Fault12-condition2-15.csv,12,2,15,False,missing_expected_sample,,missing_expected_sample,200.0,,0,0,Fault12-condition2-opening15
,Fault12/Fault12-condition2/Fault12-condition2-16.csv,12,2,16,False,missing_expected_sample,,missing_expected_sample,200.0,,0,0,Fault12-condition2-opening16
,Fault12/Fault12-condition2/Fault12-condition2-17.csv,12,2,17,False,missing_expected_sample,,missing_expected_sample,200.0,,0,0,Fault12-condition2-opening17
,Fault12/Fault12-condition2/Fault12-condition2-18.csv,12,2,18,False,missing_expected_sample,,missing_expected_sample,200.0,,0,0,Fault12-condition2-opening18
,Fault12/Fault12-condition2/Fault12-condition2-19.csv,12,2,19,False,missing_expected_sample,,missing_expected_sample,200.0,,0,0,Fault12-condition2-opening19
,Fault12/Fault12-condition2/Fault12-condition2-20.csv,12,2,20,False,missing_expected_sample,,missing_expected_sample,200.0,,0,0,Fault12-condition2-opening20
,Fault12/Fault12-condition3/Fault12-condition3-1.csv,12,3,1,False,missing_expected_sample,,missing_expected_sample,200.0,,0,0,Fault12-condition3-opening1
,Fault12/Fault12-condition3/Fault12-condition3-2.csv,12,3,2,False,missing_expected_sample,,missing_expected_sample,200.0,,0,0,Fault12-condition3-opening2
,Fault12/Fault12-condition3/Fault12-condition3-3.csv,12,3,3,False,missing_expected_sample,,missing_expected_sample,200.0,,0,0,Fault12-condition3-opening3
,Fault12/Fault12-condition3/Fault12-condition3-4.csv,12,3,4,False,missing_expected_sample,,missing_expected_sample,200.0,,0,0,Fault12-condition3-opening4
,Fault12/Fault12-condition3/Fault12-condition3-5.csv,12,3,5,False,missing_expected_sample,,missing_expected_sample,200.0,,0,0,Fault12-condition3-opening5
,Fault12/Fault12-condition3/Fault12-condition3-6.csv,12,3,6,False,missing_expected_sample,,missing_expected_sample,200.0,,0,0,Fault12-condition3-opening6
,Fault12/Fault12-condition3/Fault12-condition3-7.csv,12,3,7,False,missing_expected_sample,,missing_expected_sample,200.0,,0,0,Fault12-condition3-opening7
,Fault12/Fault12-condition3/Fault12-condition3-8.csv,12,3,8,False,missing_expected_sample,,missing_expected_sample,200.0,,0,0,Fault12-condition3-opening8
,Fault12/Fault12-condition3/Fault12-condition3-9.csv,12,3,9,False,missing_expected_sample,,missing_expected_sample,200.0,,0,0,Fault12-condition3-opening9
,Fault12/Fault12-condition3/Fault12-condition3-10.csv,12,3,10,False,missing_expected_sample,,missing_expected_sample,200.0,,0,0,Fault12-condition3-opening10
,Fault12/Fault12-condition3/Fault12-condition3-11.csv,12,3,11,False,missing_expected_sample,,missing_expected_sample,200.0,,0,0,Fault12-condition3-opening11
,Fault12/Fault12-condition3/Fault12-condition3-12.csv,12,3,12,False,missing_expected_sample,,missing_expected_sample,200.0,,0,0,Fault12-condition3-opening12
,Fault12/Fault12-condition3/Fault12-condition3-13.csv,12,3,13,False,missing_expected_sample,,missing_expected_sample,200.0,,0,0,Fault12-condition3-opening13
,Fault12/Fault12-condition3/Fault12-condition3-14.csv,12,3,14,False,missing_expected_sample,,missing_expected_sample,200.0,,0,0,Fault12-condition3-opening14
,Fault12/Fault12-condition3/Fault12-condition3-15.csv,12,3,15,False,missing_expected_sample,,missing_expected_sample,200.0,,0,0,Fault12-condition3-opening15
,Fault12/Fault12-condition3/Fault12-condition3-16.csv,12,3,16,False,missing_expected_sample,,missing_expected_sample,200.0,,0,0,Fault12-condition3-opening16
,Fault12/Fault12-condition3/Fault12-condition3-17.csv,12,3,17,False,missing_expected_sample,,missing_expected_sample,200.0,,0,0,Fault12-condition3-opening17
,Fault12/Fault12-condition3/Fault12-condition3-18.csv,12,3,18,False,missing_expected_sample,,missing_expected_sample,200.0,,0,0,Fault12-condition3-opening18
,Fault12/Fault12-condition3/Fault12-condition3-19.csv,12,3,19,False,missing_expected_sample,,missing_expected_sample,200.0,,0,0,Fault12-condition3-opening19
,Fault12/Fault12-condition3/Fault12-condition3-20.csv,12,3,20,False,missing_expected_sample,,missing_expected_sample,200.0,,0,0,Fault12-condition3-opening20
,Fault12/Fault12-condition4/Fault12-condition4-1.csv,12,4,1,False,missing_expected_sample,,missing_expected_sample,200.0,,0,0,Fault12-condition4-opening1
,Fault12/Fault12-condition4/Fault12-condition4-2.csv,12,4,2,False,missing_expected_sample,,missing_expected_sample,200.0,,0,0,Fault12-condition4-opening2
,Fault12/Fault12-condition4/Fault12-condition4-3.csv,12,4,3,False,missing_expected_sample,,missing_expected_sample,200.0,,0,0,Fault12-condition4-opening3
,Fault12/Fault12-condition4/Fault12-condition4-4.csv,12,4,4,False,missing_expected_sample,,missing_expected_sample,200.0,,0,0,Fault12-condition4-opening4
,Fault12/Fault12-condition4/Fault12-condition4-5.csv,12,4,5,False,missing_expected_sample,,missing_expected_sample,200.0,,0,0,Fault12-condition4-opening5
,Fault12/Fault12-condition4/Fault12-condition4-6.csv,12,4,6,False,missing_expected_sample,,missing_expected_sample,200.0,,0,0,Fault12-condition4-opening6
,Fault12/Fault12-condition4/Fault12-condition4-7.csv,12,4,7,False,missing_expected_sample,,missing_expected_sample,200.0,,0,0,Fault12-condition4-opening7
,Fault12/Fault12-condition4/Fault12-condition4-8.csv,12,4,8,False,missing_expected_sample,,missing_expected_sample,200.0,,0,0,Fault12-condition4-opening8
,Fault12/Fault12-condition4/Fault12-condition4-9.csv,12,4,9,False,missing_expected_sample,,missing_expected_sample,200.0,,0,0,Fault12-condition4-opening9
,Fault12/Fault12-condition4/Fault12-condition4-10.csv,12,4,10,False,missing_expected_sample,,missing_expected_sample,200.0,,0,0,Fault12-condition4-opening10
,Fault12/Fault12-condition4/Fault12-condition4-11.csv,12,4,11,False,missing_expected_sample,,missing_expected_sample,200.0,,0,0,Fault12-condition4-opening11
,Fault12/Fault12-condition4/Fault12-condition4-12.csv,12,4,12,False,missing_expected_sample,,missing_expected_sample,200.0,,0,0,Fault12-condition4-opening12
,Fault12/Fault12-condition4/Fault12-condition4-13.csv,12,4,13,False,missing_expected_sample,,missing_expected_sample,200.0,,0,0,Fault12-condition4-opening13
,Fault12/Fault12-condition4/Fault12-condition4-14.csv,12,4,14,False,missing_expected_sample,,missing_expected_sample,200.0,,0,0,Fault12-condition4-opening14
,Fault12/Fault12-condition4/Fault12-condition4-15.csv,12,4,15,False,missing_expected_sample,,missing_expected_sample,200.0,,0,0,Fault12-condition4-opening15
,Fault12/Fault12-condition4/Fault12-condition4-16.csv,12,4,16,False,missing_expected_sample,,missing_expected_sample,200.0,,0,0,Fault12-condition4-opening16
,Fault12/Fault12-condition4/Fault12-condition4-17.csv,12,4,17,False,missing_expected_sample,,missing_expected_sample,200.0,,0,0,Fault12-condition4-opening17
,Fault12/Fault12-condition4/Fault12-condition4-18.csv,12,4,18,False,missing_expected_sample,,missing_expected_sample,200.0,,0,0,Fault12-condition4-opening18
,Fault12/Fault12-condition4/Fault12-condition4-19.csv,12,4,19,False,missing_expected_sample,,missing_expected_sample,200.0,,0,0,Fault12-condition4-opening19
,Fault12/Fault12-condition4/Fault12-condition4-20.csv,12,4,20,False,missing_expected_sample,,missing_expected_sample,200.0,,0,0,Fault12-condition4-opening20
,Fault12/Fault12-condition5/Fault12-condition5-1.csv,12,5,1,False,missing_expected_sample,,missing_expected_sample,200.0,,0,0,Fault12-condition5-opening1
,Fault12/Fault12-condition5/Fault12-condition5-2.csv,12,5,2,False,missing_expected_sample,,missing_expected_sample,200.0,,0,0,Fault12-condition5-opening2
,Fault12/Fault12-condition5/Fault12-condition5-3.csv,12,5,3,False,missing_expected_sample,,missing_expected_sample,200.0,,0,0,Fault12-condition5-opening3
,Fault12/Fault12-condition5/Fault12-condition5-4.csv,12,5,4,False,missing_expected_sample,,missing_expected_sample,200.0,,0,0,Fault12-condition5-opening4
,Fault12/Fault12-condition5/Fault12-condition5-5.csv,12,5,5,False,missing_expected_sample,,missing_expected_sample,200.0,,0,0,Fault12-condition5-opening5
,Fault12/Fault12-condition5/Fault12-condition5-6.csv,12,5,6,False,missing_expected_sample,,missing_expected_sample,200.0,,0,0,Fault12-condition5-opening6
,Fault12/Fault12-condition5/Fault12-condition5-7.csv,12,5,7,False,missing_expected_sample,,missing_expected_sample,200.0,,0,0,Fault12-condition5-opening7
,Fault12/Fault12-condition5/Fault12-condition5-8.csv,12,5,8,False,missing_expected_sample,,missing_expected_sample,200.0,,0,0,Fault12-condition5-opening8
,Fault12/Fault12-condition5/Fault12-condition5-9.csv,12,5,9,False,missing_expected_sample,,missing_expected_sample,200.0,,0,0,Fault12-condition5-opening9
,Fault12/Fault12-condition5/Fault12-condition5-10.csv,12,5,10,False,missing_expected_sample,,missing_expected_sample,200.0,,0,0,Fault12-condition5-opening10
,Fault12/Fault12-condition5/Fault12-condition5-11.csv,12,5,11,False,missing_expected_sample,,missing_expected_sample,200.0,,0,0,Fault12-condition5-opening11
,Fault12/Fault12-condition5/Fault12-condition5-12.csv,12,5,12,False,missing_expected_sample,,missing_expected_sample,200.0,,0,0,Fault12-condition5-opening12
,Fault12/Fault12-condition5/Fault12-condition5-13.csv,12,5,13,False,missing_expected_sample,,missing_expected_sample,200.0,,0,0,Fault12-condition5-opening13
,Fault12/Fault12-condition5/Fault12-condition5-14.csv,12,5,14,False,missing_expected_sample,,missing_expected_sample,200.0,,0,0,Fault12-condition5-opening14
,Fault12/Fault12-condition5/Fault12-condition5-15.csv,12,5,15,False,missing_expected_sample,,missing_expected_sample,200.0,,0,0,Fault12-condition5-opening15
,Fault12/Fault12-condition5/Fault12-condition5-16.csv,12,5,16,False,missing_expected_sample,,missing_expected_sample,200.0,,0,0,Fault12-condition5-opening16
,Fault12/Fault12-condition5/Fault12-condition5-17.csv,12,5,17,False,missing_expected_sample,,missing_expected_sample,200.0,,0,0,Fault12-condition5-opening17
,Fault12/Fault12-condition5/Fault12-condition5-18.csv,12,5,18,False,missing_expected_sample,,missing_expected_sample,200.0,,0,0,Fault12-condition5-opening18
,Fault12/Fault12-condition5/Fault12-condition5-19.csv,12,5,19,False,missing_expected_sample,,missing_expected_sample,200.0,,0,0,Fault12-condition5-opening19
,Fault12/Fault12-condition5/Fault12-condition5-20.csv,12,5,20,False,missing_expected_sample,,missing_expected_sample,200.0,,0,0,Fault12-condition5-opening20
,Fault12/Fault12-condition6/Fault12-condition6-1.csv,12,6,1,False,missing_expected_sample,,missing_expected_sample,200.0,,0,0,Fault12-condition6-opening1
,Fault12/Fault12-condition6/Fault12-condition6-2.csv,12,6,2,False,missing_expected_sample,,missing_expected_sample,200.0,,0,0,Fault12-condition6-opening2
,Fault12/Fault12-condition6/Fault12-condition6-3.csv,12,6,3,False,missing_expected_sample,,missing_expected_sample,200.0,,0,0,Fault12-condition6-opening3
,Fault12/Fault12-condition6/Fault12-condition6-4.csv,12,6,4,False,missing_expected_sample,,missing_expected_sample,200.0,,0,0,Fault12-condition6-opening4
,Fault12/Fault12-condition6/Fault12-condition6-5.csv,12,6,5,False,missing_expected_sample,,missing_expected_sample,200.0,,0,0,Fault12-condition6-opening5
,Fault12/Fault12-condition6/Fault12-condition6-6.csv,12,6,6,False,missing_expected_sample,,missing_expected_sample,200.0,,0,0,Fault12-condition6-opening6
,Fault12/Fault12-condition6/Fault12-condition6-7.csv,12,6,7,False,missing_expected_sample,,missing_expected_sample,200.0,,0,0,Fault12-condition6-opening7
,Fault12/Fault12-condition6/Fault12-condition6-8.csv,12,6,8,False,missing_expected_sample,,missing_expected_sample,200.0,,0,0,Fault12-condition6-opening8
,Fault12/Fault12-condition6/Fault12-condition6-9.csv,12,6,9,False,missing_expected_sample,,missing_expected_sample,200.0,,0,0,Fault12-condition6-opening9
,Fault12/Fault12-condition6/Fault12-condition6-10.csv,12,6,10,False,missing_expected_sample,,missing_expected_sample,200.0,,0,0,Fault12-condition6-opening10
,Fault12/Fault12-condition6/Fault12-condition6-11.csv,12,6,11,False,missing_expected_sample,,missing_expected_sample,200.0,,0,0,Fault12-condition6-opening11
,Fault12/Fault12-condition6/Fault12-condition6-12.csv,12,6,12,False,missing_expected_sample,,missing_expected_sample,200.0,,0,0,Fault12-condition6-opening12
,Fault12/Fault12-condition6/Fault12-condition6-13.csv,12,6,13,False,missing_expected_sample,,missing_expected_sample,200.0,,0,0,Fault12-condition6-opening13
,Fault12/Fault12-condition6/Fault12-condition6-14.csv,12,6,14,False,missing_expected_sample,,missing_expected_sample,200.0,,0,0,Fault12-condition6-opening14
,Fault12/Fault12-condition6/Fault12-condition6-15.csv,12,6,15,False,missing_expected_sample,,missing_expected_sample,200.0,,0,0,Fault12-condition6-opening15
,Fault12/Fault12-condition6/Fault12-condition6-16.csv,12,6,16,False,missing_expected_sample,,missing_expected_sample,200.0,,0,0,Fault12-condition6-opening16
,Fault12/Fault12-condition6/Fault12-condition6-17.csv,12,6,17,False,missing_expected_sample,,missing_expected_sample,200.0,,0,0,Fault12-condition6-opening17
,Fault12/Fault12-condition6/Fault12-condition6-18.csv,12,6,18,False,missing_expected_sample,,missing_expected_sample,200.0,,0,0,Fault12-condition6-opening18
,Fault12/Fault12-condition6/Fault12-condition6-19.csv,12,6,19,False,missing_expected_sample,,missing_expected_sample,200.0,,0,0,Fault12-condition6-opening19
,Fault12/Fault12-condition6/Fault12-condition6-20.csv,12,6,20,False,missing_expected_sample,,missing_expected_sample,200.0,,0,0,Fault12-condition6-opening20
,Fault12/Fault12-condition7/Fault12-condition7-1.csv,12,7,1,False,missing_expected_sample,,missing_expected_sample,200.0,,0,0,Fault12-condition7-opening1
,Fault12/Fault12-condition7/Fault12-condition7-2.csv,12,7,2,False,missing_expected_sample,,missing_expected_sample,200.0,,0,0,Fault12-condition7-opening2
,Fault12/Fault12-condition7/Fault12-condition7-3.csv,12,7,3,False,missing_expected_sample,,missing_expected_sample,200.0,,0,0,Fault12-condition7-opening3
,Fault12/Fault12-condition7/Fault12-condition7-4.csv,12,7,4,False,missing_expected_sample,,missing_expected_sample,200.0,,0,0,Fault12-condition7-opening4
,Fault12/Fault12-condition7/Fault12-condition7-5.csv,12,7,5,False,missing_expected_sample,,missing_expected_sample,200.0,,0,0,Fault12-condition7-opening5
,Fault12/Fault12-condition7/Fault12-condition7-6.csv,12,7,6,False,missing_expected_sample,,missing_expected_sample,200.0,,0,0,Fault12-condition7-opening6
,Fault12/Fault12-condition7/Fault12-condition7-7.csv,12,7,7,False,missing_expected_sample,,missing_expected_sample,200.0,,0,0,Fault12-condition7-opening7
,Fault12/Fault12-condition7/Fault12-condition7-8.csv,12,7,8,False,missing_expected_sample,,missing_expected_sample,200.0,,0,0,Fault12-condition7-opening8
,Fault12/Fault12-condition7/Fault12-condition7-9.csv,12,7,9,False,missing_expected_sample,,missing_expected_sample,200.0,,0,0,Fault12-condition7-opening9
,Fault12/Fault12-condition7/Fault12-condition7-10.csv,12,7,10,False,missing_expected_sample,,missing_expected_sample,200.0,,0,0,Fault12-condition7-opening10
,Fault12/Fault12-condition7/Fault12-condition7-11.csv,12,7,11,False,missing_expected_sample,,missing_expected_sample,200.0,,0,0,Fault12-condition7-opening11
,Fault12/Fault12-condition7/Fault12-condition7-12.csv,12,7,12,False,missing_expected_sample,,missing_expected_sample,200.0,,0,0,Fault12-condition7-opening12
,Fault12/Fault12-condition7/Fault12-condition7-13.csv,12,7,13,False,missing_expected_sample,,missing_expected_sample,200.0,,0,0,Fault12-condition7-opening13
,Fault12/Fault12-condition7/Fault12-condition7-14.csv,12,7,14,False,missing_expected_sample,,missing_expected_sample,200.0,,0,0,Fault12-condition7-opening14
,Fault12/Fault12-condition7/Fault12-condition7-15.csv,12,7,15,False,missing_expected_sample,,missing_expected_sample,200.0,,0,0,Fault12-condition7-opening15
,Fault12/Fault12-condition7/Fault12-condition7-16.csv,12,7,16,False,missing_expected_sample,,missing_expected_sample,200.0,,0,0,Fault12-condition7-opening16
,Fault12/Fault12-condition7/Fault12-condition7-17.csv,12,7,17,False,missing_expected_sample,,missing_expected_sample,200.0,,0,0,Fault12-condition7-opening17
,Fault12/Fault12-condition7/Fault12-condition7-18.csv,12,7,18,False,missing_expected_sample,,missing_expected_sample,200.0,,0,0,Fault12-condition7-opening18
,Fault12/Fault12-condition7/Fault12-condition7-19.csv,12,7,19,False,missing_expected_sample,,missing_expected_sample,200.0,,0,0,Fault12-condition7-opening19
,Fault12/Fault12-condition7/Fault12-condition7-20.csv,12,7,20,False,missing_expected_sample,,missing_expected_sample,200.0,,0,0,Fault12-condition7-opening20
,Fault12/Fault12-condition8/Fault12-condition8-1.csv,12,8,1,False,missing_expected_sample,,missing_expected_sample,200.0,,0,0,Fault12-condition8-opening1
,Fault12/Fault12-condition8/Fault12-condition8-2.csv,12,8,2,False,missing_expected_sample,,missing_expected_sample,200.0,,0,0,Fault12-condition8-opening2
,Fault12/Fault12-condition8/Fault12-condition8-3.csv,12,8,3,False,missing_expected_sample,,missing_expected_sample,200.0,,0,0,Fault12-condition8-opening3
,Fault12/Fault12-condition8/Fault12-condition8-4.csv,12,8,4,False,missing_expected_sample,,missing_expected_sample,200.0,,0,0,Fault12-condition8-opening4
,Fault12/Fault12-condition8/Fault12-condition8-5.csv,12,8,5,False,missing_expected_sample,,missing_expected_sample,200.0,,0,0,Fault12-condition8-opening5
,Fault12/Fault12-condition8/Fault12-condition8-6.csv,12,8,6,False,missing_expected_sample,,missing_expected_sample,200.0,,0,0,Fault12-condition8-opening6
,Fault12/Fault12-condition8/Fault12-condition8-7.csv,12,8,7,False,missing_expected_sample,,missing_expected_sample,200.0,,0,0,Fault12-condition8-opening7
,Fault12/Fault12-condition8/Fault12-condition8-8.csv,12,8,8,False,missing_expected_sample,,missing_expected_sample,200.0,,0,0,Fault12-condition8-opening8
,Fault12/Fault12-condition8/Fault12-condition8-9.csv,12,8,9,False,missing_expected_sample,,missing_expected_sample,200.0,,0,0,Fault12-condition8-opening9
,Fault12/Fault12-condition8/Fault12-condition8-10.csv,12,8,10,False,missing_expected_sample,,missing_expected_sample,200.0,,0,0,Fault12-condition8-opening10
,Fault12/Fault12-condition8/Fault12-condition8-11.csv,12,8,11,False,missing_expected_sample,,missing_expected_sample,200.0,,0,0,Fault12-condition8-opening11
,Fault12/Fault12-condition8/Fault12-condition8-12.csv,12,8,12,False,missing_expected_sample,,missing_expected_sample,200.0,,0,0,Fault12-condition8-opening12
,Fault12/Fault12-condition8/Fault12-condition8-13.csv,12,8,13,False,missing_expected_sample,,missing_expected_sample,200.0,,0,0,Fault12-condition8-opening13
,Fault12/Fault12-condition8/Fault12-condition8-14.csv,12,8,14,False,missing_expected_sample,,missing_expected_sample,200.0,,0,0,Fault12-condition8-opening14
,Fault12/Fault12-condition8/Fault12-condition8-15.csv,12,8,15,False,missing_expected_sample,,missing_expected_sample,200.0,,0,0,Fault12-condition8-opening15
,Fault12/Fault12-condition8/Fault12-condition8-16.csv,12,8,16,False,missing_expected_sample,,missing_expected_sample,200.0,,0,0,Fault12-condition8-opening16
,Fault12/Fault12-condition8/Fault12-condition8-17.csv,12,8,17,False,missing_expected_sample,,missing_expected_sample,200.0,,0,0,Fault12-condition8-opening17
,Fault12/Fault12-condition8/Fault12-condition8-18.csv,12,8,18,False,missing_expected_sample,,missing_expected_sample,200.0,,0,0,Fault12-condition8-opening18
,Fault12/Fault12-condition8/Fault12-condition8-19.csv,12,8,19,False,missing_expected_sample,,missing_expected_sample,200.0,,0,0,Fault12-condition8-opening19
,Fault12/Fault12-condition8/Fault12-condition8-20.csv,12,8,20,False,missing_expected_sample,,missing_expected_sample,200.0,,0,0,Fault12-condition8-opening20
,Fault12/Fault12-condition9/Fault12-condition9-1.csv,12,9,1,False,missing_expected_sample,,missing_expected_sample,200.0,,0,0,Fault12-condition9-opening1
,Fault12/Fault12-condition9/Fault12-condition9-2.csv,12,9,2,False,missing_expected_sample,,missing_expected_sample,200.0,,0,0,Fault12-condition9-opening2
,Fault12/Fault12-condition9/Fault12-condition9-3.csv,12,9,3,False,missing_expected_sample,,missing_expected_sample,200.0,,0,0,Fault12-condition9-opening3
,Fault12/Fault12-condition9/Fault12-condition9-4.csv,12,9,4,False,missing_expected_sample,,missing_expected_sample,200.0,,0,0,Fault12-condition9-opening4
,Fault12/Fault12-condition9/Fault12-condition9-5.csv,12,9,5,False,missing_expected_sample,,missing_expected_sample,200.0,,0,0,Fault12-condition9-opening5
,Fault12/Fault12-condition9/Fault12-condition9-6.csv,12,9,6,False,missing_expected_sample,,missing_expected_sample,200.0,,0,0,Fault12-condition9-opening6
,Fault12/Fault12-condition9/Fault12-condition9-7.csv,12,9,7,False,missing_expected_sample,,missing_expected_sample,200.0,,0,0,Fault12-condition9-opening7
,Fault12/Fault12-condition9/Fault12-condition9-8.csv,12,9,8,False,missing_expected_sample,,missing_expected_sample,200.0,,0,0,Fault12-condition9-opening8
,Fault12/Fault12-condition9/Fault12-condition9-9.csv,12,9,9,False,missing_expected_sample,,missing_expected_sample,200.0,,0,0,Fault12-condition9-opening9
,Fault12/Fault12-condition9/Fault12-condition9-10.csv,12,9,10,False,missing_expected_sample,,missing_expected_sample,200.0,,0,0,Fault12-condition9-opening10
,Fault12/Fault12-condition9/Fault12-condition9-11.csv,12,9,11,False,missing_expected_sample,,missing_expected_sample,200.0,,0,0,Fault12-condition9-opening11
,Fault12/Fault12-condition9/Fault12-condition9-12.csv,12,9,12,False,missing_expected_sample,,missing_expected_sample,200.0,,0,0,Fault12-condition9-opening12
,Fault12/Fault12-condition9/Fault12-condition9-13.csv,12,9,13,False,missing_expected_sample,,missing_expected_sample,200.0,,0,0,Fault12-condition9-opening13
,Fault12/Fault12-condition9/Fault12-condition9-14.csv,12,9,14,False,missing_expected_sample,,missing_expected_sample,200.0,,0,0,Fault12-condition9-opening14
,Fault12/Fault12-condition9/Fault12-condition9-15.csv,12,9,15,False,missing_expected_sample,,missing_expected_sample,200.0,,0,0,Fault12-condition9-opening15
,Fault12/Fault12-condition9/Fault12-condition9-16.csv,12,9,16,False,missing_expected_sample,,missing_expected_sample,200.0,,0,0,Fault12-condition9-opening16
,Fault12/Fault12-condition9/Fault12-condition9-17.csv,12,9,17,False,missing_expected_sample,,missing_expected_sample,200.0,,0,0,Fault12-condition9-opening17
,Fault12/Fault12-condition9/Fault12-condition9-18.csv,12,9,18,False,missing_expected_sample,,missing_expected_sample,200.0,,0,0,Fault12-condition9-opening18
,Fault12/Fault12-condition9/Fault12-condition9-19.csv,12,9,19,False,missing_expected_sample,,missing_expected_sample,200.0,,0,0,Fault12-condition9-opening19
,Fault12/Fault12-condition9/Fault12-condition9-20.csv,12,9,20,False,missing_expected_sample,,missing_expected_sample,200.0,,0,0,Fault12-condition9-opening20
,Fault12/Fault12-condition10/Fault12-condition10-1.csv,12,10,1,False,missing_expected_sample,,missing_expected_sample,200.0,,0,0,Fault12-condition10-opening1
,Fault12/Fault12-condition10/Fault12-condition10-2.csv,12,10,2,False,missing_expected_sample,,missing_expected_sample,200.0,,0,0,Fault12-condition10-opening2
,Fault12/Fault12-condition10/Fault12-condition10-3.csv,12,10,3,False,missing_expected_sample,,missing_expected_sample,200.0,,0,0,Fault12-condition10-opening3
,Fault12/Fault12-condition10/Fault12-condition10-4.csv,12,10,4,False,missing_expected_sample,,missing_expected_sample,200.0,,0,0,Fault12-condition10-opening4
,Fault12/Fault12-condition10/Fault12-condition10-5.csv,12,10,5,False,missing_expected_sample,,missing_expected_sample,200.0,,0,0,Fault12-condition10-opening5
,Fault12/Fault12-condition10/Fault12-condition10-6.csv,12,10,6,False,missing_expected_sample,,missing_expected_sample,200.0,,0,0,Fault12-condition10-opening6
,Fault12/Fault12-condition10/Fault12-condition10-7.csv,12,10,7,False,missing_expected_sample,,missing_expected_sample,200.0,,0,0,Fault12-condition10-opening7
,Fault12/Fault12-condition10/Fault12-condition10-8.csv,12,10,8,False,missing_expected_sample,,missing_expected_sample,200.0,,0,0,Fault12-condition10-opening8
,Fault12/Fault12-condition10/Fault12-condition10-9.csv,12,10,9,False,missing_expected_sample,,missing_expected_sample,200.0,,0,0,Fault12-condition10-opening9
,Fault12/Fault12-condition10/Fault12-condition10-10.csv,12,10,10,False,missing_expected_sample,,missing_expected_sample,200.0,,0,0,Fault12-condition10-opening10
,Fault12/Fault12-condition10/Fault12-condition10-11.csv,12,10,11,False,missing_expected_sample,,missing_expected_sample,200.0,,0,0,Fault12-condition10-opening11
,Fault12/Fault12-condition10/Fault12-condition10-12.csv,12,10,12,False,missing_expected_sample,,missing_expected_sample,200.0,,0,0,Fault12-condition10-opening12
,Fault12/Fault12-condition10/Fault12-condition10-13.csv,12,10,13,False,missing_expected_sample,,missing_expected_sample,200.0,,0,0,Fault12-condition10-opening13
,Fault12/Fault12-condition10/Fault12-condition10-14.csv,12,10,14,False,missing_expected_sample,,missing_expected_sample,200.0,,0,0,Fault12-condition10-opening14
,Fault12/Fault12-condition10/Fault12-condition10-15.csv,12,10,15,False,missing_expected_sample,,missing_expected_sample,200.0,,0,0,Fault12-condition10-opening15
,Fault12/Fault12-condition10/Fault12-condition10-16.csv,12,10,16,False,missing_expected_sample,,missing_expected_sample,200.0,,0,0,Fault12-condition10-opening16
,Fault12/Fault12-condition10/Fault12-condition10-17.csv,12,10,17,False,missing_expected_sample,,missing_expected_sample,200.0,,0,0,Fault12-condition10-opening17
,Fault12/Fault12-condition10/Fault12-condition10-18.csv,12,10,18,False,missing_expected_sample,,missing_expected_sample,200.0,,0,0,Fault12-condition10-opening18
,Fault12/Fault12-condition10/Fault12-condition10-19.csv,12,10,19,False,missing_expected_sample,,missing_expected_sample,200.0,,0,0,Fault12-condition10-opening19
,Fault12/Fault12-condition10/Fault12-condition10-20.csv,12,10,20,False,missing_expected_sample,,missing_expected_sample,200.0,,0,0,Fault12-condition10-opening20
,Fault13/Fault13-condition1/Fault13-condition1-1.csv,13,1,1,False,missing_expected_sample,,missing_expected_sample,200.0,,0,0,Fault13-condition1-opening1
,Fault13/Fault13-condition1/Fault13-condition1-2.csv,13,1,2,False,missing_expected_sample,,missing_expected_sample,200.0,,0,0,Fault13-condition1-opening2
,Fault13/Fault13-condition1/Fault13-condition1-3.csv,13,1,3,False,missing_expected_sample,,missing_expected_sample,200.0,,0,0,Fault13-condition1-opening3
,Fault13/Fault13-condition1/Fault13-condition1-4.csv,13,1,4,False,missing_expected_sample,,missing_expected_sample,200.0,,0,0,Fault13-condition1-opening4
,Fault13/Fault13-condition1/Fault13-condition1-5.csv,13,1,5,False,missing_expected_sample,,missing_expected_sample,200.0,,0,0,Fault13-condition1-opening5
,Fault13/Fault13-condition1/Fault13-condition1-6.csv,13,1,6,False,missing_expected_sample,,missing_expected_sample,200.0,,0,0,Fault13-condition1-opening6
,Fault13/Fault13-condition1/Fault13-condition1-7.csv,13,1,7,False,missing_expected_sample,,missing_expected_sample,200.0,,0,0,Fault13-condition1-opening7
,Fault13/Fault13-condition1/Fault13-condition1-8.csv,13,1,8,False,missing_expected_sample,,missing_expected_sample,200.0,,0,0,Fault13-condition1-opening8
,Fault13/Fault13-condition1/Fault13-condition1-9.csv,13,1,9,False,missing_expected_sample,,missing_expected_sample,200.0,,0,0,Fault13-condition1-opening9
,Fault13/Fault13-condition1/Fault13-condition1-10.csv,13,1,10,False,missing_expected_sample,,missing_expected_sample,200.0,,0,0,Fault13-condition1-opening10
,Fault13/Fault13-condition1/Fault13-condition1-11.csv,13,1,11,False,missing_expected_sample,,missing_expected_sample,200.0,,0,0,Fault13-condition1-opening11
,Fault13/Fault13-condition1/Fault13-condition1-12.csv,13,1,12,False,missing_expected_sample,,missing_expected_sample,200.0,,0,0,Fault13-condition1-opening12
,Fault13/Fault13-condition1/Fault13-condition1-13.csv,13,1,13,False,missing_expected_sample,,missing_expected_sample,200.0,,0,0,Fault13-condition1-opening13
,Fault13/Fault13-condition1/Fault13-condition1-14.csv,13,1,14,False,missing_expected_sample,,missing_expected_sample,200.0,,0,0,Fault13-condition1-opening14
,Fault13/Fault13-condition1/Fault13-condition1-15.csv,13,1,15,False,missing_expected_sample,,missing_expected_sample,200.0,,0,0,Fault13-condition1-opening15
,Fault13/Fault13-condition1/Fault13-condition1-16.csv,13,1,16,False,missing_expected_sample,,missing_expected_sample,200.0,,0,0,Fault13-condition1-opening16
,Fault13/Fault13-condition1/Fault13-condition1-17.csv,13,1,17,False,missing_expected_sample,,missing_expected_sample,200.0,,0,0,Fault13-condition1-opening17
,Fault13/Fault13-condition1/Fault13-condition1-18.csv,13,1,18,False,missing_expected_sample,,missing_expected_sample,200.0,,0,0,Fault13-condition1-opening18
,Fault13/Fault13-condition1/Fault13-condition1-19.csv,13,1,19,False,missing_expected_sample,,missing_expected_sample,200.0,,0,0,Fault13-condition1-opening19
,Fault13/Fault13-condition1/Fault13-condition1-20.csv,13,1,20,False,missing_expected_sample,,missing_expected_sample,200.0,,0,0,Fault13-condition1-opening20
,Fault13/Fault13-condition2/Fault13-condition2-1.csv,13,2,1,False,missing_expected_sample,,missing_expected_sample,200.0,,0,0,Fault13-condition2-opening1
,Fault13/Fault13-condition2/Fault13-condition2-2.csv,13,2,2,False,missing_expected_sample,,missing_expected_sample,200.0,,0,0,Fault13-condition2-opening2
,Fault13/Fault13-condition2/Fault13-condition2-3.csv,13,2,3,False,missing_expected_sample,,missing_expected_sample,200.0,,0,0,Fault13-condition2-opening3
,Fault13/Fault13-condition2/Fault13-condition2-4.csv,13,2,4,False,missing_expected_sample,,missing_expected_sample,200.0,,0,0,Fault13-condition2-opening4
,Fault13/Fault13-condition2/Fault13-condition2-5.csv,13,2,5,False,missing_expected_sample,,missing_expected_sample,200.0,,0,0,Fault13-condition2-opening5
,Fault13/Fault13-condition2/Fault13-condition2-6.csv,13,2,6,False,missing_expected_sample,,missing_expected_sample,200.0,,0,0,Fault13-condition2-opening6
,Fault13/Fault13-condition2/Fault13-condition2-7.csv,13,2,7,False,missing_expected_sample,,missing_expected_sample,200.0,,0,0,Fault13-condition2-opening7
,Fault13/Fault13-condition2/Fault13-condition2-8.csv,13,2,8,False,missing_expected_sample,,missing_expected_sample,200.0,,0,0,Fault13-condition2-opening8
,Fault13/Fault13-condition2/Fault13-condition2-9.csv,13,2,9,False,missing_expected_sample,,missing_expected_sample,200.0,,0,0,Fault13-condition2-opening9
,Fault13/Fault13-condition2/Fault13-condition2-10.csv,13,2,10,False,missing_expected_sample,,missing_expected_sample,200.0,,0,0,Fault13-condition2-opening10
,Fault13/Fault13-condition2/Fault13-condition2-11.csv,13,2,11,False,missing_expected_sample,,missing_expected_sample,200.0,,0,0,Fault13-condition2-opening11
,Fault13/Fault13-condition2/Fault13-condition2-12.csv,13,2,12,False,missing_expected_sample,,missing_expected_sample,200.0,,0,0,Fault13-condition2-opening12
,Fault13/Fault13-condition2/Fault13-condition2-13.csv,13,2,13,False,missing_expected_sample,,missing_expected_sample,200.0,,0,0,Fault13-condition2-opening13
,Fault13/Fault13-condition2/Fault13-condition2-14.csv,13,2,14,False,missing_expected_sample,,missing_expected_sample,200.0,,0,0,Fault13-condition2-opening14
,Fault13/Fault13-condition2/Fault13-condition2-15.csv,13,2,15,False,missing_expected_sample,,missing_expected_sample,200.0,,0,0,Fault13-condition2-opening15
,Fault13/Fault13-condition2/Fault13-condition2-16.csv,13,2,16,False,missing_expected_sample,,missing_expected_sample,200.0,,0,0,Fault13-condition2-opening16
,Fault13/Fault13-condition2/Fault13-condition2-17.csv,13,2,17,False,missing_expected_sample,,missing_expected_sample,200.0,,0,0,Fault13-condition2-opening17
,Fault13/Fault13-condition2/Fault13-condition2-18.csv,13,2,18,False,missing_expected_sample,,missing_expected_sample,200.0,,0,0,Fault13-condition2-opening18
,Fault13/Fault13-condition2/Fault13-condition2-19.csv,13,2,19,False,missing_expected_sample,,missing_expected_sample,200.0,,0,0,Fault13-condition2-opening19
,Fault13/Fault13-condition2/Fault13-condition2-20.csv,13,2,20,False,missing_expected_sample,,missing_expected_sample,200.0,,0,0,Fault13-condition2-opening20
,Fault13/Fault13-condition3/Fault13-condition3-1.csv,13,3,1,False,missing_expected_sample,,missing_expected_sample,200.0,,0,0,Fault13-condition3-opening1
,Fault13/Fault13-condition3/Fault13-condition3-2.csv,13,3,2,False,missing_expected_sample,,missing_expected_sample,200.0,,0,0,Fault13-condition3-opening2
,Fault13/Fault13-condition3/Fault13-condition3-3.csv,13,3,3,False,missing_expected_sample,,missing_expected_sample,200.0,,0,0,Fault13-condition3-opening3
,Fault13/Fault13-condition3/Fault13-condition3-4.csv,13,3,4,False,missing_expected_sample,,missing_expected_sample,200.0,,0,0,Fault13-condition3-opening4
,Fault13/Fault13-condition3/Fault13-condition3-5.csv,13,3,5,False,missing_expected_sample,,missing_expected_sample,200.0,,0,0,Fault13-condition3-opening5
,Fault13/Fault13-condition3/Fault13-condition3-6.csv,13,3,6,False,missing_expected_sample,,missing_expected_sample,200.0,,0,0,Fault13-condition3-opening6
,Fault13/Fault13-condition3/Fault13-condition3-7.csv,13,3,7,False,missing_expected_sample,,missing_expected_sample,200.0,,0,0,Fault13-condition3-opening7
,Fault13/Fault13-condition3/Fault13-condition3-8.csv,13,3,8,False,missing_expected_sample,,missing_expected_sample,200.0,,0,0,Fault13-condition3-opening8
,Fault13/Fault13-condition3/Fault13-condition3-9.csv,13,3,9,False,missing_expected_sample,,missing_expected_sample,200.0,,0,0,Fault13-condition3-opening9
,Fault13/Fault13-condition3/Fault13-condition3-10.csv,13,3,10,False,missing_expected_sample,,missing_expected_sample,200.0,,0,0,Fault13-condition3-opening10
,Fault13/Fault13-condition3/Fault13-condition3-11.csv,13,3,11,False,missing_expected_sample,,missing_expected_sample,200.0,,0,0,Fault13-condition3-opening11
,Fault13/Fault13-condition3/Fault13-condition3-12.csv,13,3,12,False,missing_expected_sample,,missing_expected_sample,200.0,,0,0,Fault13-condition3-opening12
,Fault13/Fault13-condition3/Fault13-condition3-13.csv,13,3,13,False,missing_expected_sample,,missing_expected_sample,200.0,,0,0,Fault13-condition3-opening13
,Fault13/Fault13-condition3/Fault13-condition3-14.csv,13,3,14,False,missing_expected_sample,,missing_expected_sample,200.0,,0,0,Fault13-condition3-opening14
,Fault13/Fault13-condition3/Fault13-condition3-15.csv,13,3,15,False,missing_expected_sample,,missing_expected_sample,200.0,,0,0,Fault13-condition3-opening15
,Fault13/Fault13-condition3/Fault13-condition3-16.csv,13,3,16,False,missing_expected_sample,,missing_expected_sample,200.0,,0,0,Fault13-condition3-opening16
,Fault13/Fault13-condition3/Fault13-condition3-17.csv,13,3,17,False,missing_expected_sample,,missing_expected_sample,200.0,,0,0,Fault13-condition3-opening17
,Fault13/Fault13-condition3/Fault13-condition3-18.csv,13,3,18,False,missing_expected_sample,,missing_expected_sample,200.0,,0,0,Fault13-condition3-opening18
,Fault13/Fault13-condition3/Fault13-condition3-19.csv,13,3,19,False,missing_expected_sample,,missing_expected_sample,200.0,,0,0,Fault13-condition3-opening19
,Fault13/Fault13-condition3/Fault13-condition3-20.csv,13,3,20,False,missing_expected_sample,,missing_expected_sample,200.0,,0,0,Fault13-condition3-opening20
,Fault13/Fault13-condition4/Fault13-condition4-1.csv,13,4,1,False,missing_expected_sample,,missing_expected_sample,200.0,,0,0,Fault13-condition4-opening1
,Fault13/Fault13-condition4/Fault13-condition4-2.csv,13,4,2,False,missing_expected_sample,,missing_expected_sample,200.0,,0,0,Fault13-condition4-opening2
,Fault13/Fault13-condition4/Fault13-condition4-3.csv,13,4,3,False,missing_expected_sample,,missing_expected_sample,200.0,,0,0,Fault13-condition4-opening3
,Fault13/Fault13-condition4/Fault13-condition4-4.csv,13,4,4,False,missing_expected_sample,,missing_expected_sample,200.0,,0,0,Fault13-condition4-opening4
,Fault13/Fault13-condition4/Fault13-condition4-5.csv,13,4,5,False,missing_expected_sample,,missing_expected_sample,200.0,,0,0,Fault13-condition4-opening5
,Fault13/Fault13-condition4/Fault13-condition4-6.csv,13,4,6,False,missing_expected_sample,,missing_expected_sample,200.0,,0,0,Fault13-condition4-opening6
,Fault13/Fault13-condition4/Fault13-condition4-7.csv,13,4,7,False,missing_expected_sample,,missing_expected_sample,200.0,,0,0,Fault13-condition4-opening7
,Fault13/Fault13-condition4/Fault13-condition4-8.csv,13,4,8,False,missing_expected_sample,,missing_expected_sample,200.0,,0,0,Fault13-condition4-opening8
,Fault13/Fault13-condition4/Fault13-condition4-9.csv,13,4,9,False,missing_expected_sample,,missing_expected_sample,200.0,,0,0,Fault13-condition4-opening9
,Fault13/Fault13-condition4/Fault13-condition4-10.csv,13,4,10,False,missing_expected_sample,,missing_expected_sample,200.0,,0,0,Fault13-condition4-opening10
,Fault13/Fault13-condition4/Fault13-condition4-11.csv,13,4,11,False,missing_expected_sample,,missing_expected_sample,200.0,,0,0,Fault13-condition4-opening11
,Fault13/Fault13-condition4/Fault13-condition4-12.csv,13,4,12,False,missing_expected_sample,,missing_expected_sample,200.0,,0,0,Fault13-condition4-opening12
,Fault13/Fault13-condition4/Fault13-condition4-13.csv,13,4,13,False,missing_expected_sample,,missing_expected_sample,200.0,,0,0,Fault13-condition4-opening13
,Fault13/Fault13-condition4/Fault13-condition4-14.csv,13,4,14,False,missing_expected_sample,,missing_expected_sample,200.0,,0,0,Fault13-condition4-opening14
,Fault13/Fault13-condition4/Fault13-condition4-15.csv,13,4,15,False,missing_expected_sample,,missing_expected_sample,200.0,,0,0,Fault13-condition4-opening15
,Fault13/Fault13-condition4/Fault13-condition4-16.csv,13,4,16,False,missing_expected_sample,,missing_expected_sample,200.0,,0,0,Fault13-condition4-opening16
,Fault13/Fault13-condition4/Fault13-condition4-17.csv,13,4,17,False,missing_expected_sample,,missing_expected_sample,200.0,,0,0,Fault13-condition4-opening17
,Fault13/Fault13-condition4/Fault13-condition4-18.csv,13,4,18,False,missing_expected_sample,,missing_expected_sample,200.0,,0,0,Fault13-condition4-opening18
,Fault13/Fault13-condition4/Fault13-condition4-19.csv,13,4,19,False,missing_expected_sample,,missing_expected_sample,200.0,,0,0,Fault13-condition4-opening19
,Fault13/Fault13-condition4/Fault13-condition4-20.csv,13,4,20,False,missing_expected_sample,,missing_expected_sample,200.0,,0,0,Fault13-condition4-opening20
,Fault13/Fault13-condition5/Fault13-condition5-1.csv,13,5,1,False,missing_expected_sample,,missing_expected_sample,200.0,,0,0,Fault13-condition5-opening1
,Fault13/Fault13-condition5/Fault13-condition5-2.csv,13,5,2,False,missing_expected_sample,,missing_expected_sample,200.0,,0,0,Fault13-condition5-opening2
,Fault13/Fault13-condition5/Fault13-condition5-3.csv,13,5,3,False,missing_expected_sample,,missing_expected_sample,200.0,,0,0,Fault13-condition5-opening3
,Fault13/Fault13-condition5/Fault13-condition5-4.csv,13,5,4,False,missing_expected_sample,,missing_expected_sample,200.0,,0,0,Fault13-condition5-opening4
,Fault13/Fault13-condition5/Fault13-condition5-5.csv,13,5,5,False,missing_expected_sample,,missing_expected_sample,200.0,,0,0,Fault13-condition5-opening5
,Fault13/Fault13-condition5/Fault13-condition5-6.csv,13,5,6,False,missing_expected_sample,,missing_expected_sample,200.0,,0,0,Fault13-condition5-opening6
,Fault13/Fault13-condition5/Fault13-condition5-7.csv,13,5,7,False,missing_expected_sample,,missing_expected_sample,200.0,,0,0,Fault13-condition5-opening7
,Fault13/Fault13-condition5/Fault13-condition5-8.csv,13,5,8,False,missing_expected_sample,,missing_expected_sample,200.0,,0,0,Fault13-condition5-opening8
,Fault13/Fault13-condition5/Fault13-condition5-9.csv,13,5,9,False,missing_expected_sample,,missing_expected_sample,200.0,,0,0,Fault13-condition5-opening9
,Fault13/Fault13-condition5/Fault13-condition5-10.csv,13,5,10,False,missing_expected_sample,,missing_expected_sample,200.0,,0,0,Fault13-condition5-opening10
,Fault13/Fault13-condition5/Fault13-condition5-11.csv,13,5,11,False,missing_expected_sample,,missing_expected_sample,200.0,,0,0,Fault13-condition5-opening11
,Fault13/Fault13-condition5/Fault13-condition5-12.csv,13,5,12,False,missing_expected_sample,,missing_expected_sample,200.0,,0,0,Fault13-condition5-opening12
,Fault13/Fault13-condition5/Fault13-condition5-13.csv,13,5,13,False,missing_expected_sample,,missing_expected_sample,200.0,,0,0,Fault13-condition5-opening13
,Fault13/Fault13-condition5/Fault13-condition5-14.csv,13,5,14,False,missing_expected_sample,,missing_expected_sample,200.0,,0,0,Fault13-condition5-opening14
,Fault13/Fault13-condition5/Fault13-condition5-15.csv,13,5,15,False,missing_expected_sample,,missing_expected_sample,200.0,,0,0,Fault13-condition5-opening15
,Fault13/Fault13-condition5/Fault13-condition5-16.csv,13,5,16,False,missing_expected_sample,,missing_expected_sample,200.0,,0,0,Fault13-condition5-opening16
,Fault13/Fault13-condition5/Fault13-condition5-17.csv,13,5,17,False,missing_expected_sample,,missing_expected_sample,200.0,,0,0,Fault13-condition5-opening17
,Fault13/Fault13-condition5/Fault13-condition5-18.csv,13,5,18,False,missing_expected_sample,,missing_expected_sample,200.0,,0,0,Fault13-condition5-opening18
,Fault13/Fault13-condition5/Fault13-condition5-19.csv,13,5,19,False,missing_expected_sample,,missing_expected_sample,200.0,,0,0,Fault13-condition5-opening19
,Fault13/Fault13-condition5/Fault13-condition5-20.csv,13,5,20,False,missing_expected_sample,,missing_expected_sample,200.0,,0,0,Fault13-condition5-opening20
,Fault13/Fault13-condition6/Fault13-condition6-1.csv,13,6,1,False,missing_expected_sample,,missing_expected_sample,200.0,,0,0,Fault13-condition6-opening1
,Fault13/Fault13-condition6/Fault13-condition6-2.csv,13,6,2,False,missing_expected_sample,,missing_expected_sample,200.0,,0,0,Fault13-condition6-opening2
,Fault13/Fault13-condition6/Fault13-condition6-3.csv,13,6,3,False,missing_expected_sample,,missing_expected_sample,200.0,,0,0,Fault13-condition6-opening3
,Fault13/Fault13-condition6/Fault13-condition6-4.csv,13,6,4,False,missing_expected_sample,,missing_expected_sample,200.0,,0,0,Fault13-condition6-opening4
,Fault13/Fault13-condition6/Fault13-condition6-5.csv,13,6,5,False,missing_expected_sample,,missing_expected_sample,200.0,,0,0,Fault13-condition6-opening5
,Fault13/Fault13-condition6/Fault13-condition6-6.csv,13,6,6,False,missing_expected_sample,,missing_expected_sample,200.0,,0,0,Fault13-condition6-opening6
,Fault13/Fault13-condition6/Fault13-condition6-7.csv,13,6,7,False,missing_expected_sample,,missing_expected_sample,200.0,,0,0,Fault13-condition6-opening7
,Fault13/Fault13-condition6/Fault13-condition6-8.csv,13,6,8,False,missing_expected_sample,,missing_expected_sample,200.0,,0,0,Fault13-condition6-opening8
,Fault13/Fault13-condition6/Fault13-condition6-9.csv,13,6,9,False,missing_expected_sample,,missing_expected_sample,200.0,,0,0,Fault13-condition6-opening9
,Fault13/Fault13-condition6/Fault13-condition6-10.csv,13,6,10,False,missing_expected_sample,,missing_expected_sample,200.0,,0,0,Fault13-condition6-opening10
,Fault13/Fault13-condition6/Fault13-condition6-11.csv,13,6,11,False,missing_expected_sample,,missing_expected_sample,200.0,,0,0,Fault13-condition6-opening11
,Fault13/Fault13-condition6/Fault13-condition6-12.csv,13,6,12,False,missing_expected_sample,,missing_expected_sample,200.0,,0,0,Fault13-condition6-opening12
,Fault13/Fault13-condition6/Fault13-condition6-13.csv,13,6,13,False,missing_expected_sample,,missing_expected_sample,200.0,,0,0,Fault13-condition6-opening13
,Fault13/Fault13-condition6/Fault13-condition6-14.csv,13,6,14,False,missing_expected_sample,,missing_expected_sample,200.0,,0,0,Fault13-condition6-opening14
,Fault13/Fault13-condition6/Fault13-condition6-15.csv,13,6,15,False,missing_expected_sample,,missing_expected_sample,200.0,,0,0,Fault13-condition6-opening15
,Fault13/Fault13-condition6/Fault13-condition6-16.csv,13,6,16,False,missing_expected_sample,,missing_expected_sample,200.0,,0,0,Fault13-condition6-opening16
,Fault13/Fault13-condition6/Fault13-condition6-17.csv,13,6,17,False,missing_expected_sample,,missing_expected_sample,200.0,,0,0,Fault13-condition6-opening17
,Fault13/Fault13-condition6/Fault13-condition6-18.csv,13,6,18,False,missing_expected_sample,,missing_expected_sample,200.0,,0,0,Fault13-condition6-opening18
,Fault13/Fault13-condition6/Fault13-condition6-19.csv,13,6,19,False,missing_expected_sample,,missing_expected_sample,200.0,,0,0,Fault13-condition6-opening19
,Fault13/Fault13-condition6/Fault13-condition6-20.csv,13,6,20,False,missing_expected_sample,,missing_expected_sample,200.0,,0,0,Fault13-condition6-opening20
,Fault13/Fault13-condition7/Fault13-condition7-1.csv,13,7,1,False,missing_expected_sample,,missing_expected_sample,200.0,,0,0,Fault13-condition7-opening1
,Fault13/Fault13-condition7/Fault13-condition7-2.csv,13,7,2,False,missing_expected_sample,,missing_expected_sample,200.0,,0,0,Fault13-condition7-opening2
,Fault13/Fault13-condition7/Fault13-condition7-3.csv,13,7,3,False,missing_expected_sample,,missing_expected_sample,200.0,,0,0,Fault13-condition7-opening3
,Fault13/Fault13-condition7/Fault13-condition7-4.csv,13,7,4,False,missing_expected_sample,,missing_expected_sample,200.0,,0,0,Fault13-condition7-opening4
,Fault13/Fault13-condition7/Fault13-condition7-5.csv,13,7,5,False,missing_expected_sample,,missing_expected_sample,200.0,,0,0,Fault13-condition7-opening5
,Fault13/Fault13-condition7/Fault13-condition7-6.csv,13,7,6,False,missing_expected_sample,,missing_expected_sample,200.0,,0,0,Fault13-condition7-opening6
,Fault13/Fault13-condition7/Fault13-condition7-7.csv,13,7,7,False,missing_expected_sample,,missing_expected_sample,200.0,,0,0,Fault13-condition7-opening7
,Fault13/Fault13-condition7/Fault13-condition7-8.csv,13,7,8,False,missing_expected_sample,,missing_expected_sample,200.0,,0,0,Fault13-condition7-opening8
,Fault13/Fault13-condition7/Fault13-condition7-9.csv,13,7,9,False,missing_expected_sample,,missing_expected_sample,200.0,,0,0,Fault13-condition7-opening9
,Fault13/Fault13-condition7/Fault13-condition7-10.csv,13,7,10,False,missing_expected_sample,,missing_expected_sample,200.0,,0,0,Fault13-condition7-opening10
,Fault13/Fault13-condition7/Fault13-condition7-11.csv,13,7,11,False,missing_expected_sample,,missing_expected_sample,200.0,,0,0,Fault13-condition7-opening11
,Fault13/Fault13-condition7/Fault13-condition7-12.csv,13,7,12,False,missing_expected_sample,,missing_expected_sample,200.0,,0,0,Fault13-condition7-opening12
,Fault13/Fault13-condition7/Fault13-condition7-13.csv,13,7,13,False,missing_expected_sample,,missing_expected_sample,200.0,,0,0,Fault13-condition7-opening13
,Fault13/Fault13-condition7/Fault13-condition7-14.csv,13,7,14,False,missing_expected_sample,,missing_expected_sample,200.0,,0,0,Fault13-condition7-opening14
,Fault13/Fault13-condition7/Fault13-condition7-15.csv,13,7,15,False,missing_expected_sample,,missing_expected_sample,200.0,,0,0,Fault13-condition7-opening15
,Fault13/Fault13-condition7/Fault13-condition7-16.csv,13,7,16,False,missing_expected_sample,,missing_expected_sample,200.0,,0,0,Fault13-condition7-opening16
,Fault13/Fault13-condition7/Fault13-condition7-17.csv,13,7,17,False,missing_expected_sample,,missing_expected_sample,200.0,,0,0,Fault13-condition7-opening17
,Fault13/Fault13-condition7/Fault13-condition7-18.csv,13,7,18,False,missing_expected_sample,,missing_expected_sample,200.0,,0,0,Fault13-condition7-opening18
,Fault13/Fault13-condition7/Fault13-condition7-19.csv,13,7,19,False,missing_expected_sample,,missing_expected_sample,200.0,,0,0,Fault13-condition7-opening19
,Fault13/Fault13-condition7/Fault13-condition7-20.csv,13,7,20,False,missing_expected_sample,,missing_expected_sample,200.0,,0,0,Fault13-condition7-opening20
,Fault13/Fault13-condition8/Fault13-condition8-1.csv,13,8,1,False,missing_expected_sample,,missing_expected_sample,200.0,,0,0,Fault13-condition8-opening1
,Fault13/Fault13-condition8/Fault13-condition8-2.csv,13,8,2,False,missing_expected_sample,,missing_expected_sample,200.0,,0,0,Fault13-condition8-opening2
,Fault13/Fault13-condition8/Fault13-condition8-3.csv,13,8,3,False,missing_expected_sample,,missing_expected_sample,200.0,,0,0,Fault13-condition8-opening3
,Fault13/Fault13-condition8/Fault13-condition8-4.csv,13,8,4,False,missing_expected_sample,,missing_expected_sample,200.0,,0,0,Fault13-condition8-opening4
,Fault13/Fault13-condition8/Fault13-condition8-5.csv,13,8,5,False,missing_expected_sample,,missing_expected_sample,200.0,,0,0,Fault13-condition8-opening5
,Fault13/Fault13-condition8/Fault13-condition8-6.csv,13,8,6,False,missing_expected_sample,,missing_expected_sample,200.0,,0,0,Fault13-condition8-opening6
,Fault13/Fault13-condition8/Fault13-condition8-7.csv,13,8,7,False,missing_expected_sample,,missing_expected_sample,200.0,,0,0,Fault13-condition8-opening7
,Fault13/Fault13-condition8/Fault13-condition8-8.csv,13,8,8,False,missing_expected_sample,,missing_expected_sample,200.0,,0,0,Fault13-condition8-opening8
,Fault13/Fault13-condition8/Fault13-condition8-9.csv,13,8,9,False,missing_expected_sample,,missing_expected_sample,200.0,,0,0,Fault13-condition8-opening9
,Fault13/Fault13-condition8/Fault13-condition8-10.csv,13,8,10,False,missing_expected_sample,,missing_expected_sample,200.0,,0,0,Fault13-condition8-opening10
,Fault13/Fault13-condition8/Fault13-condition8-11.csv,13,8,11,False,missing_expected_sample,,missing_expected_sample,200.0,,0,0,Fault13-condition8-opening11
,Fault13/Fault13-condition8/Fault13-condition8-12.csv,13,8,12,False,missing_expected_sample,,missing_expected_sample,200.0,,0,0,Fault13-condition8-opening12
,Fault13/Fault13-condition8/Fault13-condition8-13.csv,13,8,13,False,missing_expected_sample,,missing_expected_sample,200.0,,0,0,Fault13-condition8-opening13
,Fault13/Fault13-condition8/Fault13-condition8-14.csv,13,8,14,False,missing_expected_sample,,missing_expected_sample,200.0,,0,0,Fault13-condition8-opening14
,Fault13/Fault13-condition8/Fault13-condition8-15.csv,13,8,15,False,missing_expected_sample,,missing_expected_sample,200.0,,0,0,Fault13-condition8-opening15
,Fault13/Fault13-condition8/Fault13-condition8-16.csv,13,8,16,False,missing_expected_sample,,missing_expected_sample,200.0,,0,0,Fault13-condition8-opening16
,Fault13/Fault13-condition8/Fault13-condition8-17.csv,13,8,17,False,missing_expected_sample,,missing_expected_sample,200.0,,0,0,Fault13-condition8-opening17
,Fault13/Fault13-condition8/Fault13-condition8-18.csv,13,8,18,False,missing_expected_sample,,missing_expected_sample,200.0,,0,0,Fault13-condition8-opening18
,Fault13/Fault13-condition8/Fault13-condition8-19.csv,13,8,19,False,missing_expected_sample,,missing_expected_sample,200.0,,0,0,Fault13-condition8-opening19
,Fault13/Fault13-condition8/Fault13-condition8-20.csv,13,8,20,False,missing_expected_sample,,missing_expected_sample,200.0,,0,0,Fault13-condition8-opening20
,Fault13/Fault13-condition9/Fault13-condition9-1.csv,13,9,1,False,missing_expected_sample,,missing_expected_sample,200.0,,0,0,Fault13-condition9-opening1
,Fault13/Fault13-condition9/Fault13-condition9-2.csv,13,9,2,False,missing_expected_sample,,missing_expected_sample,200.0,,0,0,Fault13-condition9-opening2
,Fault13/Fault13-condition9/Fault13-condition9-3.csv,13,9,3,False,missing_expected_sample,,missing_expected_sample,200.0,,0,0,Fault13-condition9-opening3
,Fault13/Fault13-condition9/Fault13-condition9-4.csv,13,9,4,False,missing_expected_sample,,missing_expected_sample,200.0,,0,0,Fault13-condition9-opening4
,Fault13/Fault13-condition9/Fault13-condition9-5.csv,13,9,5,False,missing_expected_sample,,missing_expected_sample,200.0,,0,0,Fault13-condition9-opening5
,Fault13/Fault13-condition9/Fault13-condition9-6.csv,13,9,6,False,missing_expected_sample,,missing_expected_sample,200.0,,0,0,Fault13-condition9-opening6
,Fault13/Fault13-condition9/Fault13-condition9-7.csv,13,9,7,False,missing_expected_sample,,missing_expected_sample,200.0,,0,0,Fault13-condition9-opening7
,Fault13/Fault13-condition9/Fault13-condition9-8.csv,13,9,8,False,missing_expected_sample,,missing_expected_sample,200.0,,0,0,Fault13-condition9-opening8
,Fault13/Fault13-condition9/Fault13-condition9-9.csv,13,9,9,False,missing_expected_sample,,missing_expected_sample,200.0,,0,0,Fault13-condition9-opening9
,Fault13/Fault13-condition9/Fault13-condition9-10.csv,13,9,10,False,missing_expected_sample,,missing_expected_sample,200.0,,0,0,Fault13-condition9-opening10
,Fault13/Fault13-condition9/Fault13-condition9-11.csv,13,9,11,False,missing_expected_sample,,missing_expected_sample,200.0,,0,0,Fault13-condition9-opening11
,Fault13/Fault13-condition9/Fault13-condition9-12.csv,13,9,12,False,missing_expected_sample,,missing_expected_sample,200.0,,0,0,Fault13-condition9-opening12
,Fault13/Fault13-condition9/Fault13-condition9-13.csv,13,9,13,False,missing_expected_sample,,missing_expected_sample,200.0,,0,0,Fault13-condition9-opening13
,Fault13/Fault13-condition9/Fault13-condition9-14.csv,13,9,14,False,missing_expected_sample,,missing_expected_sample,200.0,,0,0,Fault13-condition9-opening14
,Fault13/Fault13-condition9/Fault13-condition9-15.csv,13,9,15,False,missing_expected_sample,,missing_expected_sample,200.0,,0,0,Fault13-condition9-opening15
,Fault13/Fault13-condition9/Fault13-condition9-16.csv,13,9,16,False,missing_expected_sample,,missing_expected_sample,200.0,,0,0,Fault13-condition9-opening16
,Fault13/Fault13-condition9/Fault13-condition9-17.csv,13,9,17,False,missing_expected_sample,,missing_expected_sample,200.0,,0,0,Fault13-condition9-opening17
,Fault13/Fault13-condition9/Fault13-condition9-18.csv,13,9,18,False,missing_expected_sample,,missing_expected_sample,200.0,,0,0,Fault13-condition9-opening18
,Fault13/Fault13-condition9/Fault13-condition9-19.csv,13,9,19,False,missing_expected_sample,,missing_expected_sample,200.0,,0,0,Fault13-condition9-opening19
,Fault13/Fault13-condition9/Fault13-condition9-20.csv,13,9,20,False,missing_expected_sample,,missing_expected_sample,200.0,,0,0,Fault13-condition9-opening20
,Fault13/Fault13-condition10/Fault13-condition10-1.csv,13,10,1,False,missing_expected_sample,,missing_expected_sample,200.0,,0,0,Fault13-condition10-opening1
,Fault13/Fault13-condition10/Fault13-condition10-2.csv,13,10,2,False,missing_expected_sample,,missing_expected_sample,200.0,,0,0,Fault13-condition10-opening2
,Fault13/Fault13-condition10/Fault13-condition10-3.csv,13,10,3,False,missing_expected_sample,,missing_expected_sample,200.0,,0,0,Fault13-condition10-opening3
,Fault13/Fault13-condition10/Fault13-condition10-4.csv,13,10,4,False,missing_expected_sample,,missing_expected_sample,200.0,,0,0,Fault13-condition10-opening4
,Fault13/Fault13-condition10/Fault13-condition10-5.csv,13,10,5,False,missing_expected_sample,,missing_expected_sample,200.0,,0,0,Fault13-condition10-opening5
,Fault13/Fault13-condition10/Fault13-condition10-6.csv,13,10,6,False,missing_expected_sample,,missing_expected_sample,200.0,,0,0,Fault13-condition10-opening6
,Fault13/Fault13-condition10/Fault13-condition10-7.csv,13,10,7,False,missing_expected_sample,,missing_expected_sample,200.0,,0,0,Fault13-condition10-opening7
,Fault13/Fault13-condition10/Fault13-condition10-8.csv,13,10,8,False,missing_expected_sample,,missing_expected_sample,200.0,,0,0,Fault13-condition10-opening8
,Fault13/Fault13-condition10/Fault13-condition10-9.csv,13,10,9,False,missing_expected_sample,,missing_expected_sample,200.0,,0,0,Fault13-condition10-opening9
,Fault13/Fault13-condition10/Fault13-condition10-10.csv,13,10,10,False,missing_expected_sample,,missing_expected_sample,200.0,,0,0,Fault13-condition10-opening10
,Fault13/Fault13-condition10/Fault13-condition10-11.csv,13,10,11,False,missing_expected_sample,,missing_expected_sample,200.0,,0,0,Fault13-condition10-opening11
,Fault13/Fault13-condition10/Fault13-condition10-12.csv,13,10,12,False,missing_expected_sample,,missing_expected_sample,200.0,,0,0,Fault13-condition10-opening12
,Fault13/Fault13-condition10/Fault13-condition10-13.csv,13,10,13,False,missing_expected_sample,,missing_expected_sample,200.0,,0,0,Fault13-condition10-opening13
,Fault13/Fault13-condition10/Fault13-condition10-14.csv,13,10,14,False,missing_expected_sample,,missing_expected_sample,200.0,,0,0,Fault13-condition10-opening14
,Fault13/Fault13-condition10/Fault13-condition10-15.csv,13,10,15,False,missing_expected_sample,,missing_expected_sample,200.0,,0,0,Fault13-condition10-opening15
,Fault13/Fault13-condition10/Fault13-condition10-16.csv,13,10,16,False,missing_expected_sample,,missing_expected_sample,200.0,,0,0,Fault13-condition10-opening16
,Fault13/Fault13-condition10/Fault13-condition10-17.csv,13,10,17,False,missing_expected_sample,,missing_expected_sample,200.0,,0,0,Fault13-condition10-opening17
,Fault13/Fault13-condition10/Fault13-condition10-18.csv,13,10,18,False,missing_expected_sample,,missing_expected_sample,200.0,,0,0,Fault13-condition10-opening18
,Fault13/Fault13-condition10/Fault13-condition10-19.csv,13,10,19,False,missing_expected_sample,,missing_expected_sample,200.0,,0,0,Fault13-condition10-opening19
,Fault13/Fault13-condition10/Fault13-condition10-20.csv,13,10,20,False,missing_expected_sample,,missing_expected_sample,200.0,,0,0,Fault13-condition10-opening20
,Fault14/Fault14-condition1/Fault14-condition1-1.csv,14,1,1,False,missing_expected_sample,,missing_expected_sample,200.0,,0,0,Fault14-condition1-opening1
,Fault14/Fault14-condition1/Fault14-condition1-2.csv,14,1,2,False,missing_expected_sample,,missing_expected_sample,200.0,,0,0,Fault14-condition1-opening2
,Fault14/Fault14-condition1/Fault14-condition1-3.csv,14,1,3,False,missing_expected_sample,,missing_expected_sample,200.0,,0,0,Fault14-condition1-opening3
,Fault14/Fault14-condition1/Fault14-condition1-4.csv,14,1,4,False,missing_expected_sample,,missing_expected_sample,200.0,,0,0,Fault14-condition1-opening4
,Fault14/Fault14-condition1/Fault14-condition1-5.csv,14,1,5,False,missing_expected_sample,,missing_expected_sample,200.0,,0,0,Fault14-condition1-opening5
,Fault14/Fault14-condition1/Fault14-condition1-6.csv,14,1,6,False,missing_expected_sample,,missing_expected_sample,200.0,,0,0,Fault14-condition1-opening6
,Fault14/Fault14-condition1/Fault14-condition1-7.csv,14,1,7,False,missing_expected_sample,,missing_expected_sample,200.0,,0,0,Fault14-condition1-opening7
,Fault14/Fault14-condition1/Fault14-condition1-8.csv,14,1,8,False,missing_expected_sample,,missing_expected_sample,200.0,,0,0,Fault14-condition1-opening8
,Fault14/Fault14-condition1/Fault14-condition1-9.csv,14,1,9,False,missing_expected_sample,,missing_expected_sample,200.0,,0,0,Fault14-condition1-opening9
,Fault14/Fault14-condition1/Fault14-condition1-10.csv,14,1,10,False,missing_expected_sample,,missing_expected_sample,200.0,,0,0,Fault14-condition1-opening10
,Fault14/Fault14-condition1/Fault14-condition1-11.csv,14,1,11,False,missing_expected_sample,,missing_expected_sample,200.0,,0,0,Fault14-condition1-opening11
,Fault14/Fault14-condition1/Fault14-condition1-12.csv,14,1,12,False,missing_expected_sample,,missing_expected_sample,200.0,,0,0,Fault14-condition1-opening12
,Fault14/Fault14-condition1/Fault14-condition1-13.csv,14,1,13,False,missing_expected_sample,,missing_expected_sample,200.0,,0,0,Fault14-condition1-opening13
,Fault14/Fault14-condition1/Fault14-condition1-14.csv,14,1,14,False,missing_expected_sample,,missing_expected_sample,200.0,,0,0,Fault14-condition1-opening14
,Fault14/Fault14-condition1/Fault14-condition1-15.csv,14,1,15,False,missing_expected_sample,,missing_expected_sample,200.0,,0,0,Fault14-condition1-opening15
,Fault14/Fault14-condition1/Fault14-condition1-16.csv,14,1,16,False,missing_expected_sample,,missing_expected_sample,200.0,,0,0,Fault14-condition1-opening16
,Fault14/Fault14-condition1/Fault14-condition1-17.csv,14,1,17,False,missing_expected_sample,,missing_expected_sample,200.0,,0,0,Fault14-condition1-opening17
,Fault14/Fault14-condition1/Fault14-condition1-18.csv,14,1,18,False,missing_expected_sample,,missing_expected_sample,200.0,,0,0,Fault14-condition1-opening18
,Fault14/Fault14-condition1/Fault14-condition1-19.csv,14,1,19,False,missing_expected_sample,,missing_expected_sample,200.0,,0,0,Fault14-condition1-opening19
,Fault14/Fault14-condition1/Fault14-condition1-20.csv,14,1,20,False,missing_expected_sample,,missing_expected_sample,200.0,,0,0,Fault14-condition1-opening20
,Fault14/Fault14-condition2/Fault14-condition2-1.csv,14,2,1,False,missing_expected_sample,,missing_expected_sample,200.0,,0,0,Fault14-condition2-opening1
,Fault14/Fault14-condition2/Fault14-condition2-2.csv,14,2,2,False,missing_expected_sample,,missing_expected_sample,200.0,,0,0,Fault14-condition2-opening2
,Fault14/Fault14-condition2/Fault14-condition2-3.csv,14,2,3,False,missing_expected_sample,,missing_expected_sample,200.0,,0,0,Fault14-condition2-opening3
,Fault14/Fault14-condition2/Fault14-condition2-4.csv,14,2,4,False,missing_expected_sample,,missing_expected_sample,200.0,,0,0,Fault14-condition2-opening4
,Fault14/Fault14-condition2/Fault14-condition2-5.csv,14,2,5,False,missing_expected_sample,,missing_expected_sample,200.0,,0,0,Fault14-condition2-opening5
,Fault14/Fault14-condition2/Fault14-condition2-6.csv,14,2,6,False,missing_expected_sample,,missing_expected_sample,200.0,,0,0,Fault14-condition2-opening6
,Fault14/Fault14-condition2/Fault14-condition2-7.csv,14,2,7,False,missing_expected_sample,,missing_expected_sample,200.0,,0,0,Fault14-condition2-opening7
,Fault14/Fault14-condition2/Fault14-condition2-8.csv,14,2,8,False,missing_expected_sample,,missing_expected_sample,200.0,,0,0,Fault14-condition2-opening8
,Fault14/Fault14-condition2/Fault14-condition2-9.csv,14,2,9,False,missing_expected_sample,,missing_expected_sample,200.0,,0,0,Fault14-condition2-opening9
,Fault14/Fault14-condition2/Fault14-condition2-10.csv,14,2,10,False,missing_expected_sample,,missing_expected_sample,200.0,,0,0,Fault14-condition2-opening10
,Fault14/Fault14-condition2/Fault14-condition2-11.csv,14,2,11,False,missing_expected_sample,,missing_expected_sample,200.0,,0,0,Fault14-condition2-opening11
,Fault14/Fault14-condition2/Fault14-condition2-12.csv,14,2,12,False,missing_expected_sample,,missing_expected_sample,200.0,,0,0,Fault14-condition2-opening12
,Fault14/Fault14-condition2/Fault14-condition2-13.csv,14,2,13,False,missing_expected_sample,,missing_expected_sample,200.0,,0,0,Fault14-condition2-opening13
,Fault14/Fault14-condition2/Fault14-condition2-14.csv,14,2,14,False,missing_expected_sample,,missing_expected_sample,200.0,,0,0,Fault14-condition2-opening14
,Fault14/Fault14-condition2/Fault14-condition2-15.csv,14,2,15,False,missing_expected_sample,,missing_expected_sample,200.0,,0,0,Fault14-condition2-opening15
,Fault14/Fault14-condition2/Fault14-condition2-16.csv,14,2,16,False,missing_expected_sample,,missing_expected_sample,200.0,,0,0,Fault14-condition2-opening16
,Fault14/Fault14-condition2/Fault14-condition2-17.csv,14,2,17,False,missing_expected_sample,,missing_expected_sample,200.0,,0,0,Fault14-condition2-opening17
,Fault14/Fault14-condition2/Fault14-condition2-18.csv,14,2,18,False,missing_expected_sample,,missing_expected_sample,200.0,,0,0,Fault14-condition2-opening18
,Fault14/Fault14-condition2/Fault14-condition2-19.csv,14,2,19,False,missing_expected_sample,,missing_expected_sample,200.0,,0,0,Fault14-condition2-opening19
,Fault14/Fault14-condition2/Fault14-condition2-20.csv,14,2,20,False,missing_expected_sample,,missing_expected_sample,200.0,,0,0,Fault14-condition2-opening20
,Fault14/Fault14-condition3/Fault14-condition3-1.csv,14,3,1,False,missing_expected_sample,,missing_expected_sample,200.0,,0,0,Fault14-condition3-opening1
,Fault14/Fault14-condition3/Fault14-condition3-2.csv,14,3,2,False,missing_expected_sample,,missing_expected_sample,200.0,,0,0,Fault14-condition3-opening2
,Fault14/Fault14-condition3/Fault14-condition3-3.csv,14,3,3,False,missing_expected_sample,,missing_expected_sample,200.0,,0,0,Fault14-condition3-opening3
,Fault14/Fault14-condition3/Fault14-condition3-4.csv,14,3,4,False,missing_expected_sample,,missing_expected_sample,200.0,,0,0,Fault14-condition3-opening4
,Fault14/Fault14-condition3/Fault14-condition3-5.csv,14,3,5,False,missing_expected_sample,,missing_expected_sample,200.0,,0,0,Fault14-condition3-opening5
,Fault14/Fault14-condition3/Fault14-condition3-6.csv,14,3,6,False,missing_expected_sample,,missing_expected_sample,200.0,,0,0,Fault14-condition3-opening6
,Fault14/Fault14-condition3/Fault14-condition3-7.csv,14,3,7,False,missing_expected_sample,,missing_expected_sample,200.0,,0,0,Fault14-condition3-opening7
,Fault14/Fault14-condition3/Fault14-condition3-8.csv,14,3,8,False,missing_expected_sample,,missing_expected_sample,200.0,,0,0,Fault14-condition3-opening8
,Fault14/Fault14-condition3/Fault14-condition3-9.csv,14,3,9,False,missing_expected_sample,,missing_expected_sample,200.0,,0,0,Fault14-condition3-opening9
,Fault14/Fault14-condition3/Fault14-condition3-10.csv,14,3,10,False,missing_expected_sample,,missing_expected_sample,200.0,,0,0,Fault14-condition3-opening10
,Fault14/Fault14-condition3/Fault14-condition3-11.csv,14,3,11,False,missing_expected_sample,,missing_expected_sample,200.0,,0,0,Fault14-condition3-opening11
,Fault14/Fault14-condition3/Fault14-condition3-12.csv,14,3,12,False,missing_expected_sample,,missing_expected_sample,200.0,,0,0,Fault14-condition3-opening12
,Fault14/Fault14-condition3/Fault14-condition3-13.csv,14,3,13,False,missing_expected_sample,,missing_expected_sample,200.0,,0,0,Fault14-condition3-opening13
,Fault14/Fault14-condition3/Fault14-condition3-14.csv,14,3,14,False,missing_expected_sample,,missing_expected_sample,200.0,,0,0,Fault14-condition3-opening14
,Fault14/Fault14-condition3/Fault14-condition3-15.csv,14,3,15,False,missing_expected_sample,,missing_expected_sample,200.0,,0,0,Fault14-condition3-opening15
,Fault14/Fault14-condition3/Fault14-condition3-16.csv,14,3,16,False,missing_expected_sample,,missing_expected_sample,200.0,,0,0,Fault14-condition3-opening16
,Fault14/Fault14-condition3/Fault14-condition3-17.csv,14,3,17,False,missing_expected_sample,,missing_expected_sample,200.0,,0,0,Fault14-condition3-opening17
,Fault14/Fault14-condition3/Fault14-condition3-18.csv,14,3,18,False,missing_expected_sample,,missing_expected_sample,200.0,,0,0,Fault14-condition3-opening18
,Fault14/Fault14-condition3/Fault14-condition3-19.csv,14,3,19,False,missing_expected_sample,,missing_expected_sample,200.0,,0,0,Fault14-condition3-opening19
,Fault14/Fault14-condition3/Fault14-condition3-20.csv,14,3,20,False,missing_expected_sample,,missing_expected_sample,200.0,,0,0,Fault14-condition3-opening20
,Fault14/Fault14-condition4/Fault14-condition4-1.csv,14,4,1,False,missing_expected_sample,,missing_expected_sample,200.0,,0,0,Fault14-condition4-opening1
,Fault14/Fault14-condition4/Fault14-condition4-2.csv,14,4,2,False,missing_expected_sample,,missing_expected_sample,200.0,,0,0,Fault14-condition4-opening2
,Fault14/Fault14-condition4/Fault14-condition4-3.csv,14,4,3,False,missing_expected_sample,,missing_expected_sample,200.0,,0,0,Fault14-condition4-opening3
,Fault14/Fault14-condition4/Fault14-condition4-4.csv,14,4,4,False,missing_expected_sample,,missing_expected_sample,200.0,,0,0,Fault14-condition4-opening4
,Fault14/Fault14-condition4/Fault14-condition4-5.csv,14,4,5,False,missing_expected_sample,,missing_expected_sample,200.0,,0,0,Fault14-condition4-opening5
,Fault14/Fault14-condition4/Fault14-condition4-6.csv,14,4,6,False,missing_expected_sample,,missing_expected_sample,200.0,,0,0,Fault14-condition4-opening6
,Fault14/Fault14-condition4/Fault14-condition4-7.csv,14,4,7,False,missing_expected_sample,,missing_expected_sample,200.0,,0,0,Fault14-condition4-opening7
,Fault14/Fault14-condition4/Fault14-condition4-8.csv,14,4,8,False,missing_expected_sample,,missing_expected_sample,200.0,,0,0,Fault14-condition4-opening8
,Fault14/Fault14-condition4/Fault14-condition4-9.csv,14,4,9,False,missing_expected_sample,,missing_expected_sample,200.0,,0,0,Fault14-condition4-opening9
,Fault14/Fault14-condition4/Fault14-condition4-10.csv,14,4,10,False,missing_expected_sample,,missing_expected_sample,200.0,,0,0,Fault14-condition4-opening10
,Fault14/Fault14-condition4/Fault14-condition4-11.csv,14,4,11,False,missing_expected_sample,,missing_expected_sample,200.0,,0,0,Fault14-condition4-opening11
,Fault14/Fault14-condition4/Fault14-condition4-12.csv,14,4,12,False,missing_expected_sample,,missing_expected_sample,200.0,,0,0,Fault14-condition4-opening12
,Fault14/Fault14-condition4/Fault14-condition4-13.csv,14,4,13,False,missing_expected_sample,,missing_expected_sample,200.0,,0,0,Fault14-condition4-opening13
,Fault14/Fault14-condition4/Fault14-condition4-14.csv,14,4,14,False,missing_expected_sample,,missing_expected_sample,200.0,,0,0,Fault14-condition4-opening14
,Fault14/Fault14-condition4/Fault14-condition4-15.csv,14,4,15,False,missing_expected_sample,,missing_expected_sample,200.0,,0,0,Fault14-condition4-opening15
,Fault14/Fault14-condition4/Fault14-condition4-16.csv,14,4,16,False,missing_expected_sample,,missing_expected_sample,200.0,,0,0,Fault14-condition4-opening16
,Fault14/Fault14-condition4/Fault14-condition4-17.csv,14,4,17,False,missing_expected_sample,,missing_expected_sample,200.0,,0,0,Fault14-condition4-opening17
,Fault14/Fault14-condition4/Fault14-condition4-18.csv,14,4,18,False,missing_expected_sample,,missing_expected_sample,200.0,,0,0,Fault14-condition4-opening18
,Fault14/Fault14-condition4/Fault14-condition4-19.csv,14,4,19,False,missing_expected_sample,,missing_expected_sample,200.0,,0,0,Fault14-condition4-opening19
,Fault14/Fault14-condition4/Fault14-condition4-20.csv,14,4,20,False,missing_expected_sample,,missing_expected_sample,200.0,,0,0,Fault14-condition4-opening20
,Fault14/Fault14-condition5/Fault14-condition5-1.csv,14,5,1,False,missing_expected_sample,,missing_expected_sample,200.0,,0,0,Fault14-condition5-opening1
,Fault14/Fault14-condition5/Fault14-condition5-2.csv,14,5,2,False,missing_expected_sample,,missing_expected_sample,200.0,,0,0,Fault14-condition5-opening2
,Fault14/Fault14-condition5/Fault14-condition5-3.csv,14,5,3,False,missing_expected_sample,,missing_expected_sample,200.0,,0,0,Fault14-condition5-opening3
,Fault14/Fault14-condition5/Fault14-condition5-4.csv,14,5,4,False,missing_expected_sample,,missing_expected_sample,200.0,,0,0,Fault14-condition5-opening4
,Fault14/Fault14-condition5/Fault14-condition5-5.csv,14,5,5,False,missing_expected_sample,,missing_expected_sample,200.0,,0,0,Fault14-condition5-opening5
,Fault14/Fault14-condition5/Fault14-condition5-6.csv,14,5,6,False,missing_expected_sample,,missing_expected_sample,200.0,,0,0,Fault14-condition5-opening6
,Fault14/Fault14-condition5/Fault14-condition5-7.csv,14,5,7,False,missing_expected_sample,,missing_expected_sample,200.0,,0,0,Fault14-condition5-opening7
,Fault14/Fault14-condition5/Fault14-condition5-8.csv,14,5,8,False,missing_expected_sample,,missing_expected_sample,200.0,,0,0,Fault14-condition5-opening8
,Fault14/Fault14-condition5/Fault14-condition5-9.csv,14,5,9,False,missing_expected_sample,,missing_expected_sample,200.0,,0,0,Fault14-condition5-opening9
,Fault14/Fault14-condition5/Fault14-condition5-10.csv,14,5,10,False,missing_expected_sample,,missing_expected_sample,200.0,,0,0,Fault14-condition5-opening10
,Fault14/Fault14-condition5/Fault14-condition5-11.csv,14,5,11,False,missing_expected_sample,,missing_expected_sample,200.0,,0,0,Fault14-condition5-opening11
,Fault14/Fault14-condition5/Fault14-condition5-12.csv,14,5,12,False,missing_expected_sample,,missing_expected_sample,200.0,,0,0,Fault14-condition5-opening12
,Fault14/Fault14-condition5/Fault14-condition5-13.csv,14,5,13,False,missing_expected_sample,,missing_expected_sample,200.0,,0,0,Fault14-condition5-opening13
,Fault14/Fault14-condition5/Fault14-condition5-14.csv,14,5,14,False,missing_expected_sample,,missing_expected_sample,200.0,,0,0,Fault14-condition5-opening14
,Fault14/Fault14-condition5/Fault14-condition5-15.csv,14,5,15,False,missing_expected_sample,,missing_expected_sample,200.0,,0,0,Fault14-condition5-opening15
,Fault14/Fault14-condition5/Fault14-condition5-16.csv,14,5,16,False,missing_expected_sample,,missing_expected_sample,200.0,,0,0,Fault14-condition5-opening16
,Fault14/Fault14-condition5/Fault14-condition5-17.csv,14,5,17,False,missing_expected_sample,,missing_expected_sample,200.0,,0,0,Fault14-condition5-opening17
,Fault14/Fault14-condition5/Fault14-condition5-18.csv,14,5,18,False,missing_expected_sample,,missing_expected_sample,200.0,,0,0,Fault14-condition5-opening18
,Fault14/Fault14-condition5/Fault14-condition5-19.csv,14,5,19,False,missing_expected_sample,,missing_expected_sample,200.0,,0,0,Fault14-condition5-opening19
,Fault14/Fault14-condition5/Fault14-condition5-20.csv,14,5,20,False,missing_expected_sample,,missing_expected_sample,200.0,,0,0,Fault14-condition5-opening20
,Fault14/Fault14-condition6/Fault14-condition6-1.csv,14,6,1,False,missing_expected_sample,,missing_expected_sample,200.0,,0,0,Fault14-condition6-opening1
,Fault14/Fault14-condition6/Fault14-condition6-2.csv,14,6,2,False,missing_expected_sample,,missing_expected_sample,200.0,,0,0,Fault14-condition6-opening2
,Fault14/Fault14-condition6/Fault14-condition6-3.csv,14,6,3,False,missing_expected_sample,,missing_expected_sample,200.0,,0,0,Fault14-condition6-opening3
,Fault14/Fault14-condition6/Fault14-condition6-4.csv,14,6,4,False,missing_expected_sample,,missing_expected_sample,200.0,,0,0,Fault14-condition6-opening4
,Fault14/Fault14-condition6/Fault14-condition6-5.csv,14,6,5,False,missing_expected_sample,,missing_expected_sample,200.0,,0,0,Fault14-condition6-opening5
,Fault14/Fault14-condition6/Fault14-condition6-6.csv,14,6,6,False,missing_expected_sample,,missing_expected_sample,200.0,,0,0,Fault14-condition6-opening6
,Fault14/Fault14-condition6/Fault14-condition6-7.csv,14,6,7,False,missing_expected_sample,,missing_expected_sample,200.0,,0,0,Fault14-condition6-opening7
,Fault14/Fault14-condition6/Fault14-condition6-8.csv,14,6,8,False,missing_expected_sample,,missing_expected_sample,200.0,,0,0,Fault14-condition6-opening8
,Fault14/Fault14-condition6/Fault14-condition6-9.csv,14,6,9,False,missing_expected_sample,,missing_expected_sample,200.0,,0,0,Fault14-condition6-opening9
,Fault14/Fault14-condition6/Fault14-condition6-10.csv,14,6,10,False,missing_expected_sample,,missing_expected_sample,200.0,,0,0,Fault14-condition6-opening10
,Fault14/Fault14-condition6/Fault14-condition6-11.csv,14,6,11,False,missing_expected_sample,,missing_expected_sample,200.0,,0,0,Fault14-condition6-opening11
,Fault14/Fault14-condition6/Fault14-condition6-12.csv,14,6,12,False,missing_expected_sample,,missing_expected_sample,200.0,,0,0,Fault14-condition6-opening12
,Fault14/Fault14-condition6/Fault14-condition6-13.csv,14,6,13,False,missing_expected_sample,,missing_expected_sample,200.0,,0,0,Fault14-condition6-opening13
,Fault14/Fault14-condition6/Fault14-condition6-14.csv,14,6,14,False,missing_expected_sample,,missing_expected_sample,200.0,,0,0,Fault14-condition6-opening14
,Fault14/Fault14-condition6/Fault14-condition6-15.csv,14,6,15,False,missing_expected_sample,,missing_expected_sample,200.0,,0,0,Fault14-condition6-opening15
,Fault14/Fault14-condition6/Fault14-condition6-16.csv,14,6,16,False,missing_expected_sample,,missing_expected_sample,200.0,,0,0,Fault14-condition6-opening16
,Fault14/Fault14-condition6/Fault14-condition6-17.csv,14,6,17,False,missing_expected_sample,,missing_expected_sample,200.0,,0,0,Fault14-condition6-opening17
,Fault14/Fault14-condition6/Fault14-condition6-18.csv,14,6,18,False,missing_expected_sample,,missing_expected_sample,200.0,,0,0,Fault14-condition6-opening18
,Fault14/Fault14-condition6/Fault14-condition6-19.csv,14,6,19,False,missing_expected_sample,,missing_expected_sample,200.0,,0,0,Fault14-condition6-opening19
,Fault14/Fault14-condition6/Fault14-condition6-20.csv,14,6,20,False,missing_expected_sample,,missing_expected_sample,200.0,,0,0,Fault14-condition6-opening20
,Fault14/Fault14-condition7/Fault14-condition7-1.csv,14,7,1,False,missing_expected_sample,,missing_expected_sample,200.0,,0,0,Fault14-condition7-opening1
,Fault14/Fault14-condition7/Fault14-condition7-2.csv,14,7,2,False,missing_expected_sample,,missing_expected_sample,200.0,,0,0,Fault14-condition7-opening2
,Fault14/Fault14-condition7/Fault14-condition7-3.csv,14,7,3,False,missing_expected_sample,,missing_expected_sample,200.0,,0,0,Fault14-condition7-opening3
,Fault14/Fault14-condition7/Fault14-condition7-4.csv,14,7,4,False,missing_expected_sample,,missing_expected_sample,200.0,,0,0,Fault14-condition7-opening4
,Fault14/Fault14-condition7/Fault14-condition7-5.csv,14,7,5,False,missing_expected_sample,,missing_expected_sample,200.0,,0,0,Fault14-condition7-opening5
,Fault14/Fault14-condition7/Fault14-condition7-6.csv,14,7,6,False,missing_expected_sample,,missing_expected_sample,200.0,,0,0,Fault14-condition7-opening6
,Fault14/Fault14-condition7/Fault14-condition7-7.csv,14,7,7,False,missing_expected_sample,,missing_expected_sample,200.0,,0,0,Fault14-condition7-opening7
,Fault14/Fault14-condition7/Fault14-condition7-8.csv,14,7,8,False,missing_expected_sample,,missing_expected_sample,200.0,,0,0,Fault14-condition7-opening8
,Fault14/Fault14-condition7/Fault14-condition7-9.csv,14,7,9,False,missing_expected_sample,,missing_expected_sample,200.0,,0,0,Fault14-condition7-opening9
,Fault14/Fault14-condition7/Fault14-condition7-10.csv,14,7,10,False,missing_expected_sample,,missing_expected_sample,200.0,,0,0,Fault14-condition7-opening10
,Fault14/Fault14-condition7/Fault14-condition7-11.csv,14,7,11,False,missing_expected_sample,,missing_expected_sample,200.0,,0,0,Fault14-condition7-opening11
,Fault14/Fault14-condition7/Fault14-condition7-12.csv,14,7,12,False,missing_expected_sample,,missing_expected_sample,200.0,,0,0,Fault14-condition7-opening12
,Fault14/Fault14-condition7/Fault14-condition7-13.csv,14,7,13,False,missing_expected_sample,,missing_expected_sample,200.0,,0,0,Fault14-condition7-opening13
,Fault14/Fault14-condition7/Fault14-condition7-14.csv,14,7,14,False,missing_expected_sample,,missing_expected_sample,200.0,,0,0,Fault14-condition7-opening14
,Fault14/Fault14-condition7/Fault14-condition7-15.csv,14,7,15,False,missing_expected_sample,,missing_expected_sample,200.0,,0,0,Fault14-condition7-opening15
,Fault14/Fault14-condition7/Fault14-condition7-16.csv,14,7,16,False,missing_expected_sample,,missing_expected_sample,200.0,,0,0,Fault14-condition7-opening16
,Fault14/Fault14-condition7/Fault14-condition7-17.csv,14,7,17,False,missing_expected_sample,,missing_expected_sample,200.0,,0,0,Fault14-condition7-opening17
,Fault14/Fault14-condition7/Fault14-condition7-18.csv,14,7,18,False,missing_expected_sample,,missing_expected_sample,200.0,,0,0,Fault14-condition7-opening18
,Fault14/Fault14-condition7/Fault14-condition7-19.csv,14,7,19,False,missing_expected_sample,,missing_expected_sample,200.0,,0,0,Fault14-condition7-opening19
,Fault14/Fault14-condition7/Fault14-condition7-20.csv,14,7,20,False,missing_expected_sample,,missing_expected_sample,200.0,,0,0,Fault14-condition7-opening20
,Fault14/Fault14-condition8/Fault14-condition8-1.csv,14,8,1,False,missing_expected_sample,,missing_expected_sample,200.0,,0,0,Fault14-condition8-opening1
,Fault14/Fault14-condition8/Fault14-condition8-2.csv,14,8,2,False,missing_expected_sample,,missing_expected_sample,200.0,,0,0,Fault14-condition8-opening2
,Fault14/Fault14-condition8/Fault14-condition8-3.csv,14,8,3,False,missing_expected_sample,,missing_expected_sample,200.0,,0,0,Fault14-condition8-opening3
,Fault14/Fault14-condition8/Fault14-condition8-4.csv,14,8,4,False,missing_expected_sample,,missing_expected_sample,200.0,,0,0,Fault14-condition8-opening4
,Fault14/Fault14-condition8/Fault14-condition8-5.csv,14,8,5,False,missing_expected_sample,,missing_expected_sample,200.0,,0,0,Fault14-condition8-opening5
,Fault14/Fault14-condition8/Fault14-condition8-6.csv,14,8,6,False,missing_expected_sample,,missing_expected_sample,200.0,,0,0,Fault14-condition8-opening6
,Fault14/Fault14-condition8/Fault14-condition8-7.csv,14,8,7,False,missing_expected_sample,,missing_expected_sample,200.0,,0,0,Fault14-condition8-opening7
,Fault14/Fault14-condition8/Fault14-condition8-8.csv,14,8,8,False,missing_expected_sample,,missing_expected_sample,200.0,,0,0,Fault14-condition8-opening8
,Fault14/Fault14-condition8/Fault14-condition8-9.csv,14,8,9,False,missing_expected_sample,,missing_expected_sample,200.0,,0,0,Fault14-condition8-opening9
,Fault14/Fault14-condition8/Fault14-condition8-10.csv,14,8,10,False,missing_expected_sample,,missing_expected_sample,200.0,,0,0,Fault14-condition8-opening10
,Fault14/Fault14-condition8/Fault14-condition8-11.csv,14,8,11,False,missing_expected_sample,,missing_expected_sample,200.0,,0,0,Fault14-condition8-opening11
,Fault14/Fault14-condition8/Fault14-condition8-12.csv,14,8,12,False,missing_expected_sample,,missing_expected_sample,200.0,,0,0,Fault14-condition8-opening12
,Fault14/Fault14-condition8/Fault14-condition8-13.csv,14,8,13,False,missing_expected_sample,,missing_expected_sample,200.0,,0,0,Fault14-condition8-opening13
,Fault14/Fault14-condition8/Fault14-condition8-14.csv,14,8,14,False,missing_expected_sample,,missing_expected_sample,200.0,,0,0,Fault14-condition8-opening14
,Fault14/Fault14-condition8/Fault14-condition8-15.csv,14,8,15,False,missing_expected_sample,,missing_expected_sample,200.0,,0,0,Fault14-condition8-opening15
,Fault14/Fault14-condition8/Fault14-condition8-16.csv,14,8,16,False,missing_expected_sample,,missing_expected_sample,200.0,,0,0,Fault14-condition8-opening16
,Fault14/Fault14-condition8/Fault14-condition8-17.csv,14,8,17,False,missing_expected_sample,,missing_expected_sample,200.0,,0,0,Fault14-condition8-opening17
,Fault14/Fault14-condition8/Fault14-condition8-18.csv,14,8,18,False,missing_expected_sample,,missing_expected_sample,200.0,,0,0,Fault14-condition8-opening18
,Fault14/Fault14-condition8/Fault14-condition8-19.csv,14,8,19,False,missing_expected_sample,,missing_expected_sample,200.0,,0,0,Fault14-condition8-opening19
,Fault14/Fault14-condition8/Fault14-condition8-20.csv,14,8,20,False,missing_expected_sample,,missing_expected_sample,200.0,,0,0,Fault14-condition8-opening20
,Fault14/Fault14-condition9/Fault14-condition9-1.csv,14,9,1,False,missing_expected_sample,,missing_expected_sample,200.0,,0,0,Fault14-condition9-opening1
,Fault14/Fault14-condition9/Fault14-condition9-2.csv,14,9,2,False,missing_expected_sample,,missing_expected_sample,200.0,,0,0,Fault14-condition9-opening2
,Fault14/Fault14-condition9/Fault14-condition9-3.csv,14,9,3,False,missing_expected_sample,,missing_expected_sample,200.0,,0,0,Fault14-condition9-opening3
,Fault14/Fault14-condition9/Fault14-condition9-4.csv,14,9,4,False,missing_expected_sample,,missing_expected_sample,200.0,,0,0,Fault14-condition9-opening4
,Fault14/Fault14-condition9/Fault14-condition9-5.csv,14,9,5,False,missing_expected_sample,,missing_expected_sample,200.0,,0,0,Fault14-condition9-opening5
,Fault14/Fault14-condition9/Fault14-condition9-6.csv,14,9,6,False,missing_expected_sample,,missing_expected_sample,200.0,,0,0,Fault14-condition9-opening6
,Fault14/Fault14-condition9/Fault14-condition9-7.csv,14,9,7,False,missing_expected_sample,,missing_expected_sample,200.0,,0,0,Fault14-condition9-opening7
,Fault14/Fault14-condition9/Fault14-condition9-8.csv,14,9,8,False,missing_expected_sample,,missing_expected_sample,200.0,,0,0,Fault14-condition9-opening8
,Fault14/Fault14-condition9/Fault14-condition9-9.csv,14,9,9,False,missing_expected_sample,,missing_expected_sample,200.0,,0,0,Fault14-condition9-opening9
,Fault14/Fault14-condition9/Fault14-condition9-10.csv,14,9,10,False,missing_expected_sample,,missing_expected_sample,200.0,,0,0,Fault14-condition9-opening10
,Fault14/Fault14-condition9/Fault14-condition9-11.csv,14,9,11,False,missing_expected_sample,,missing_expected_sample,200.0,,0,0,Fault14-condition9-opening11
,Fault14/Fault14-condition9/Fault14-condition9-12.csv,14,9,12,False,missing_expected_sample,,missing_expected_sample,200.0,,0,0,Fault14-condition9-opening12
,Fault14/Fault14-condition9/Fault14-condition9-13.csv,14,9,13,False,missing_expected_sample,,missing_expected_sample,200.0,,0,0,Fault14-condition9-opening13
,Fault14/Fault14-condition9/Fault14-condition9-14.csv,14,9,14,False,missing_expected_sample,,missing_expected_sample,200.0,,0,0,Fault14-condition9-opening14
,Fault14/Fault14-condition9/Fault14-condition9-15.csv,14,9,15,False,missing_expected_sample,,missing_expected_sample,200.0,,0,0,Fault14-condition9-opening15
,Fault14/Fault14-condition9/Fault14-condition9-16.csv,14,9,16,False,missing_expected_sample,,missing_expected_sample,200.0,,0,0,Fault14-condition9-opening16
,Fault14/Fault14-condition9/Fault14-condition9-17.csv,14,9,17,False,missing_expected_sample,,missing_expected_sample,200.0,,0,0,Fault14-condition9-opening17
,Fault14/Fault14-condition9/Fault14-condition9-18.csv,14,9,18,False,missing_expected_sample,,missing_expected_sample,200.0,,0,0,Fault14-condition9-opening18
,Fault14/Fault14-condition9/Fault14-condition9-19.csv,14,9,19,False,missing_expected_sample,,missing_expected_sample,200.0,,0,0,Fault14-condition9-opening19
,Fault14/Fault14-condition9/Fault14-condition9-20.csv,14,9,20,False,missing_expected_sample,,missing_expected_sample,200.0,,0,0,Fault14-condition9-opening20
,Fault14/Fault14-condition10/Fault14-condition10-1.csv,14,10,1,False,missing_expected_sample,,missing_expected_sample,200.0,,0,0,Fault14-condition10-opening1
,Fault14/Fault14-condition10/Fault14-condition10-2.csv,14,10,2,False,missing_expected_sample,,missing_expected_sample,200.0,,0,0,Fault14-condition10-opening2
,Fault14/Fault14-condition10/Fault14-condition10-3.csv,14,10,3,False,missing_expected_sample,,missing_expected_sample,200.0,,0,0,Fault14-condition10-opening3
,Fault14/Fault14-condition10/Fault14-condition10-4.csv,14,10,4,False,missing_expected_sample,,missing_expected_sample,200.0,,0,0,Fault14-condition10-opening4
,Fault14/Fault14-condition10/Fault14-condition10-5.csv,14,10,5,False,missing_expected_sample,,missing_expected_sample,200.0,,0,0,Fault14-condition10-opening5
,Fault14/Fault14-condition10/Fault14-condition10-6.csv,14,10,6,False,missing_expected_sample,,missing_expected_sample,200.0,,0,0,Fault14-condition10-opening6
,Fault14/Fault14-condition10/Fault14-condition10-7.csv,14,10,7,False,missing_expected_sample,,missing_expected_sample,200.0,,0,0,Fault14-condition10-opening7
,Fault14/Fault14-condition10/Fault14-condition10-8.csv,14,10,8,False,missing_expected_sample,,missing_expected_sample,200.0,,0,0,Fault14-condition10-opening8
,Fault14/Fault14-condition10/Fault14-condition10-9.csv,14,10,9,False,missing_expected_sample,,missing_expected_sample,200.0,,0,0,Fault14-condition10-opening9
,Fault14/Fault14-condition10/Fault14-condition10-10.csv,14,10,10,False,missing_expected_sample,,missing_expected_sample,200.0,,0,0,Fault14-condition10-opening10
,Fault14/Fault14-condition10/Fault14-condition10-11.csv,14,10,11,False,missing_expected_sample,,missing_expected_sample,200.0,,0,0,Fault14-condition10-opening11
,Fault14/Fault14-condition10/Fault14-condition10-12.csv,14,10,12,False,missing_expected_sample,,missing_expected_sample,200.0,,0,0,Fault14-condition10-opening12
,Fault14/Fault14-condition10/Fault14-condition10-13.csv,14,10,13,False,missing_expected_sample,,missing_expected_sample,200.0,,0,0,Fault14-condition10-opening13
,Fault14/Fault14-condition10/Fault14-condition10-14.csv,14,10,14,False,missing_expected_sample,,missing_expected_sample,200.0,,0,0,Fault14-condition10-opening14
,Fault14/Fault14-condition10/Fault14-condition10-15.csv,14,10,15,False,missing_expected_sample,,missing_expected_sample,200.0,,0,0,Fault14-condition10-opening15
,Fault14/Fault14-condition10/Fault14-condition10-16.csv,14,10,16,False,missing_expected_sample,,missing_expected_sample,200.0,,0,0,Fault14-condition10-opening16
,Fault14/Fault14-condition10/Fault14-condition10-17.csv,14,10,17,False,missing_expected_sample,,missing_expected_sample,200.0,,0,0,Fault14-condition10-opening17
,Fault14/Fault14-condition10/Fault14-condition10-18.csv,14,10,18,False,missing_expected_sample,,missing_expected_sample,200.0,,0,0,Fault14-condition10-opening18
,Fault14/Fault14-condition10/Fault14-condition10-19.csv,14,10,19,False,missing_expected_sample,,missing_expected_sample,200.0,,0,0,Fault14-condition10-opening19
,Fault14/Fault14-condition10/Fault14-condition10-20.csv,14,10,20,False,missing_expected_sample,,missing_expected_sample,200.0,,0,0,Fault14-condition10-opening20
,Fault15/Fault15-condition1/Fault15-condition1-1.csv,15,1,1,False,missing_expected_sample,,missing_expected_sample,200.0,,0,0,Fault15-condition1-opening1
,Fault15/Fault15-condition1/Fault15-condition1-2.csv,15,1,2,False,missing_expected_sample,,missing_expected_sample,200.0,,0,0,Fault15-condition1-opening2
,Fault15/Fault15-condition1/Fault15-condition1-3.csv,15,1,3,False,missing_expected_sample,,missing_expected_sample,200.0,,0,0,Fault15-condition1-opening3
,Fault15/Fault15-condition1/Fault15-condition1-4.csv,15,1,4,False,missing_expected_sample,,missing_expected_sample,200.0,,0,0,Fault15-condition1-opening4
,Fault15/Fault15-condition1/Fault15-condition1-5.csv,15,1,5,False,missing_expected_sample,,missing_expected_sample,200.0,,0,0,Fault15-condition1-opening5
,Fault15/Fault15-condition1/Fault15-condition1-6.csv,15,1,6,False,missing_expected_sample,,missing_expected_sample,200.0,,0,0,Fault15-condition1-opening6
,Fault15/Fault15-condition1/Fault15-condition1-7.csv,15,1,7,False,missing_expected_sample,,missing_expected_sample,200.0,,0,0,Fault15-condition1-opening7
,Fault15/Fault15-condition1/Fault15-condition1-8.csv,15,1,8,False,missing_expected_sample,,missing_expected_sample,200.0,,0,0,Fault15-condition1-opening8
,Fault15/Fault15-condition1/Fault15-condition1-9.csv,15,1,9,False,missing_expected_sample,,missing_expected_sample,200.0,,0,0,Fault15-condition1-opening9
,Fault15/Fault15-condition1/Fault15-condition1-10.csv,15,1,10,False,missing_expected_sample,,missing_expected_sample,200.0,,0,0,Fault15-condition1-opening10
,Fault15/Fault15-condition1/Fault15-condition1-11.csv,15,1,11,False,missing_expected_sample,,missing_expected_sample,200.0,,0,0,Fault15-condition1-opening11
,Fault15/Fault15-condition1/Fault15-condition1-12.csv,15,1,12,False,missing_expected_sample,,missing_expected_sample,200.0,,0,0,Fault15-condition1-opening12
,Fault15/Fault15-condition1/Fault15-condition1-13.csv,15,1,13,False,missing_expected_sample,,missing_expected_sample,200.0,,0,0,Fault15-condition1-opening13
,Fault15/Fault15-condition1/Fault15-condition1-14.csv,15,1,14,False,missing_expected_sample,,missing_expected_sample,200.0,,0,0,Fault15-condition1-opening14
,Fault15/Fault15-condition1/Fault15-condition1-15.csv,15,1,15,False,missing_expected_sample,,missing_expected_sample,200.0,,0,0,Fault15-condition1-opening15
,Fault15/Fault15-condition1/Fault15-condition1-16.csv,15,1,16,False,missing_expected_sample,,missing_expected_sample,200.0,,0,0,Fault15-condition1-opening16
,Fault15/Fault15-condition1/Fault15-condition1-17.csv,15,1,17,False,missing_expected_sample,,missing_expected_sample,200.0,,0,0,Fault15-condition1-opening17
,Fault15/Fault15-condition1/Fault15-condition1-18.csv,15,1,18,False,missing_expected_sample,,missing_expected_sample,200.0,,0,0,Fault15-condition1-opening18
,Fault15/Fault15-condition1/Fault15-condition1-19.csv,15,1,19,False,missing_expected_sample,,missing_expected_sample,200.0,,0,0,Fault15-condition1-opening19
,Fault15/Fault15-condition1/Fault15-condition1-20.csv,15,1,20,False,missing_expected_sample,,missing_expected_sample,200.0,,0,0,Fault15-condition1-opening20
,Fault15/Fault15-condition2/Fault15-condition2-1.csv,15,2,1,False,missing_expected_sample,,missing_expected_sample,200.0,,0,0,Fault15-condition2-opening1
,Fault15/Fault15-condition2/Fault15-condition2-2.csv,15,2,2,False,missing_expected_sample,,missing_expected_sample,200.0,,0,0,Fault15-condition2-opening2
,Fault15/Fault15-condition2/Fault15-condition2-3.csv,15,2,3,False,missing_expected_sample,,missing_expected_sample,200.0,,0,0,Fault15-condition2-opening3
,Fault15/Fault15-condition2/Fault15-condition2-4.csv,15,2,4,False,missing_expected_sample,,missing_expected_sample,200.0,,0,0,Fault15-condition2-opening4
,Fault15/Fault15-condition2/Fault15-condition2-5.csv,15,2,5,False,missing_expected_sample,,missing_expected_sample,200.0,,0,0,Fault15-condition2-opening5
,Fault15/Fault15-condition2/Fault15-condition2-6.csv,15,2,6,False,missing_expected_sample,,missing_expected_sample,200.0,,0,0,Fault15-condition2-opening6
,Fault15/Fault15-condition2/Fault15-condition2-7.csv,15,2,7,False,missing_expected_sample,,missing_expected_sample,200.0,,0,0,Fault15-condition2-opening7
,Fault15/Fault15-condition2/Fault15-condition2-8.csv,15,2,8,False,missing_expected_sample,,missing_expected_sample,200.0,,0,0,Fault15-condition2-opening8
,Fault15/Fault15-condition2/Fault15-condition2-9.csv,15,2,9,False,missing_expected_sample,,missing_expected_sample,200.0,,0,0,Fault15-condition2-opening9
,Fault15/Fault15-condition2/Fault15-condition2-10.csv,15,2,10,False,missing_expected_sample,,missing_expected_sample,200.0,,0,0,Fault15-condition2-opening10
,Fault15/Fault15-condition2/Fault15-condition2-11.csv,15,2,11,False,missing_expected_sample,,missing_expected_sample,200.0,,0,0,Fault15-condition2-opening11
,Fault15/Fault15-condition2/Fault15-condition2-12.csv,15,2,12,False,missing_expected_sample,,missing_expected_sample,200.0,,0,0,Fault15-condition2-opening12
,Fault15/Fault15-condition2/Fault15-condition2-13.csv,15,2,13,False,missing_expected_sample,,missing_expected_sample,200.0,,0,0,Fault15-condition2-opening13
,Fault15/Fault15-condition2/Fault15-condition2-14.csv,15,2,14,False,missing_expected_sample,,missing_expected_sample,200.0,,0,0,Fault15-condition2-opening14
,Fault15/Fault15-condition2/Fault15-condition2-15.csv,15,2,15,False,missing_expected_sample,,missing_expected_sample,200.0,,0,0,Fault15-condition2-opening15
,Fault15/Fault15-condition2/Fault15-condition2-16.csv,15,2,16,False,missing_expected_sample,,missing_expected_sample,200.0,,0,0,Fault15-condition2-opening16
,Fault15/Fault15-condition2/Fault15-condition2-17.csv,15,2,17,False,missing_expected_sample,,missing_expected_sample,200.0,,0,0,Fault15-condition2-opening17
,Fault15/Fault15-condition2/Fault15-condition2-18.csv,15,2,18,False,missing_expected_sample,,missing_expected_sample,200.0,,0,0,Fault15-condition2-opening18
,Fault15/Fault15-condition2/Fault15-condition2-19.csv,15,2,19,False,missing_expected_sample,,missing_expected_sample,200.0,,0,0,Fault15-condition2-opening19
,Fault15/Fault15-condition2/Fault15-condition2-20.csv,15,2,20,False,missing_expected_sample,,missing_expected_sample,200.0,,0,0,Fault15-condition2-opening20
,Fault15/Fault15-condition3/Fault15-condition3-1.csv,15,3,1,False,missing_expected_sample,,missing_expected_sample,200.0,,0,0,Fault15-condition3-opening1
,Fault15/Fault15-condition3/Fault15-condition3-2.csv,15,3,2,False,missing_expected_sample,,missing_expected_sample,200.0,,0,0,Fault15-condition3-opening2
,Fault15/Fault15-condition3/Fault15-condition3-3.csv,15,3,3,False,missing_expected_sample,,missing_expected_sample,200.0,,0,0,Fault15-condition3-opening3
,Fault15/Fault15-condition3/Fault15-condition3-4.csv,15,3,4,False,missing_expected_sample,,missing_expected_sample,200.0,,0,0,Fault15-condition3-opening4
,Fault15/Fault15-condition3/Fault15-condition3-5.csv,15,3,5,False,missing_expected_sample,,missing_expected_sample,200.0,,0,0,Fault15-condition3-opening5
,Fault15/Fault15-condition3/Fault15-condition3-6.csv,15,3,6,False,missing_expected_sample,,missing_expected_sample,200.0,,0,0,Fault15-condition3-opening6
,Fault15/Fault15-condition3/Fault15-condition3-7.csv,15,3,7,False,missing_expected_sample,,missing_expected_sample,200.0,,0,0,Fault15-condition3-opening7
,Fault15/Fault15-condition3/Fault15-condition3-8.csv,15,3,8,False,missing_expected_sample,,missing_expected_sample,200.0,,0,0,Fault15-condition3-opening8
,Fault15/Fault15-condition3/Fault15-condition3-9.csv,15,3,9,False,missing_expected_sample,,missing_expected_sample,200.0,,0,0,Fault15-condition3-opening9
,Fault15/Fault15-condition3/Fault15-condition3-10.csv,15,3,10,False,missing_expected_sample,,missing_expected_sample,200.0,,0,0,Fault15-condition3-opening10
,Fault15/Fault15-condition3/Fault15-condition3-11.csv,15,3,11,False,missing_expected_sample,,missing_expected_sample,200.0,,0,0,Fault15-condition3-opening11
,Fault15/Fault15-condition3/Fault15-condition3-12.csv,15,3,12,False,missing_expected_sample,,missing_expected_sample,200.0,,0,0,Fault15-condition3-opening12
,Fault15/Fault15-condition3/Fault15-condition3-13.csv,15,3,13,False,missing_expected_sample,,missing_expected_sample,200.0,,0,0,Fault15-condition3-opening13
,Fault15/Fault15-condition3/Fault15-condition3-14.csv,15,3,14,False,missing_expected_sample,,missing_expected_sample,200.0,,0,0,Fault15-condition3-opening14
,Fault15/Fault15-condition3/Fault15-condition3-15.csv,15,3,15,False,missing_expected_sample,,missing_expected_sample,200.0,,0,0,Fault15-condition3-opening15
,Fault15/Fault15-condition3/Fault15-condition3-16.csv,15,3,16,False,missing_expected_sample,,missing_expected_sample,200.0,,0,0,Fault15-condition3-opening16
,Fault15/Fault15-condition3/Fault15-condition3-17.csv,15,3,17,False,missing_expected_sample,,missing_expected_sample,200.0,,0,0,Fault15-condition3-opening17
,Fault15/Fault15-condition3/Fault15-condition3-18.csv,15,3,18,False,missing_expected_sample,,missing_expected_sample,200.0,,0,0,Fault15-condition3-opening18
,Fault15/Fault15-condition3/Fault15-condition3-19.csv,15,3,19,False,missing_expected_sample,,missing_expected_sample,200.0,,0,0,Fault15-condition3-opening19
,Fault15/Fault15-condition3/Fault15-condition3-20.csv,15,3,20,False,missing_expected_sample,,missing_expected_sample,200.0,,0,0,Fault15-condition3-opening20
,Fault15/Fault15-condition4/Fault15-condition4-1.csv,15,4,1,False,missing_expected_sample,,missing_expected_sample,200.0,,0,0,Fault15-condition4-opening1
,Fault15/Fault15-condition4/Fault15-condition4-2.csv,15,4,2,False,missing_expected_sample,,missing_expected_sample,200.0,,0,0,Fault15-condition4-opening2
,Fault15/Fault15-condition4/Fault15-condition4-3.csv,15,4,3,False,missing_expected_sample,,missing_expected_sample,200.0,,0,0,Fault15-condition4-opening3
,Fault15/Fault15-condition4/Fault15-condition4-4.csv,15,4,4,False,missing_expected_sample,,missing_expected_sample,200.0,,0,0,Fault15-condition4-opening4
,Fault15/Fault15-condition4/Fault15-condition4-5.csv,15,4,5,False,missing_expected_sample,,missing_expected_sample,200.0,,0,0,Fault15-condition4-opening5
,Fault15/Fault15-condition4/Fault15-condition4-6.csv,15,4,6,False,missing_expected_sample,,missing_expected_sample,200.0,,0,0,Fault15-condition4-opening6
,Fault15/Fault15-condition4/Fault15-condition4-7.csv,15,4,7,False,missing_expected_sample,,missing_expected_sample,200.0,,0,0,Fault15-condition4-opening7
,Fault15/Fault15-condition4/Fault15-condition4-8.csv,15,4,8,False,missing_expected_sample,,missing_expected_sample,200.0,,0,0,Fault15-condition4-opening8
,Fault15/Fault15-condition4/Fault15-condition4-9.csv,15,4,9,False,missing_expected_sample,,missing_expected_sample,200.0,,0,0,Fault15-condition4-opening9
,Fault15/Fault15-condition4/Fault15-condition4-10.csv,15,4,10,False,missing_expected_sample,,missing_expected_sample,200.0,,0,0,Fault15-condition4-opening10
,Fault15/Fault15-condition4/Fault15-condition4-11.csv,15,4,11,False,missing_expected_sample,,missing_expected_sample,200.0,,0,0,Fault15-condition4-opening11
,Fault15/Fault15-condition4/Fault15-condition4-12.csv,15,4,12,False,missing_expected_sample,,missing_expected_sample,200.0,,0,0,Fault15-condition4-opening12
,Fault15/Fault15-condition4/Fault15-condition4-13.csv,15,4,13,False,missing_expected_sample,,missing_expected_sample,200.0,,0,0,Fault15-condition4-opening13
,Fault15/Fault15-condition4/Fault15-condition4-14.csv,15,4,14,False,missing_expected_sample,,missing_expected_sample,200.0,,0,0,Fault15-condition4-opening14
,Fault15/Fault15-condition4/Fault15-condition4-15.csv,15,4,15,False,missing_expected_sample,,missing_expected_sample,200.0,,0,0,Fault15-condition4-opening15
,Fault15/Fault15-condition4/Fault15-condition4-16.csv,15,4,16,False,missing_expected_sample,,missing_expected_sample,200.0,,0,0,Fault15-condition4-opening16
,Fault15/Fault15-condition4/Fault15-condition4-17.csv,15,4,17,False,missing_expected_sample,,missing_expected_sample,200.0,,0,0,Fault15-condition4-opening17
,Fault15/Fault15-condition4/Fault15-condition4-18.csv,15,4,18,False,missing_expected_sample,,missing_expected_sample,200.0,,0,0,Fault15-condition4-opening18
,Fault15/Fault15-condition4/Fault15-condition4-19.csv,15,4,19,False,missing_expected_sample,,missing_expected_sample,200.0,,0,0,Fault15-condition4-opening19
,Fault15/Fault15-condition4/Fault15-condition4-20.csv,15,4,20,False,missing_expected_sample,,missing_expected_sample,200.0,,0,0,Fault15-condition4-opening20
,Fault15/Fault15-condition5/Fault15-condition5-1.csv,15,5,1,False,missing_expected_sample,,missing_expected_sample,200.0,,0,0,Fault15-condition5-opening1
,Fault15/Fault15-condition5/Fault15-condition5-2.csv,15,5,2,False,missing_expected_sample,,missing_expected_sample,200.0,,0,0,Fault15-condition5-opening2
,Fault15/Fault15-condition5/Fault15-condition5-3.csv,15,5,3,False,missing_expected_sample,,missing_expected_sample,200.0,,0,0,Fault15-condition5-opening3
,Fault15/Fault15-condition5/Fault15-condition5-4.csv,15,5,4,False,missing_expected_sample,,missing_expected_sample,200.0,,0,0,Fault15-condition5-opening4
,Fault15/Fault15-condition5/Fault15-condition5-5.csv,15,5,5,False,missing_expected_sample,,missing_expected_sample,200.0,,0,0,Fault15-condition5-opening5
,Fault15/Fault15-condition5/Fault15-condition5-6.csv,15,5,6,False,missing_expected_sample,,missing_expected_sample,200.0,,0,0,Fault15-condition5-opening6
,Fault15/Fault15-condition5/Fault15-condition5-7.csv,15,5,7,False,missing_expected_sample,,missing_expected_sample,200.0,,0,0,Fault15-condition5-opening7
,Fault15/Fault15-condition5/Fault15-condition5-8.csv,15,5,8,False,missing_expected_sample,,missing_expected_sample,200.0,,0,0,Fault15-condition5-opening8
,Fault15/Fault15-condition5/Fault15-condition5-9.csv,15,5,9,False,missing_expected_sample,,missing_expected_sample,200.0,,0,0,Fault15-condition5-opening9
,Fault15/Fault15-condition5/Fault15-condition5-10.csv,15,5,10,False,missing_expected_sample,,missing_expected_sample,200.0,,0,0,Fault15-condition5-opening10
,Fault15/Fault15-condition5/Fault15-condition5-11.csv,15,5,11,False,missing_expected_sample,,missing_expected_sample,200.0,,0,0,Fault15-condition5-opening11
,Fault15/Fault15-condition5/Fault15-condition5-12.csv,15,5,12,False,missing_expected_sample,,missing_expected_sample,200.0,,0,0,Fault15-condition5-opening12
,Fault15/Fault15-condition5/Fault15-condition5-13.csv,15,5,13,False,missing_expected_sample,,missing_expected_sample,200.0,,0,0,Fault15-condition5-opening13
,Fault15/Fault15-condition5/Fault15-condition5-14.csv,15,5,14,False,missing_expected_sample,,missing_expected_sample,200.0,,0,0,Fault15-condition5-opening14
,Fault15/Fault15-condition5/Fault15-condition5-15.csv,15,5,15,False,missing_expected_sample,,missing_expected_sample,200.0,,0,0,Fault15-condition5-opening15
,Fault15/Fault15-condition5/Fault15-condition5-16.csv,15,5,16,False,missing_expected_sample,,missing_expected_sample,200.0,,0,0,Fault15-condition5-opening16
,Fault15/Fault15-condition5/Fault15-condition5-17.csv,15,5,17,False,missing_expected_sample,,missing_expected_sample,200.0,,0,0,Fault15-condition5-opening17
,Fault15/Fault15-condition5/Fault15-condition5-18.csv,15,5,18,False,missing_expected_sample,,missing_expected_sample,200.0,,0,0,Fault15-condition5-opening18
,Fault15/Fault15-condition5/Fault15-condition5-19.csv,15,5,19,False,missing_expected_sample,,missing_expected_sample,200.0,,0,0,Fault15-condition5-opening19
,Fault15/Fault15-condition5/Fault15-condition5-20.csv,15,5,20,False,missing_expected_sample,,missing_expected_sample,200.0,,0,0,Fault15-condition5-opening20
,Fault15/Fault15-condition6/Fault15-condition6-1.csv,15,6,1,False,missing_expected_sample,,missing_expected_sample,200.0,,0,0,Fault15-condition6-opening1
,Fault15/Fault15-condition6/Fault15-condition6-2.csv,15,6,2,False,missing_expected_sample,,missing_expected_sample,200.0,,0,0,Fault15-condition6-opening2
,Fault15/Fault15-condition6/Fault15-condition6-3.csv,15,6,3,False,missing_expected_sample,,missing_expected_sample,200.0,,0,0,Fault15-condition6-opening3
,Fault15/Fault15-condition6/Fault15-condition6-4.csv,15,6,4,False,missing_expected_sample,,missing_expected_sample,200.0,,0,0,Fault15-condition6-opening4
,Fault15/Fault15-condition6/Fault15-condition6-5.csv,15,6,5,False,missing_expected_sample,,missing_expected_sample,200.0,,0,0,Fault15-condition6-opening5
,Fault15/Fault15-condition6/Fault15-condition6-6.csv,15,6,6,False,missing_expected_sample,,missing_expected_sample,200.0,,0,0,Fault15-condition6-opening6
,Fault15/Fault15-condition6/Fault15-condition6-7.csv,15,6,7,False,missing_expected_sample,,missing_expected_sample,200.0,,0,0,Fault15-condition6-opening7
,Fault15/Fault15-condition6/Fault15-condition6-8.csv,15,6,8,False,missing_expected_sample,,missing_expected_sample,200.0,,0,0,Fault15-condition6-opening8
,Fault15/Fault15-condition6/Fault15-condition6-9.csv,15,6,9,False,missing_expected_sample,,missing_expected_sample,200.0,,0,0,Fault15-condition6-opening9
,Fault15/Fault15-condition6/Fault15-condition6-10.csv,15,6,10,False,missing_expected_sample,,missing_expected_sample,200.0,,0,0,Fault15-condition6-opening10
,Fault15/Fault15-condition6/Fault15-condition6-11.csv,15,6,11,False,missing_expected_sample,,missing_expected_sample,200.0,,0,0,Fault15-condition6-opening11
,Fault15/Fault15-condition6/Fault15-condition6-12.csv,15,6,12,False,missing_expected_sample,,missing_expected_sample,200.0,,0,0,Fault15-condition6-opening12
,Fault15/Fault15-condition6/Fault15-condition6-13.csv,15,6,13,False,missing_expected_sample,,missing_expected_sample,200.0,,0,0,Fault15-condition6-opening13
,Fault15/Fault15-condition6/Fault15-condition6-14.csv,15,6,14,False,missing_expected_sample,,missing_expected_sample,200.0,,0,0,Fault15-condition6-opening14
,Fault15/Fault15-condition6/Fault15-condition6-15.csv,15,6,15,False,missing_expected_sample,,missing_expected_sample,200.0,,0,0,Fault15-condition6-opening15
,Fault15/Fault15-condition6/Fault15-condition6-16.csv,15,6,16,False,missing_expected_sample,,missing_expected_sample,200.0,,0,0,Fault15-condition6-opening16
,Fault15/Fault15-condition6/Fault15-condition6-17.csv,15,6,17,False,missing_expected_sample,,missing_expected_sample,200.0,,0,0,Fault15-condition6-opening17
,Fault15/Fault15-condition6/Fault15-condition6-18.csv,15,6,18,False,missing_expected_sample,,missing_expected_sample,200.0,,0,0,Fault15-condition6-opening18
,Fault15/Fault15-condition6/Fault15-condition6-19.csv,15,6,19,False,missing_expected_sample,,missing_expected_sample,200.0,,0,0,Fault15-condition6-opening19
,Fault15/Fault15-condition6/Fault15-condition6-20.csv,15,6,20,False,missing_expected_sample,,missing_expected_sample,200.0,,0,0,Fault15-condition6-opening20
,Fault15/Fault15-condition7/Fault15-condition7-1.csv,15,7,1,False,missing_expected_sample,,missing_expected_sample,200.0,,0,0,Fault15-condition7-opening1
,Fault15/Fault15-condition7/Fault15-condition7-2.csv,15,7,2,False,missing_expected_sample,,missing_expected_sample,200.0,,0,0,Fault15-condition7-opening2
,Fault15/Fault15-condition7/Fault15-condition7-3.csv,15,7,3,False,missing_expected_sample,,missing_expected_sample,200.0,,0,0,Fault15-condition7-opening3
,Fault15/Fault15-condition7/Fault15-condition7-4.csv,15,7,4,False,missing_expected_sample,,missing_expected_sample,200.0,,0,0,Fault15-condition7-opening4
,Fault15/Fault15-condition7/Fault15-condition7-5.csv,15,7,5,False,missing_expected_sample,,missing_expected_sample,200.0,,0,0,Fault15-condition7-opening5
,Fault15/Fault15-condition7/Fault15-condition7-6.csv,15,7,6,False,missing_expected_sample,,missing_expected_sample,200.0,,0,0,Fault15-condition7-opening6
,Fault15/Fault15-condition7/Fault15-condition7-7.csv,15,7,7,False,missing_expected_sample,,missing_expected_sample,200.0,,0,0,Fault15-condition7-opening7
,Fault15/Fault15-condition7/Fault15-condition7-8.csv,15,7,8,False,missing_expected_sample,,missing_expected_sample,200.0,,0,0,Fault15-condition7-opening8
,Fault15/Fault15-condition7/Fault15-condition7-9.csv,15,7,9,False,missing_expected_sample,,missing_expected_sample,200.0,,0,0,Fault15-condition7-opening9
,Fault15/Fault15-condition7/Fault15-condition7-10.csv,15,7,10,False,missing_expected_sample,,missing_expected_sample,200.0,,0,0,Fault15-condition7-opening10
,Fault15/Fault15-condition7/Fault15-condition7-11.csv,15,7,11,False,missing_expected_sample,,missing_expected_sample,200.0,,0,0,Fault15-condition7-opening11
,Fault15/Fault15-condition7/Fault15-condition7-12.csv,15,7,12,False,missing_expected_sample,,missing_expected_sample,200.0,,0,0,Fault15-condition7-opening12
,Fault15/Fault15-condition7/Fault15-condition7-13.csv,15,7,13,False,missing_expected_sample,,missing_expected_sample,200.0,,0,0,Fault15-condition7-opening13
,Fault15/Fault15-condition7/Fault15-condition7-14.csv,15,7,14,False,missing_expected_sample,,missing_expected_sample,200.0,,0,0,Fault15-condition7-opening14
,Fault15/Fault15-condition7/Fault15-condition7-15.csv,15,7,15,False,missing_expected_sample,,missing_expected_sample,200.0,,0,0,Fault15-condition7-opening15
,Fault15/Fault15-condition7/Fault15-condition7-16.csv,15,7,16,False,missing_expected_sample,,missing_expected_sample,200.0,,0,0,Fault15-condition7-opening16
,Fault15/Fault15-condition7/Fault15-condition7-17.csv,15,7,17,False,missing_expected_sample,,missing_expected_sample,200.0,,0,0,Fault15-condition7-opening17
,Fault15/Fault15-condition7/Fault15-condition7-18.csv,15,7,18,False,missing_expected_sample,,missing_expected_sample,200.0,,0,0,Fault15-condition7-opening18
,Fault15/Fault15-condition7/Fault15-condition7-19.csv,15,7,19,False,missing_expected_sample,,missing_expected_sample,200.0,,0,0,Fault15-condition7-opening19
,Fault15/Fault15-condition7/Fault15-condition7-20.csv,15,7,20,False,missing_expected_sample,,missing_expected_sample,200.0,,0,0,Fault15-condition7-opening20
,Fault15/Fault15-condition8/Fault15-condition8-1.csv,15,8,1,False,missing_expected_sample,,missing_expected_sample,200.0,,0,0,Fault15-condition8-opening1
,Fault15/Fault15-condition8/Fault15-condition8-2.csv,15,8,2,False,missing_expected_sample,,missing_expected_sample,200.0,,0,0,Fault15-condition8-opening2
,Fault15/Fault15-condition8/Fault15-condition8-3.csv,15,8,3,False,missing_expected_sample,,missing_expected_sample,200.0,,0,0,Fault15-condition8-opening3
,Fault15/Fault15-condition8/Fault15-condition8-4.csv,15,8,4,False,missing_expected_sample,,missing_expected_sample,200.0,,0,0,Fault15-condition8-opening4
,Fault15/Fault15-condition8/Fault15-condition8-5.csv,15,8,5,False,missing_expected_sample,,missing_expected_sample,200.0,,0,0,Fault15-condition8-opening5
,Fault15/Fault15-condition8/Fault15-condition8-6.csv,15,8,6,False,missing_expected_sample,,missing_expected_sample,200.0,,0,0,Fault15-condition8-opening6
,Fault15/Fault15-condition8/Fault15-condition8-7.csv,15,8,7,False,missing_expected_sample,,missing_expected_sample,200.0,,0,0,Fault15-condition8-opening7
,Fault15/Fault15-condition8/Fault15-condition8-8.csv,15,8,8,False,missing_expected_sample,,missing_expected_sample,200.0,,0,0,Fault15-condition8-opening8
,Fault15/Fault15-condition8/Fault15-condition8-9.csv,15,8,9,False,missing_expected_sample,,missing_expected_sample,200.0,,0,0,Fault15-condition8-opening9
,Fault15/Fault15-condition8/Fault15-condition8-10.csv,15,8,10,False,missing_expected_sample,,missing_expected_sample,200.0,,0,0,Fault15-condition8-opening10
,Fault15/Fault15-condition8/Fault15-condition8-11.csv,15,8,11,False,missing_expected_sample,,missing_expected_sample,200.0,,0,0,Fault15-condition8-opening11
,Fault15/Fault15-condition8/Fault15-condition8-12.csv,15,8,12,False,missing_expected_sample,,missing_expected_sample,200.0,,0,0,Fault15-condition8-opening12
,Fault15/Fault15-condition8/Fault15-condition8-13.csv,15,8,13,False,missing_expected_sample,,missing_expected_sample,200.0,,0,0,Fault15-condition8-opening13
,Fault15/Fault15-condition8/Fault15-condition8-14.csv,15,8,14,False,missing_expected_sample,,missing_expected_sample,200.0,,0,0,Fault15-condition8-opening14
,Fault15/Fault15-condition8/Fault15-condition8-15.csv,15,8,15,False,missing_expected_sample,,missing_expected_sample,200.0,,0,0,Fault15-condition8-opening15
,Fault15/Fault15-condition8/Fault15-condition8-16.csv,15,8,16,False,missing_expected_sample,,missing_expected_sample,200.0,,0,0,Fault15-condition8-opening16
,Fault15/Fault15-condition8/Fault15-condition8-17.csv,15,8,17,False,missing_expected_sample,,missing_expected_sample,200.0,,0,0,Fault15-condition8-opening17
,Fault15/Fault15-condition8/Fault15-condition8-18.csv,15,8,18,False,missing_expected_sample,,missing_expected_sample,200.0,,0,0,Fault15-condition8-opening18
,Fault15/Fault15-condition8/Fault15-condition8-19.csv,15,8,19,False,missing_expected_sample,,missing_expected_sample,200.0,,0,0,Fault15-condition8-opening19
,Fault15/Fault15-condition8/Fault15-condition8-20.csv,15,8,20,False,missing_expected_sample,,missing_expected_sample,200.0,,0,0,Fault15-condition8-opening20
,Fault15/Fault15-condition9/Fault15-condition9-1.csv,15,9,1,False,missing_expected_sample,,missing_expected_sample,200.0,,0,0,Fault15-condition9-opening1
,Fault15/Fault15-condition9/Fault15-condition9-2.csv,15,9,2,False,missing_expected_sample,,missing_expected_sample,200.0,,0,0,Fault15-condition9-opening2
,Fault15/Fault15-condition9/Fault15-condition9-3.csv,15,9,3,False,missing_expected_sample,,missing_expected_sample,200.0,,0,0,Fault15-condition9-opening3
,Fault15/Fault15-condition9/Fault15-condition9-4.csv,15,9,4,False,missing_expected_sample,,missing_expected_sample,200.0,,0,0,Fault15-condition9-opening4
,Fault15/Fault15-condition9/Fault15-condition9-5.csv,15,9,5,False,missing_expected_sample,,missing_expected_sample,200.0,,0,0,Fault15-condition9-opening5
,Fault15/Fault15-condition9/Fault15-condition9-6.csv,15,9,6,False,missing_expected_sample,,missing_expected_sample,200.0,,0,0,Fault15-condition9-opening6
,Fault15/Fault15-condition9/Fault15-condition9-7.csv,15,9,7,False,missing_expected_sample,,missing_expected_sample,200.0,,0,0,Fault15-condition9-opening7
,Fault15/Fault15-condition9/Fault15-condition9-8.csv,15,9,8,False,missing_expected_sample,,missing_expected_sample,200.0,,0,0,Fault15-condition9-opening8
,Fault15/Fault15-condition9/Fault15-condition9-9.csv,15,9,9,False,missing_expected_sample,,missing_expected_sample,200.0,,0,0,Fault15-condition9-opening9
,Fault15/Fault15-condition9/Fault15-condition9-10.csv,15,9,10,False,missing_expected_sample,,missing_expected_sample,200.0,,0,0,Fault15-condition9-opening10
,Fault15/Fault15-condition9/Fault15-condition9-11.csv,15,9,11,False,missing_expected_sample,,missing_expected_sample,200.0,,0,0,Fault15-condition9-opening11
,Fault15/Fault15-condition9/Fault15-condition9-12.csv,15,9,12,False,missing_expected_sample,,missing_expected_sample,200.0,,0,0,Fault15-condition9-opening12
,Fault15/Fault15-condition9/Fault15-condition9-13.csv,15,9,13,False,missing_expected_sample,,missing_expected_sample,200.0,,0,0,Fault15-condition9-opening13
,Fault15/Fault15-condition9/Fault15-condition9-14.csv,15,9,14,False,missing_expected_sample,,missing_expected_sample,200.0,,0,0,Fault15-condition9-opening14
,Fault15/Fault15-condition9/Fault15-condition9-15.csv,15,9,15,False,missing_expected_sample,,missing_expected_sample,200.0,,0,0,Fault15-condition9-opening15
,Fault15/Fault15-condition9/Fault15-condition9-16.csv,15,9,16,False,missing_expected_sample,,missing_expected_sample,200.0,,0,0,Fault15-condition9-opening16
,Fault15/Fault15-condition9/Fault15-condition9-17.csv,15,9,17,False,missing_expected_sample,,missing_expected_sample,200.0,,0,0,Fault15-condition9-opening17
,Fault15/Fault15-condition9/Fault15-condition9-18.csv,15,9,18,False,missing_expected_sample,,missing_expected_sample,200.0,,0,0,Fault15-condition9-opening18
,Fault15/Fault15-condition9/Fault15-condition9-19.csv,15,9,19,False,missing_expected_sample,,missing_expected_sample,200.0,,0,0,Fault15-condition9-opening19
,Fault15/Fault15-condition9/Fault15-condition9-20.csv,15,9,20,False,missing_expected_sample,,missing_expected_sample,200.0,,0,0,Fault15-condition9-opening20
,Fault15/Fault15-condition10/Fault15-condition10-1.csv,15,10,1,False,missing_expected_sample,,missing_expected_sample,200.0,,0,0,Fault15-condition10-opening1
,Fault15/Fault15-condition10/Fault15-condition10-2.csv,15,10,2,False,missing_expected_sample,,missing_expected_sample,200.0,,0,0,Fault15-condition10-opening2
,Fault15/Fault15-condition10/Fault15-condition10-3.csv,15,10,3,False,missing_expected_sample,,missing_expected_sample,200.0,,0,0,Fault15-condition10-opening3
,Fault15/Fault15-condition10/Fault15-condition10-4.csv,15,10,4,False,missing_expected_sample,,missing_expected_sample,200.0,,0,0,Fault15-condition10-opening4
,Fault15/Fault15-condition10/Fault15-condition10-5.csv,15,10,5,False,missing_expected_sample,,missing_expected_sample,200.0,,0,0,Fault15-condition10-opening5
,Fault15/Fault15-condition10/Fault15-condition10-6.csv,15,10,6,False,missing_expected_sample,,missing_expected_sample,200.0,,0,0,Fault15-condition10-opening6
,Fault15/Fault15-condition10/Fault15-condition10-7.csv,15,10,7,False,missing_expected_sample,,missing_expected_sample,200.0,,0,0,Fault15-condition10-opening7
,Fault15/Fault15-condition10/Fault15-condition10-8.csv,15,10,8,False,missing_expected_sample,,missing_expected_sample,200.0,,0,0,Fault15-condition10-opening8
,Fault15/Fault15-condition10/Fault15-condition10-9.csv,15,10,9,False,missing_expected_sample,,missing_expected_sample,200.0,,0,0,Fault15-condition10-opening9
,Fault15/Fault15-condition10/Fault15-condition10-10.csv,15,10,10,False,missing_expected_sample,,missing_expected_sample,200.0,,0,0,Fault15-condition10-opening10
,Fault15/Fault15-condition10/Fault15-condition10-11.csv,15,10,11,False,missing_expected_sample,,missing_expected_sample,200.0,,0,0,Fault15-condition10-opening11
,Fault15/Fault15-condition10/Fault15-condition10-12.csv,15,10,12,False,missing_expected_sample,,missing_expected_sample,200.0,,0,0,Fault15-condition10-opening12
,Fault15/Fault15-condition10/Fault15-condition10-13.csv,15,10,13,False,missing_expected_sample,,missing_expected_sample,200.0,,0,0,Fault15-condition10-opening13
,Fault15/Fault15-condition10/Fault15-condition10-14.csv,15,10,14,False,missing_expected_sample,,missing_expected_sample,200.0,,0,0,Fault15-condition10-opening14
,Fault15/Fault15-condition10/Fault15-condition10-15.csv,15,10,15,False,missing_expected_sample,,missing_expected_sample,200.0,,0,0,Fault15-condition10-opening15
,Fault15/Fault15-condition10/Fault15-condition10-16.csv,15,10,16,False,missing_expected_sample,,missing_expected_sample,200.0,,0,0,Fault15-condition10-opening16
,Fault15/Fault15-condition10/Fault15-condition10-17.csv,15,10,17,False,missing_expected_sample,,missing_expected_sample,200.0,,0,0,Fault15-condition10-opening17
,Fault15/Fault15-condition10/Fault15-condition10-18.csv,15,10,18,False,missing_expected_sample,,missing_expected_sample,200.0,,0,0,Fault15-condition10-opening18
,Fault15/Fault15-condition10/Fault15-condition10-19.csv,15,10,19,False,missing_expected_sample,,missing_expected_sample,200.0,,0,0,Fault15-condition10-opening19
,Fault15/Fault15-condition10/Fault15-condition10-20.csv,15,10,20,False,missing_expected_sample,,missing_expected_sample,200.0,,0,0,Fault15-condition10-opening20
,Fault16/Fault16-condition1/Fault16-condition1-1.csv,16,1,1,False,missing_expected_sample,,missing_expected_sample,200.0,,0,0,Fault16-condition1-opening1
,Fault16/Fault16-condition1/Fault16-condition1-2.csv,16,1,2,False,missing_expected_sample,,missing_expected_sample,200.0,,0,0,Fault16-condition1-opening2
,Fault16/Fault16-condition1/Fault16-condition1-3.csv,16,1,3,False,missing_expected_sample,,missing_expected_sample,200.0,,0,0,Fault16-condition1-opening3
,Fault16/Fault16-condition1/Fault16-condition1-4.csv,16,1,4,False,missing_expected_sample,,missing_expected_sample,200.0,,0,0,Fault16-condition1-opening4
,Fault16/Fault16-condition1/Fault16-condition1-5.csv,16,1,5,False,missing_expected_sample,,missing_expected_sample,200.0,,0,0,Fault16-condition1-opening5
,Fault16/Fault16-condition1/Fault16-condition1-6.csv,16,1,6,False,missing_expected_sample,,missing_expected_sample,200.0,,0,0,Fault16-condition1-opening6
,Fault16/Fault16-condition1/Fault16-condition1-7.csv,16,1,7,False,missing_expected_sample,,missing_expected_sample,200.0,,0,0,Fault16-condition1-opening7
,Fault16/Fault16-condition1/Fault16-condition1-8.csv,16,1,8,False,missing_expected_sample,,missing_expected_sample,200.0,,0,0,Fault16-condition1-opening8
,Fault16/Fault16-condition1/Fault16-condition1-9.csv,16,1,9,False,missing_expected_sample,,missing_expected_sample,200.0,,0,0,Fault16-condition1-opening9
,Fault16/Fault16-condition1/Fault16-condition1-10.csv,16,1,10,False,missing_expected_sample,,missing_expected_sample,200.0,,0,0,Fault16-condition1-opening10
,Fault16/Fault16-condition1/Fault16-condition1-11.csv,16,1,11,False,missing_expected_sample,,missing_expected_sample,200.0,,0,0,Fault16-condition1-opening11
,Fault16/Fault16-condition1/Fault16-condition1-12.csv,16,1,12,False,missing_expected_sample,,missing_expected_sample,200.0,,0,0,Fault16-condition1-opening12
,Fault16/Fault16-condition1/Fault16-condition1-13.csv,16,1,13,False,missing_expected_sample,,missing_expected_sample,200.0,,0,0,Fault16-condition1-opening13
,Fault16/Fault16-condition1/Fault16-condition1-14.csv,16,1,14,False,missing_expected_sample,,missing_expected_sample,200.0,,0,0,Fault16-condition1-opening14
,Fault16/Fault16-condition1/Fault16-condition1-15.csv,16,1,15,False,missing_expected_sample,,missing_expected_sample,200.0,,0,0,Fault16-condition1-opening15
,Fault16/Fault16-condition1/Fault16-condition1-16.csv,16,1,16,False,missing_expected_sample,,missing_expected_sample,200.0,,0,0,Fault16-condition1-opening16
,Fault16/Fault16-condition1/Fault16-condition1-17.csv,16,1,17,False,missing_expected_sample,,missing_expected_sample,200.0,,0,0,Fault16-condition1-opening17
,Fault16/Fault16-condition1/Fault16-condition1-18.csv,16,1,18,False,missing_expected_sample,,missing_expected_sample,200.0,,0,0,Fault16-condition1-opening18
,Fault16/Fault16-condition1/Fault16-condition1-19.csv,16,1,19,False,missing_expected_sample,,missing_expected_sample,200.0,,0,0,Fault16-condition1-opening19
,Fault16/Fault16-condition1/Fault16-condition1-20.csv,16,1,20,False,missing_expected_sample,,missing_expected_sample,200.0,,0,0,Fault16-condition1-opening20
,Fault16/Fault16-condition2/Fault16-condition2-1.csv,16,2,1,False,missing_expected_sample,,missing_expected_sample,200.0,,0,0,Fault16-condition2-opening1
,Fault16/Fault16-condition2/Fault16-condition2-2.csv,16,2,2,False,missing_expected_sample,,missing_expected_sample,200.0,,0,0,Fault16-condition2-opening2
,Fault16/Fault16-condition2/Fault16-condition2-3.csv,16,2,3,False,missing_expected_sample,,missing_expected_sample,200.0,,0,0,Fault16-condition2-opening3
,Fault16/Fault16-condition2/Fault16-condition2-4.csv,16,2,4,False,missing_expected_sample,,missing_expected_sample,200.0,,0,0,Fault16-condition2-opening4
,Fault16/Fault16-condition2/Fault16-condition2-5.csv,16,2,5,False,missing_expected_sample,,missing_expected_sample,200.0,,0,0,Fault16-condition2-opening5
,Fault16/Fault16-condition2/Fault16-condition2-6.csv,16,2,6,False,missing_expected_sample,,missing_expected_sample,200.0,,0,0,Fault16-condition2-opening6
,Fault16/Fault16-condition2/Fault16-condition2-7.csv,16,2,7,False,missing_expected_sample,,missing_expected_sample,200.0,,0,0,Fault16-condition2-opening7
,Fault16/Fault16-condition2/Fault16-condition2-8.csv,16,2,8,False,missing_expected_sample,,missing_expected_sample,200.0,,0,0,Fault16-condition2-opening8
,Fault16/Fault16-condition2/Fault16-condition2-9.csv,16,2,9,False,missing_expected_sample,,missing_expected_sample,200.0,,0,0,Fault16-condition2-opening9
,Fault16/Fault16-condition2/Fault16-condition2-10.csv,16,2,10,False,missing_expected_sample,,missing_expected_sample,200.0,,0,0,Fault16-condition2-opening10
,Fault16/Fault16-condition2/Fault16-condition2-11.csv,16,2,11,False,missing_expected_sample,,missing_expected_sample,200.0,,0,0,Fault16-condition2-opening11
,Fault16/Fault16-condition2/Fault16-condition2-12.csv,16,2,12,False,missing_expected_sample,,missing_expected_sample,200.0,,0,0,Fault16-condition2-opening12
,Fault16/Fault16-condition2/Fault16-condition2-13.csv,16,2,13,False,missing_expected_sample,,missing_expected_sample,200.0,,0,0,Fault16-condition2-opening13
,Fault16/Fault16-condition2/Fault16-condition2-14.csv,16,2,14,False,missing_expected_sample,,missing_expected_sample,200.0,,0,0,Fault16-condition2-opening14
,Fault16/Fault16-condition2/Fault16-condition2-15.csv,16,2,15,False,missing_expected_sample,,missing_expected_sample,200.0,,0,0,Fault16-condition2-opening15
,Fault16/Fault16-condition2/Fault16-condition2-16.csv,16,2,16,False,missing_expected_sample,,missing_expected_sample,200.0,,0,0,Fault16-condition2-opening16
,Fault16/Fault16-condition2/Fault16-condition2-17.csv,16,2,17,False,missing_expected_sample,,missing_expected_sample,200.0,,0,0,Fault16-condition2-opening17
,Fault16/Fault16-condition2/Fault16-condition2-18.csv,16,2,18,False,missing_expected_sample,,missing_expected_sample,200.0,,0,0,Fault16-condition2-opening18
,Fault16/Fault16-condition2/Fault16-condition2-19.csv,16,2,19,False,missing_expected_sample,,missing_expected_sample,200.0,,0,0,Fault16-condition2-opening19
,Fault16/Fault16-condition2/Fault16-condition2-20.csv,16,2,20,False,missing_expected_sample,,missing_expected_sample,200.0,,0,0,Fault16-condition2-opening20
,Fault16/Fault16-condition3/Fault16-condition3-1.csv,16,3,1,False,missing_expected_sample,,missing_expected_sample,200.0,,0,0,Fault16-condition3-opening1
,Fault16/Fault16-condition3/Fault16-condition3-2.csv,16,3,2,False,missing_expected_sample,,missing_expected_sample,200.0,,0,0,Fault16-condition3-opening2
,Fault16/Fault16-condition3/Fault16-condition3-3.csv,16,3,3,False,missing_expected_sample,,missing_expected_sample,200.0,,0,0,Fault16-condition3-opening3
,Fault16/Fault16-condition3/Fault16-condition3-4.csv,16,3,4,False,missing_expected_sample,,missing_expected_sample,200.0,,0,0,Fault16-condition3-opening4
,Fault16/Fault16-condition3/Fault16-condition3-5.csv,16,3,5,False,missing_expected_sample,,missing_expected_sample,200.0,,0,0,Fault16-condition3-opening5
,Fault16/Fault16-condition3/Fault16-condition3-6.csv,16,3,6,False,missing_expected_sample,,missing_expected_sample,200.0,,0,0,Fault16-condition3-opening6
,Fault16/Fault16-condition3/Fault16-condition3-7.csv,16,3,7,False,missing_expected_sample,,missing_expected_sample,200.0,,0,0,Fault16-condition3-opening7
,Fault16/Fault16-condition3/Fault16-condition3-8.csv,16,3,8,False,missing_expected_sample,,missing_expected_sample,200.0,,0,0,Fault16-condition3-opening8
,Fault16/Fault16-condition3/Fault16-condition3-9.csv,16,3,9,False,missing_expected_sample,,missing_expected_sample,200.0,,0,0,Fault16-condition3-opening9
,Fault16/Fault16-condition3/Fault16-condition3-10.csv,16,3,10,False,missing_expected_sample,,missing_expected_sample,200.0,,0,0,Fault16-condition3-opening10
,Fault16/Fault16-condition3/Fault16-condition3-11.csv,16,3,11,False,missing_expected_sample,,missing_expected_sample,200.0,,0,0,Fault16-condition3-opening11
,Fault16/Fault16-condition3/Fault16-condition3-12.csv,16,3,12,False,missing_expected_sample,,missing_expected_sample,200.0,,0,0,Fault16-condition3-opening12
,Fault16/Fault16-condition3/Fault16-condition3-13.csv,16,3,13,False,missing_expected_sample,,missing_expected_sample,200.0,,0,0,Fault16-condition3-opening13
,Fault16/Fault16-condition3/Fault16-condition3-14.csv,16,3,14,False,missing_expected_sample,,missing_expected_sample,200.0,,0,0,Fault16-condition3-opening14
,Fault16/Fault16-condition3/Fault16-condition3-15.csv,16,3,15,False,missing_expected_sample,,missing_expected_sample,200.0,,0,0,Fault16-condition3-opening15
,Fault16/Fault16-condition3/Fault16-condition3-16.csv,16,3,16,False,missing_expected_sample,,missing_expected_sample,200.0,,0,0,Fault16-condition3-opening16
,Fault16/Fault16-condition3/Fault16-condition3-17.csv,16,3,17,False,missing_expected_sample,,missing_expected_sample,200.0,,0,0,Fault16-condition3-opening17
,Fault16/Fault16-condition3/Fault16-condition3-18.csv,16,3,18,False,missing_expected_sample,,missing_expected_sample,200.0,,0,0,Fault16-condition3-opening18
,Fault16/Fault16-condition3/Fault16-condition3-19.csv,16,3,19,False,missing_expected_sample,,missing_expected_sample,200.0,,0,0,Fault16-condition3-opening19
,Fault16/Fault16-condition3/Fault16-condition3-20.csv,16,3,20,False,missing_expected_sample,,missing_expected_sample,200.0,,0,0,Fault16-condition3-opening20
,Fault16/Fault16-condition4/Fault16-condition4-1.csv,16,4,1,False,missing_expected_sample,,missing_expected_sample,200.0,,0,0,Fault16-condition4-opening1
,Fault16/Fault16-condition4/Fault16-condition4-2.csv,16,4,2,False,missing_expected_sample,,missing_expected_sample,200.0,,0,0,Fault16-condition4-opening2
,Fault16/Fault16-condition4/Fault16-condition4-3.csv,16,4,3,False,missing_expected_sample,,missing_expected_sample,200.0,,0,0,Fault16-condition4-opening3
,Fault16/Fault16-condition4/Fault16-condition4-4.csv,16,4,4,False,missing_expected_sample,,missing_expected_sample,200.0,,0,0,Fault16-condition4-opening4
,Fault16/Fault16-condition4/Fault16-condition4-5.csv,16,4,5,False,missing_expected_sample,,missing_expected_sample,200.0,,0,0,Fault16-condition4-opening5
,Fault16/Fault16-condition4/Fault16-condition4-6.csv,16,4,6,False,missing_expected_sample,,missing_expected_sample,200.0,,0,0,Fault16-condition4-opening6
,Fault16/Fault16-condition4/Fault16-condition4-7.csv,16,4,7,False,missing_expected_sample,,missing_expected_sample,200.0,,0,0,Fault16-condition4-opening7
,Fault16/Fault16-condition4/Fault16-condition4-8.csv,16,4,8,False,missing_expected_sample,,missing_expected_sample,200.0,,0,0,Fault16-condition4-opening8
,Fault16/Fault16-condition4/Fault16-condition4-9.csv,16,4,9,False,missing_expected_sample,,missing_expected_sample,200.0,,0,0,Fault16-condition4-opening9
,Fault16/Fault16-condition4/Fault16-condition4-10.csv,16,4,10,False,missing_expected_sample,,missing_expected_sample,200.0,,0,0,Fault16-condition4-opening10
,Fault16/Fault16-condition4/Fault16-condition4-11.csv,16,4,11,False,missing_expected_sample,,missing_expected_sample,200.0,,0,0,Fault16-condition4-opening11
,Fault16/Fault16-condition4/Fault16-condition4-12.csv,16,4,12,False,missing_expected_sample,,missing_expected_sample,200.0,,0,0,Fault16-condition4-opening12
,Fault16/Fault16-condition4/Fault16-condition4-13.csv,16,4,13,False,missing_expected_sample,,missing_expected_sample,200.0,,0,0,Fault16-condition4-opening13
,Fault16/Fault16-condition4/Fault16-condition4-14.csv,16,4,14,False,missing_expected_sample,,missing_expected_sample,200.0,,0,0,Fault16-condition4-opening14
,Fault16/Fault16-condition4/Fault16-condition4-15.csv,16,4,15,False,missing_expected_sample,,missing_expected_sample,200.0,,0,0,Fault16-condition4-opening15
,Fault16/Fault16-condition4/Fault16-condition4-16.csv,16,4,16,False,missing_expected_sample,,missing_expected_sample,200.0,,0,0,Fault16-condition4-opening16
,Fault16/Fault16-condition4/Fault16-condition4-17.csv,16,4,17,False,missing_expected_sample,,missing_expected_sample,200.0,,0,0,Fault16-condition4-opening17
,Fault16/Fault16-condition4/Fault16-condition4-18.csv,16,4,18,False,missing_expected_sample,,missing_expected_sample,200.0,,0,0,Fault16-condition4-opening18
,Fault16/Fault16-condition4/Fault16-condition4-19.csv,16,4,19,False,missing_expected_sample,,missing_expected_sample,200.0,,0,0,Fault16-condition4-opening19
,Fault16/Fault16-condition4/Fault16-condition4-20.csv,16,4,20,False,missing_expected_sample,,missing_expected_sample,200.0,,0,0,Fault16-condition4-opening20
,Fault16/Fault16-condition5/Fault16-condition5-1.csv,16,5,1,False,missing_expected_sample,,missing_expected_sample,200.0,,0,0,Fault16-condition5-opening1
,Fault16/Fault16-condition5/Fault16-condition5-2.csv,16,5,2,False,missing_expected_sample,,missing_expected_sample,200.0,,0,0,Fault16-condition5-opening2
,Fault16/Fault16-condition5/Fault16-condition5-3.csv,16,5,3,False,missing_expected_sample,,missing_expected_sample,200.0,,0,0,Fault16-condition5-opening3
,Fault16/Fault16-condition5/Fault16-condition5-4.csv,16,5,4,False,missing_expected_sample,,missing_expected_sample,200.0,,0,0,Fault16-condition5-opening4
,Fault16/Fault16-condition5/Fault16-condition5-5.csv,16,5,5,False,missing_expected_sample,,missing_expected_sample,200.0,,0,0,Fault16-condition5-opening5
,Fault16/Fault16-condition5/Fault16-condition5-6.csv,16,5,6,False,missing_expected_sample,,missing_expected_sample,200.0,,0,0,Fault16-condition5-opening6
,Fault16/Fault16-condition5/Fault16-condition5-7.csv,16,5,7,False,missing_expected_sample,,missing_expected_sample,200.0,,0,0,Fault16-condition5-opening7
,Fault16/Fault16-condition5/Fault16-condition5-8.csv,16,5,8,False,missing_expected_sample,,missing_expected_sample,200.0,,0,0,Fault16-condition5-opening8
,Fault16/Fault16-condition5/Fault16-condition5-9.csv,16,5,9,False,missing_expected_sample,,missing_expected_sample,200.0,,0,0,Fault16-condition5-opening9
,Fault16/Fault16-condition5/Fault16-condition5-10.csv,16,5,10,False,missing_expected_sample,,missing_expected_sample,200.0,,0,0,Fault16-condition5-opening10
,Fault16/Fault16-condition5/Fault16-condition5-11.csv,16,5,11,False,missing_expected_sample,,missing_expected_sample,200.0,,0,0,Fault16-condition5-opening11
,Fault16/Fault16-condition5/Fault16-condition5-12.csv,16,5,12,False,missing_expected_sample,,missing_expected_sample,200.0,,0,0,Fault16-condition5-opening12
,Fault16/Fault16-condition5/Fault16-condition5-13.csv,16,5,13,False,missing_expected_sample,,missing_expected_sample,200.0,,0,0,Fault16-condition5-opening13
,Fault16/Fault16-condition5/Fault16-condition5-14.csv,16,5,14,False,missing_expected_sample,,missing_expected_sample,200.0,,0,0,Fault16-condition5-opening14
,Fault16/Fault16-condition5/Fault16-condition5-15.csv,16,5,15,False,missing_expected_sample,,missing_expected_sample,200.0,,0,0,Fault16-condition5-opening15
,Fault16/Fault16-condition5/Fault16-condition5-16.csv,16,5,16,False,missing_expected_sample,,missing_expected_sample,200.0,,0,0,Fault16-condition5-opening16
,Fault16/Fault16-condition5/Fault16-condition5-17.csv,16,5,17,False,missing_expected_sample,,missing_expected_sample,200.0,,0,0,Fault16-condition5-opening17
,Fault16/Fault16-condition5/Fault16-condition5-18.csv,16,5,18,False,missing_expected_sample,,missing_expected_sample,200.0,,0,0,Fault16-condition5-opening18
,Fault16/Fault16-condition5/Fault16-condition5-19.csv,16,5,19,False,missing_expected_sample,,missing_expected_sample,200.0,,0,0,Fault16-condition5-opening19
,Fault16/Fault16-condition5/Fault16-condition5-20.csv,16,5,20,False,missing_expected_sample,,missing_expected_sample,200.0,,0,0,Fault16-condition5-opening20
,Fault16/Fault16-condition6/Fault16-condition6-1.csv,16,6,1,False,missing_expected_sample,,missing_expected_sample,200.0,,0,0,Fault16-condition6-opening1
,Fault16/Fault16-condition6/Fault16-condition6-2.csv,16,6,2,False,missing_expected_sample,,missing_expected_sample,200.0,,0,0,Fault16-condition6-opening2
,Fault16/Fault16-condition6/Fault16-condition6-3.csv,16,6,3,False,missing_expected_sample,,missing_expected_sample,200.0,,0,0,Fault16-condition6-opening3
,Fault16/Fault16-condition6/Fault16-condition6-4.csv,16,6,4,False,missing_expected_sample,,missing_expected_sample,200.0,,0,0,Fault16-condition6-opening4
,Fault16/Fault16-condition6/Fault16-condition6-5.csv,16,6,5,False,missing_expected_sample,,missing_expected_sample,200.0,,0,0,Fault16-condition6-opening5
,Fault16/Fault16-condition6/Fault16-condition6-6.csv,16,6,6,False,missing_expected_sample,,missing_expected_sample,200.0,,0,0,Fault16-condition6-opening6
,Fault16/Fault16-condition6/Fault16-condition6-7.csv,16,6,7,False,missing_expected_sample,,missing_expected_sample,200.0,,0,0,Fault16-condition6-opening7
,Fault16/Fault16-condition6/Fault16-condition6-8.csv,16,6,8,False,missing_expected_sample,,missing_expected_sample,200.0,,0,0,Fault16-condition6-opening8
,Fault16/Fault16-condition6/Fault16-condition6-9.csv,16,6,9,False,missing_expected_sample,,missing_expected_sample,200.0,,0,0,Fault16-condition6-opening9
,Fault16/Fault16-condition6/Fault16-condition6-10.csv,16,6,10,False,missing_expected_sample,,missing_expected_sample,200.0,,0,0,Fault16-condition6-opening10
,Fault16/Fault16-condition6/Fault16-condition6-11.csv,16,6,11,False,missing_expected_sample,,missing_expected_sample,200.0,,0,0,Fault16-condition6-opening11
,Fault16/Fault16-condition6/Fault16-condition6-12.csv,16,6,12,False,missing_expected_sample,,missing_expected_sample,200.0,,0,0,Fault16-condition6-opening12
,Fault16/Fault16-condition6/Fault16-condition6-13.csv,16,6,13,False,missing_expected_sample,,missing_expected_sample,200.0,,0,0,Fault16-condition6-opening13
,Fault16/Fault16-condition6/Fault16-condition6-14.csv,16,6,14,False,missing_expected_sample,,missing_expected_sample,200.0,,0,0,Fault16-condition6-opening14
,Fault16/Fault16-condition6/Fault16-condition6-15.csv,16,6,15,False,missing_expected_sample,,missing_expected_sample,200.0,,0,0,Fault16-condition6-opening15
,Fault16/Fault16-condition6/Fault16-condition6-16.csv,16,6,16,False,missing_expected_sample,,missing_expected_sample,200.0,,0,0,Fault16-condition6-opening16
,Fault16/Fault16-condition6/Fault16-condition6-17.csv,16,6,17,False,missing_expected_sample,,missing_expected_sample,200.0,,0,0,Fault16-condition6-opening17
,Fault16/Fault16-condition6/Fault16-condition6-18.csv,16,6,18,False,missing_expected_sample,,missing_expected_sample,200.0,,0,0,Fault16-condition6-opening18
,Fault16/Fault16-condition6/Fault16-condition6-19.csv,16,6,19,False,missing_expected_sample,,missing_expected_sample,200.0,,0,0,Fault16-condition6-opening19
,Fault16/Fault16-condition6/Fault16-condition6-20.csv,16,6,20,False,missing_expected_sample,,missing_expected_sample,200.0,,0,0,Fault16-condition6-opening20
,Fault16/Fault16-condition7/Fault16-condition7-1.csv,16,7,1,False,missing_expected_sample,,missing_expected_sample,200.0,,0,0,Fault16-condition7-opening1
,Fault16/Fault16-condition7/Fault16-condition7-2.csv,16,7,2,False,missing_expected_sample,,missing_expected_sample,200.0,,0,0,Fault16-condition7-opening2
,Fault16/Fault16-condition7/Fault16-condition7-3.csv,16,7,3,False,missing_expected_sample,,missing_expected_sample,200.0,,0,0,Fault16-condition7-opening3
,Fault16/Fault16-condition7/Fault16-condition7-4.csv,16,7,4,False,missing_expected_sample,,missing_expected_sample,200.0,,0,0,Fault16-condition7-opening4
,Fault16/Fault16-condition7/Fault16-condition7-5.csv,16,7,5,False,missing_expected_sample,,missing_expected_sample,200.0,,0,0,Fault16-condition7-opening5
,Fault16/Fault16-condition7/Fault16-condition7-6.csv,16,7,6,False,missing_expected_sample,,missing_expected_sample,200.0,,0,0,Fault16-condition7-opening6
,Fault16/Fault16-condition7/Fault16-condition7-7.csv,16,7,7,False,missing_expected_sample,,missing_expected_sample,200.0,,0,0,Fault16-condition7-opening7
,Fault16/Fault16-condition7/Fault16-condition7-8.csv,16,7,8,False,missing_expected_sample,,missing_expected_sample,200.0,,0,0,Fault16-condition7-opening8
,Fault16/Fault16-condition7/Fault16-condition7-9.csv,16,7,9,False,missing_expected_sample,,missing_expected_sample,200.0,,0,0,Fault16-condition7-opening9
,Fault16/Fault16-condition7/Fault16-condition7-10.csv,16,7,10,False,missing_expected_sample,,missing_expected_sample,200.0,,0,0,Fault16-condition7-opening10
,Fault16/Fault16-condition7/Fault16-condition7-11.csv,16,7,11,False,missing_expected_sample,,missing_expected_sample,200.0,,0,0,Fault16-condition7-opening11
,Fault16/Fault16-condition7/Fault16-condition7-12.csv,16,7,12,False,missing_expected_sample,,missing_expected_sample,200.0,,0,0,Fault16-condition7-opening12
,Fault16/Fault16-condition7/Fault16-condition7-13.csv,16,7,13,False,missing_expected_sample,,missing_expected_sample,200.0,,0,0,Fault16-condition7-opening13
,Fault16/Fault16-condition7/Fault16-condition7-14.csv,16,7,14,False,missing_expected_sample,,missing_expected_sample,200.0,,0,0,Fault16-condition7-opening14
,Fault16/Fault16-condition7/Fault16-condition7-15.csv,16,7,15,False,missing_expected_sample,,missing_expected_sample,200.0,,0,0,Fault16-condition7-opening15
,Fault16/Fault16-condition7/Fault16-condition7-16.csv,16,7,16,False,missing_expected_sample,,missing_expected_sample,200.0,,0,0,Fault16-condition7-opening16
,Fault16/Fault16-condition7/Fault16-condition7-17.csv,16,7,17,False,missing_expected_sample,,missing_expected_sample,200.0,,0,0,Fault16-condition7-opening17
,Fault16/Fault16-condition7/Fault16-condition7-18.csv,16,7,18,False,missing_expected_sample,,missing_expected_sample,200.0,,0,0,Fault16-condition7-opening18
,Fault16/Fault16-condition7/Fault16-condition7-19.csv,16,7,19,False,missing_expected_sample,,missing_expected_sample,200.0,,0,0,Fault16-condition7-opening19
,Fault16/Fault16-condition7/Fault16-condition7-20.csv,16,7,20,False,missing_expected_sample,,missing_expected_sample,200.0,,0,0,Fault16-condition7-opening20
,Fault16/Fault16-condition8/Fault16-condition8-1.csv,16,8,1,False,missing_expected_sample,,missing_expected_sample,200.0,,0,0,Fault16-condition8-opening1
,Fault16/Fault16-condition8/Fault16-condition8-2.csv,16,8,2,False,missing_expected_sample,,missing_expected_sample,200.0,,0,0,Fault16-condition8-opening2
,Fault16/Fault16-condition8/Fault16-condition8-3.csv,16,8,3,False,missing_expected_sample,,missing_expected_sample,200.0,,0,0,Fault16-condition8-opening3
,Fault16/Fault16-condition8/Fault16-condition8-4.csv,16,8,4,False,missing_expected_sample,,missing_expected_sample,200.0,,0,0,Fault16-condition8-opening4
,Fault16/Fault16-condition8/Fault16-condition8-5.csv,16,8,5,False,missing_expected_sample,,missing_expected_sample,200.0,,0,0,Fault16-condition8-opening5
,Fault16/Fault16-condition8/Fault16-condition8-6.csv,16,8,6,False,missing_expected_sample,,missing_expected_sample,200.0,,0,0,Fault16-condition8-opening6
,Fault16/Fault16-condition8/Fault16-condition8-7.csv,16,8,7,False,missing_expected_sample,,missing_expected_sample,200.0,,0,0,Fault16-condition8-opening7
,Fault16/Fault16-condition8/Fault16-condition8-8.csv,16,8,8,False,missing_expected_sample,,missing_expected_sample,200.0,,0,0,Fault16-condition8-opening8
,Fault16/Fault16-condition8/Fault16-condition8-9.csv,16,8,9,False,missing_expected_sample,,missing_expected_sample,200.0,,0,0,Fault16-condition8-opening9
,Fault16/Fault16-condition8/Fault16-condition8-10.csv,16,8,10,False,missing_expected_sample,,missing_expected_sample,200.0,,0,0,Fault16-condition8-opening10
,Fault16/Fault16-condition8/Fault16-condition8-11.csv,16,8,11,False,missing_expected_sample,,missing_expected_sample,200.0,,0,0,Fault16-condition8-opening11
,Fault16/Fault16-condition8/Fault16-condition8-12.csv,16,8,12,False,missing_expected_sample,,missing_expected_sample,200.0,,0,0,Fault16-condition8-opening12
,Fault16/Fault16-condition8/Fault16-condition8-13.csv,16,8,13,False,missing_expected_sample,,missing_expected_sample,200.0,,0,0,Fault16-condition8-opening13
,Fault16/Fault16-condition8/Fault16-condition8-14.csv,16,8,14,False,missing_expected_sample,,missing_expected_sample,200.0,,0,0,Fault16-condition8-opening14
,Fault16/Fault16-condition8/Fault16-condition8-15.csv,16,8,15,False,missing_expected_sample,,missing_expected_sample,200.0,,0,0,Fault16-condition8-opening15
,Fault16/Fault16-condition8/Fault16-condition8-16.csv,16,8,16,False,missing_expected_sample,,missing_expected_sample,200.0,,0,0,Fault16-condition8-opening16
,Fault16/Fault16-condition8/Fault16-condition8-17.csv,16,8,17,False,missing_expected_sample,,missing_expected_sample,200.0,,0,0,Fault16-condition8-opening17
,Fault16/Fault16-condition8/Fault16-condition8-18.csv,16,8,18,False,missing_expected_sample,,missing_expected_sample,200.0,,0,0,Fault16-condition8-opening18
,Fault16/Fault16-condition8/Fault16-condition8-19.csv,16,8,19,False,missing_expected_sample,,missing_expected_sample,200.0,,0,0,Fault16-condition8-opening19
,Fault16/Fault16-condition8/Fault16-condition8-20.csv,16,8,20,False,missing_expected_sample,,missing_expected_sample,200.0,,0,0,Fault16-condition8-opening20
,Fault16/Fault16-condition9/Fault16-condition9-1.csv,16,9,1,False,missing_expected_sample,,missing_expected_sample,200.0,,0,0,Fault16-condition9-opening1
,Fault16/Fault16-condition9/Fault16-condition9-2.csv,16,9,2,False,missing_expected_sample,,missing_expected_sample,200.0,,0,0,Fault16-condition9-opening2
,Fault16/Fault16-condition9/Fault16-condition9-3.csv,16,9,3,False,missing_expected_sample,,missing_expected_sample,200.0,,0,0,Fault16-condition9-opening3
,Fault16/Fault16-condition9/Fault16-condition9-4.csv,16,9,4,False,missing_expected_sample,,missing_expected_sample,200.0,,0,0,Fault16-condition9-opening4
,Fault16/Fault16-condition9/Fault16-condition9-5.csv,16,9,5,False,missing_expected_sample,,missing_expected_sample,200.0,,0,0,Fault16-condition9-opening5
,Fault16/Fault16-condition9/Fault16-condition9-6.csv,16,9,6,False,missing_expected_sample,,missing_expected_sample,200.0,,0,0,Fault16-condition9-opening6
,Fault16/Fault16-condition9/Fault16-condition9-7.csv,16,9,7,False,missing_expected_sample,,missing_expected_sample,200.0,,0,0,Fault16-condition9-opening7
,Fault16/Fault16-condition9/Fault16-condition9-8.csv,16,9,8,False,missing_expected_sample,,missing_expected_sample,200.0,,0,0,Fault16-condition9-opening8
,Fault16/Fault16-condition9/Fault16-condition9-9.csv,16,9,9,False,missing_expected_sample,,missing_expected_sample,200.0,,0,0,Fault16-condition9-opening9
,Fault16/Fault16-condition9/Fault16-condition9-10.csv,16,9,10,False,missing_expected_sample,,missing_expected_sample,200.0,,0,0,Fault16-condition9-opening10
,Fault16/Fault16-condition9/Fault16-condition9-11.csv,16,9,11,False,missing_expected_sample,,missing_expected_sample,200.0,,0,0,Fault16-condition9-opening11
,Fault16/Fault16-condition9/Fault16-condition9-12.csv,16,9,12,False,missing_expected_sample,,missing_expected_sample,200.0,,0,0,Fault16-condition9-opening12
,Fault16/Fault16-condition9/Fault16-condition9-13.csv,16,9,13,False,missing_expected_sample,,missing_expected_sample,200.0,,0,0,Fault16-condition9-opening13
,Fault16/Fault16-condition9/Fault16-condition9-14.csv,16,9,14,False,missing_expected_sample,,missing_expected_sample,200.0,,0,0,Fault16-condition9-opening14
,Fault16/Fault16-condition9/Fault16-condition9-15.csv,16,9,15,False,missing_expected_sample,,missing_expected_sample,200.0,,0,0,Fault16-condition9-opening15
,Fault16/Fault16-condition9/Fault16-condition9-16.csv,16,9,16,False,missing_expected_sample,,missing_expected_sample,200.0,,0,0,Fault16-condition9-opening16
,Fault16/Fault16-condition9/Fault16-condition9-17.csv,16,9,17,False,missing_expected_sample,,missing_expected_sample,200.0,,0,0,Fault16-condition9-opening17
,Fault16/Fault16-condition9/Fault16-condition9-18.csv,16,9,18,False,missing_expected_sample,,missing_expected_sample,200.0,,0,0,Fault16-condition9-opening18
,Fault16/Fault16-condition9/Fault16-condition9-19.csv,16,9,19,False,missing_expected_sample,,missing_expected_sample,200.0,,0,0,Fault16-condition9-opening19
,Fault16/Fault16-condition9/Fault16-condition9-20.csv,16,9,20,False,missing_expected_sample,,missing_expected_sample,200.0,,0,0,Fault16-condition9-opening20
,Fault16/Fault16-condition10/Fault16-condition10-1.csv,16,10,1,False,missing_expected_sample,,missing_expected_sample,200.0,,0,0,Fault16-condition10-opening1
,Fault16/Fault16-condition10/Fault16-condition10-2.csv,16,10,2,False,missing_expected_sample,,missing_expected_sample,200.0,,0,0,Fault16-condition10-opening2
,Fault16/Fault16-condition10/Fault16-condition10-3.csv,16,10,3,False,missing_expected_sample,,missing_expected_sample,200.0,,0,0,Fault16-condition10-opening3
,Fault16/Fault16-condition10/Fault16-condition10-4.csv,16,10,4,False,missing_expected_sample,,missing_expected_sample,200.0,,0,0,Fault16-condition10-opening4
,Fault16/Fault16-condition10/Fault16-condition10-5.csv,16,10,5,False,missing_expected_sample,,missing_expected_sample,200.0,,0,0,Fault16-condition10-opening5
,Fault16/Fault16-condition10/Fault16-condition10-6.csv,16,10,6,False,missing_expected_sample,,missing_expected_sample,200.0,,0,0,Fault16-condition10-opening6
,Fault16/Fault16-condition10/Fault16-condition10-7.csv,16,10,7,False,missing_expected_sample,,missing_expected_sample,200.0,,0,0,Fault16-condition10-opening7
,Fault16/Fault16-condition10/Fault16-condition10-8.csv,16,10,8,False,missing_expected_sample,,missing_expected_sample,200.0,,0,0,Fault16-condition10-opening8
,Fault16/Fault16-condition10/Fault16-condition10-9.csv,16,10,9,False,missing_expected_sample,,missing_expected_sample,200.0,,0,0,Fault16-condition10-opening9
,Fault16/Fault16-condition10/Fault16-condition10-10.csv,16,10,10,False,missing_expected_sample,,missing_expected_sample,200.0,,0,0,Fault16-condition10-opening10
,Fault16/Fault16-condition10/Fault16-condition10-11.csv,16,10,11,False,missing_expected_sample,,missing_expected_sample,200.0,,0,0,Fault16-condition10-opening11
,Fault16/Fault16-condition10/Fault16-condition10-12.csv,16,10,12,False,missing_expected_sample,,missing_expected_sample,200.0,,0,0,Fault16-condition10-opening12
,Fault16/Fault16-condition10/Fault16-condition10-13.csv,16,10,13,False,missing_expected_sample,,missing_expected_sample,200.0,,0,0,Fault16-condition10-opening13
,Fault16/Fault16-condition10/Fault16-condition10-14.csv,16,10,14,False,missing_expected_sample,,missing_expected_sample,200.0,,0,0,Fault16-condition10-opening14
,Fault16/Fault16-condition10/Fault16-condition10-15.csv,16,10,15,False,missing_expected_sample,,missing_expected_sample,200.0,,0,0,Fault16-condition10-opening15
,Fault16/Fault16-condition10/Fault16-condition10-16.csv,16,10,16,False,missing_expected_sample,,missing_expected_sample,200.0,,0,0,Fault16-condition10-opening16
,Fault16/Fault16-condition10/Fault16-condition10-17.csv,16,10,17,False,missing_expected_sample,,missing_expected_sample,200.0,,0,0,Fault16-condition10-opening17
,Fault16/Fault16-condition10/Fault16-condition10-18.csv,16,10,18,False,missing_expected_sample,,missing_expected_sample,200.0,,0,0,Fault16-condition10-opening18
,Fault16/Fault16-condition10/Fault16-condition10-19.csv,16,10,19,False,missing_expected_sample,,missing_expected_sample,200.0,,0,0,Fault16-condition10-opening19
,Fault16/Fault16-condition10/Fault16-condition10-20.csv,16,10,20,False,missing_expected_sample,,missing_expected_sample,200.0,,0,0,Fault16-condition10-opening20
,Fault17/Fault17-condition1/Fault17-condition1-1.csv,17,1,1,False,missing_expected_sample,,missing_expected_sample,200.0,,0,0,Fault17-condition1-opening1
,Fault17/Fault17-condition1/Fault17-condition1-2.csv,17,1,2,False,missing_expected_sample,,missing_expected_sample,200.0,,0,0,Fault17-condition1-opening2
,Fault17/Fault17-condition1/Fault17-condition1-3.csv,17,1,3,False,missing_expected_sample,,missing_expected_sample,200.0,,0,0,Fault17-condition1-opening3
,Fault17/Fault17-condition1/Fault17-condition1-4.csv,17,1,4,False,missing_expected_sample,,missing_expected_sample,200.0,,0,0,Fault17-condition1-opening4
,Fault17/Fault17-condition1/Fault17-condition1-5.csv,17,1,5,False,missing_expected_sample,,missing_expected_sample,200.0,,0,0,Fault17-condition1-opening5
,Fault17/Fault17-condition1/Fault17-condition1-6.csv,17,1,6,False,missing_expected_sample,,missing_expected_sample,200.0,,0,0,Fault17-condition1-opening6
,Fault17/Fault17-condition1/Fault17-condition1-7.csv,17,1,7,False,missing_expected_sample,,missing_expected_sample,200.0,,0,0,Fault17-condition1-opening7
,Fault17/Fault17-condition1/Fault17-condition1-8.csv,17,1,8,False,missing_expected_sample,,missing_expected_sample,200.0,,0,0,Fault17-condition1-opening8
,Fault17/Fault17-condition1/Fault17-condition1-9.csv,17,1,9,False,missing_expected_sample,,missing_expected_sample,200.0,,0,0,Fault17-condition1-opening9
,Fault17/Fault17-condition1/Fault17-condition1-10.csv,17,1,10,False,missing_expected_sample,,missing_expected_sample,200.0,,0,0,Fault17-condition1-opening10
,Fault17/Fault17-condition1/Fault17-condition1-11.csv,17,1,11,False,missing_expected_sample,,missing_expected_sample,200.0,,0,0,Fault17-condition1-opening11
,Fault17/Fault17-condition1/Fault17-condition1-12.csv,17,1,12,False,missing_expected_sample,,missing_expected_sample,200.0,,0,0,Fault17-condition1-opening12
,Fault17/Fault17-condition1/Fault17-condition1-13.csv,17,1,13,False,missing_expected_sample,,missing_expected_sample,200.0,,0,0,Fault17-condition1-opening13
,Fault17/Fault17-condition1/Fault17-condition1-14.csv,17,1,14,False,missing_expected_sample,,missing_expected_sample,200.0,,0,0,Fault17-condition1-opening14
,Fault17/Fault17-condition1/Fault17-condition1-15.csv,17,1,15,False,missing_expected_sample,,missing_expected_sample,200.0,,0,0,Fault17-condition1-opening15
,Fault17/Fault17-condition1/Fault17-condition1-16.csv,17,1,16,False,missing_expected_sample,,missing_expected_sample,200.0,,0,0,Fault17-condition1-opening16
,Fault17/Fault17-condition1/Fault17-condition1-17.csv,17,1,17,False,missing_expected_sample,,missing_expected_sample,200.0,,0,0,Fault17-condition1-opening17
,Fault17/Fault17-condition1/Fault17-condition1-18.csv,17,1,18,False,missing_expected_sample,,missing_expected_sample,200.0,,0,0,Fault17-condition1-opening18
,Fault17/Fault17-condition1/Fault17-condition1-19.csv,17,1,19,False,missing_expected_sample,,missing_expected_sample,200.0,,0,0,Fault17-condition1-opening19
,Fault17/Fault17-condition1/Fault17-condition1-20.csv,17,1,20,False,missing_expected_sample,,missing_expected_sample,200.0,,0,0,Fault17-condition1-opening20
,Fault17/Fault17-condition2/Fault17-condition2-1.csv,17,2,1,False,missing_expected_sample,,missing_expected_sample,200.0,,0,0,Fault17-condition2-opening1
,Fault17/Fault17-condition2/Fault17-condition2-2.csv,17,2,2,False,missing_expected_sample,,missing_expected_sample,200.0,,0,0,Fault17-condition2-opening2
,Fault17/Fault17-condition2/Fault17-condition2-3.csv,17,2,3,False,missing_expected_sample,,missing_expected_sample,200.0,,0,0,Fault17-condition2-opening3
,Fault17/Fault17-condition2/Fault17-condition2-4.csv,17,2,4,False,missing_expected_sample,,missing_expected_sample,200.0,,0,0,Fault17-condition2-opening4
,Fault17/Fault17-condition2/Fault17-condition2-5.csv,17,2,5,False,missing_expected_sample,,missing_expected_sample,200.0,,0,0,Fault17-condition2-opening5
,Fault17/Fault17-condition2/Fault17-condition2-6.csv,17,2,6,False,missing_expected_sample,,missing_expected_sample,200.0,,0,0,Fault17-condition2-opening6
,Fault17/Fault17-condition2/Fault17-condition2-7.csv,17,2,7,False,missing_expected_sample,,missing_expected_sample,200.0,,0,0,Fault17-condition2-opening7
,Fault17/Fault17-condition2/Fault17-condition2-8.csv,17,2,8,False,missing_expected_sample,,missing_expected_sample,200.0,,0,0,Fault17-condition2-opening8
,Fault17/Fault17-condition2/Fault17-condition2-9.csv,17,2,9,False,missing_expected_sample,,missing_expected_sample,200.0,,0,0,Fault17-condition2-opening9
,Fault17/Fault17-condition2/Fault17-condition2-10.csv,17,2,10,False,missing_expected_sample,,missing_expected_sample,200.0,,0,0,Fault17-condition2-opening10
,Fault17/Fault17-condition2/Fault17-condition2-11.csv,17,2,11,False,missing_expected_sample,,missing_expected_sample,200.0,,0,0,Fault17-condition2-opening11
,Fault17/Fault17-condition2/Fault17-condition2-12.csv,17,2,12,False,missing_expected_sample,,missing_expected_sample,200.0,,0,0,Fault17-condition2-opening12
,Fault17/Fault17-condition2/Fault17-condition2-13.csv,17,2,13,False,missing_expected_sample,,missing_expected_sample,200.0,,0,0,Fault17-condition2-opening13
,Fault17/Fault17-condition2/Fault17-condition2-14.csv,17,2,14,False,missing_expected_sample,,missing_expected_sample,200.0,,0,0,Fault17-condition2-opening14
,Fault17/Fault17-condition2/Fault17-condition2-15.csv,17,2,15,False,missing_expected_sample,,missing_expected_sample,200.0,,0,0,Fault17-condition2-opening15
,Fault17/Fault17-condition2/Fault17-condition2-16.csv,17,2,16,False,missing_expected_sample,,missing_expected_sample,200.0,,0,0,Fault17-condition2-opening16
,Fault17/Fault17-condition2/Fault17-condition2-17.csv,17,2,17,False,missing_expected_sample,,missing_expected_sample,200.0,,0,0,Fault17-condition2-opening17
,Fault17/Fault17-condition2/Fault17-condition2-18.csv,17,2,18,False,missing_expected_sample,,missing_expected_sample,200.0,,0,0,Fault17-condition2-opening18
,Fault17/Fault17-condition2/Fault17-condition2-19.csv,17,2,19,False,missing_expected_sample,,missing_expected_sample,200.0,,0,0,Fault17-condition2-opening19
,Fault17/Fault17-condition2/Fault17-condition2-20.csv,17,2,20,False,missing_expected_sample,,missing_expected_sample,200.0,,0,0,Fault17-condition2-opening20
,Fault17/Fault17-condition3/Fault17-condition3-1.csv,17,3,1,False,missing_expected_sample,,missing_expected_sample,200.0,,0,0,Fault17-condition3-opening1
,Fault17/Fault17-condition3/Fault17-condition3-2.csv,17,3,2,False,missing_expected_sample,,missing_expected_sample,200.0,,0,0,Fault17-condition3-opening2
,Fault17/Fault17-condition3/Fault17-condition3-3.csv,17,3,3,False,missing_expected_sample,,missing_expected_sample,200.0,,0,0,Fault17-condition3-opening3
,Fault17/Fault17-condition3/Fault17-condition3-4.csv,17,3,4,False,missing_expected_sample,,missing_expected_sample,200.0,,0,0,Fault17-condition3-opening4
,Fault17/Fault17-condition3/Fault17-condition3-5.csv,17,3,5,False,missing_expected_sample,,missing_expected_sample,200.0,,0,0,Fault17-condition3-opening5
,Fault17/Fault17-condition3/Fault17-condition3-6.csv,17,3,6,False,missing_expected_sample,,missing_expected_sample,200.0,,0,0,Fault17-condition3-opening6
,Fault17/Fault17-condition3/Fault17-condition3-7.csv,17,3,7,False,missing_expected_sample,,missing_expected_sample,200.0,,0,0,Fault17-condition3-opening7
,Fault17/Fault17-condition3/Fault17-condition3-8.csv,17,3,8,False,missing_expected_sample,,missing_expected_sample,200.0,,0,0,Fault17-condition3-opening8
,Fault17/Fault17-condition3/Fault17-condition3-9.csv,17,3,9,False,missing_expected_sample,,missing_expected_sample,200.0,,0,0,Fault17-condition3-opening9
,Fault17/Fault17-condition3/Fault17-condition3-10.csv,17,3,10,False,missing_expected_sample,,missing_expected_sample,200.0,,0,0,Fault17-condition3-opening10
,Fault17/Fault17-condition3/Fault17-condition3-11.csv,17,3,11,False,missing_expected_sample,,missing_expected_sample,200.0,,0,0,Fault17-condition3-opening11
,Fault17/Fault17-condition3/Fault17-condition3-12.csv,17,3,12,False,missing_expected_sample,,missing_expected_sample,200.0,,0,0,Fault17-condition3-opening12
,Fault17/Fault17-condition3/Fault17-condition3-13.csv,17,3,13,False,missing_expected_sample,,missing_expected_sample,200.0,,0,0,Fault17-condition3-opening13
,Fault17/Fault17-condition3/Fault17-condition3-14.csv,17,3,14,False,missing_expected_sample,,missing_expected_sample,200.0,,0,0,Fault17-condition3-opening14
,Fault17/Fault17-condition3/Fault17-condition3-15.csv,17,3,15,False,missing_expected_sample,,missing_expected_sample,200.0,,0,0,Fault17-condition3-opening15
,Fault17/Fault17-condition3/Fault17-condition3-16.csv,17,3,16,False,missing_expected_sample,,missing_expected_sample,200.0,,0,0,Fault17-condition3-opening16
,Fault17/Fault17-condition3/Fault17-condition3-17.csv,17,3,17,False,missing_expected_sample,,missing_expected_sample,200.0,,0,0,Fault17-condition3-opening17
,Fault17/Fault17-condition3/Fault17-condition3-18.csv,17,3,18,False,missing_expected_sample,,missing_expected_sample,200.0,,0,0,Fault17-condition3-opening18
,Fault17/Fault17-condition3/Fault17-condition3-19.csv,17,3,19,False,missing_expected_sample,,missing_expected_sample,200.0,,0,0,Fault17-condition3-opening19
,Fault17/Fault17-condition3/Fault17-condition3-20.csv,17,3,20,False,missing_expected_sample,,missing_expected_sample,200.0,,0,0,Fault17-condition3-opening20
,Fault17/Fault17-condition4/Fault17-condition4-1.csv,17,4,1,False,missing_expected_sample,,missing_expected_sample,200.0,,0,0,Fault17-condition4-opening1
,Fault17/Fault17-condition4/Fault17-condition4-2.csv,17,4,2,False,missing_expected_sample,,missing_expected_sample,200.0,,0,0,Fault17-condition4-opening2
,Fault17/Fault17-condition4/Fault17-condition4-3.csv,17,4,3,False,missing_expected_sample,,missing_expected_sample,200.0,,0,0,Fault17-condition4-opening3
,Fault17/Fault17-condition4/Fault17-condition4-4.csv,17,4,4,False,missing_expected_sample,,missing_expected_sample,200.0,,0,0,Fault17-condition4-opening4
,Fault17/Fault17-condition4/Fault17-condition4-5.csv,17,4,5,False,missing_expected_sample,,missing_expected_sample,200.0,,0,0,Fault17-condition4-opening5
,Fault17/Fault17-condition4/Fault17-condition4-6.csv,17,4,6,False,missing_expected_sample,,missing_expected_sample,200.0,,0,0,Fault17-condition4-opening6
,Fault17/Fault17-condition4/Fault17-condition4-7.csv,17,4,7,False,missing_expected_sample,,missing_expected_sample,200.0,,0,0,Fault17-condition4-opening7
,Fault17/Fault17-condition4/Fault17-condition4-8.csv,17,4,8,False,missing_expected_sample,,missing_expected_sample,200.0,,0,0,Fault17-condition4-opening8
,Fault17/Fault17-condition4/Fault17-condition4-9.csv,17,4,9,False,missing_expected_sample,,missing_expected_sample,200.0,,0,0,Fault17-condition4-opening9
,Fault17/Fault17-condition4/Fault17-condition4-10.csv,17,4,10,False,missing_expected_sample,,missing_expected_sample,200.0,,0,0,Fault17-condition4-opening10
,Fault17/Fault17-condition4/Fault17-condition4-11.csv,17,4,11,False,missing_expected_sample,,missing_expected_sample,200.0,,0,0,Fault17-condition4-opening11
,Fault17/Fault17-condition4/Fault17-condition4-12.csv,17,4,12,False,missing_expected_sample,,missing_expected_sample,200.0,,0,0,Fault17-condition4-opening12
,Fault17/Fault17-condition4/Fault17-condition4-13.csv,17,4,13,False,missing_expected_sample,,missing_expected_sample,200.0,,0,0,Fault17-condition4-opening13
,Fault17/Fault17-condition4/Fault17-condition4-14.csv,17,4,14,False,missing_expected_sample,,missing_expected_sample,200.0,,0,0,Fault17-condition4-opening14
,Fault17/Fault17-condition4/Fault17-condition4-15.csv,17,4,15,False,missing_expected_sample,,missing_expected_sample,200.0,,0,0,Fault17-condition4-opening15
,Fault17/Fault17-condition4/Fault17-condition4-16.csv,17,4,16,False,missing_expected_sample,,missing_expected_sample,200.0,,0,0,Fault17-condition4-opening16
,Fault17/Fault17-condition4/Fault17-condition4-17.csv,17,4,17,False,missing_expected_sample,,missing_expected_sample,200.0,,0,0,Fault17-condition4-opening17
,Fault17/Fault17-condition4/Fault17-condition4-18.csv,17,4,18,False,missing_expected_sample,,missing_expected_sample,200.0,,0,0,Fault17-condition4-opening18
,Fault17/Fault17-condition4/Fault17-condition4-19.csv,17,4,19,False,missing_expected_sample,,missing_expected_sample,200.0,,0,0,Fault17-condition4-opening19
,Fault17/Fault17-condition4/Fault17-condition4-20.csv,17,4,20,False,missing_expected_sample,,missing_expected_sample,200.0,,0,0,Fault17-condition4-opening20
,Fault17/Fault17-condition5/Fault17-condition5-1.csv,17,5,1,False,missing_expected_sample,,missing_expected_sample,200.0,,0,0,Fault17-condition5-opening1
,Fault17/Fault17-condition5/Fault17-condition5-2.csv,17,5,2,False,missing_expected_sample,,missing_expected_sample,200.0,,0,0,Fault17-condition5-opening2
,Fault17/Fault17-condition5/Fault17-condition5-3.csv,17,5,3,False,missing_expected_sample,,missing_expected_sample,200.0,,0,0,Fault17-condition5-opening3
,Fault17/Fault17-condition5/Fault17-condition5-4.csv,17,5,4,False,missing_expected_sample,,missing_expected_sample,200.0,,0,0,Fault17-condition5-opening4
,Fault17/Fault17-condition5/Fault17-condition5-5.csv,17,5,5,False,missing_expected_sample,,missing_expected_sample,200.0,,0,0,Fault17-condition5-opening5
,Fault17/Fault17-condition5/Fault17-condition5-6.csv,17,5,6,False,missing_expected_sample,,missing_expected_sample,200.0,,0,0,Fault17-condition5-opening6
,Fault17/Fault17-condition5/Fault17-condition5-7.csv,17,5,7,False,missing_expected_sample,,missing_expected_sample,200.0,,0,0,Fault17-condition5-opening7
,Fault17/Fault17-condition5/Fault17-condition5-8.csv,17,5,8,False,missing_expected_sample,,missing_expected_sample,200.0,,0,0,Fault17-condition5-opening8
,Fault17/Fault17-condition5/Fault17-condition5-9.csv,17,5,9,False,missing_expected_sample,,missing_expected_sample,200.0,,0,0,Fault17-condition5-opening9
,Fault17/Fault17-condition5/Fault17-condition5-10.csv,17,5,10,False,missing_expected_sample,,missing_expected_sample,200.0,,0,0,Fault17-condition5-opening10
,Fault17/Fault17-condition5/Fault17-condition5-11.csv,17,5,11,False,missing_expected_sample,,missing_expected_sample,200.0,,0,0,Fault17-condition5-opening11
,Fault17/Fault17-condition5/Fault17-condition5-12.csv,17,5,12,False,missing_expected_sample,,missing_expected_sample,200.0,,0,0,Fault17-condition5-opening12
,Fault17/Fault17-condition5/Fault17-condition5-13.csv,17,5,13,False,missing_expected_sample,,missing_expected_sample,200.0,,0,0,Fault17-condition5-opening13
,Fault17/Fault17-condition5/Fault17-condition5-14.csv,17,5,14,False,missing_expected_sample,,missing_expected_sample,200.0,,0,0,Fault17-condition5-opening14
,Fault17/Fault17-condition5/Fault17-condition5-15.csv,17,5,15,False,missing_expected_sample,,missing_expected_sample,200.0,,0,0,Fault17-condition5-opening15
,Fault17/Fault17-condition5/Fault17-condition5-16.csv,17,5,16,False,missing_expected_sample,,missing_expected_sample,200.0,,0,0,Fault17-condition5-opening16
,Fault17/Fault17-condition5/Fault17-condition5-17.csv,17,5,17,False,missing_expected_sample,,missing_expected_sample,200.0,,0,0,Fault17-condition5-opening17
,Fault17/Fault17-condition5/Fault17-condition5-18.csv,17,5,18,False,missing_expected_sample,,missing_expected_sample,200.0,,0,0,Fault17-condition5-opening18
,Fault17/Fault17-condition5/Fault17-condition5-19.csv,17,5,19,False,missing_expected_sample,,missing_expected_sample,200.0,,0,0,Fault17-condition5-opening19
,Fault17/Fault17-condition5/Fault17-condition5-20.csv,17,5,20,False,missing_expected_sample,,missing_expected_sample,200.0,,0,0,Fault17-condition5-opening20
,Fault17/Fault17-condition6/Fault17-condition6-1.csv,17,6,1,False,missing_expected_sample,,missing_expected_sample,200.0,,0,0,Fault17-condition6-opening1
,Fault17/Fault17-condition6/Fault17-condition6-2.csv,17,6,2,False,missing_expected_sample,,missing_expected_sample,200.0,,0,0,Fault17-condition6-opening2
,Fault17/Fault17-condition6/Fault17-condition6-3.csv,17,6,3,False,missing_expected_sample,,missing_expected_sample,200.0,,0,0,Fault17-condition6-opening3
,Fault17/Fault17-condition6/Fault17-condition6-4.csv,17,6,4,False,missing_expected_sample,,missing_expected_sample,200.0,,0,0,Fault17-condition6-opening4
,Fault17/Fault17-condition6/Fault17-condition6-5.csv,17,6,5,False,missing_expected_sample,,missing_expected_sample,200.0,,0,0,Fault17-condition6-opening5
,Fault17/Fault17-condition6/Fault17-condition6-6.csv,17,6,6,False,missing_expected_sample,,missing_expected_sample,200.0,,0,0,Fault17-condition6-opening6
,Fault17/Fault17-condition6/Fault17-condition6-7.csv,17,6,7,False,missing_expected_sample,,missing_expected_sample,200.0,,0,0,Fault17-condition6-opening7
,Fault17/Fault17-condition6/Fault17-condition6-8.csv,17,6,8,False,missing_expected_sample,,missing_expected_sample,200.0,,0,0,Fault17-condition6-opening8
,Fault17/Fault17-condition6/Fault17-condition6-9.csv,17,6,9,False,missing_expected_sample,,missing_expected_sample,200.0,,0,0,Fault17-condition6-opening9
,Fault17/Fault17-condition6/Fault17-condition6-10.csv,17,6,10,False,missing_expected_sample,,missing_expected_sample,200.0,,0,0,Fault17-condition6-opening10
,Fault17/Fault17-condition6/Fault17-condition6-11.csv,17,6,11,False,missing_expected_sample,,missing_expected_sample,200.0,,0,0,Fault17-condition6-opening11
,Fault17/Fault17-condition6/Fault17-condition6-12.csv,17,6,12,False,missing_expected_sample,,missing_expected_sample,200.0,,0,0,Fault17-condition6-opening12
,Fault17/Fault17-condition6/Fault17-condition6-13.csv,17,6,13,False,missing_expected_sample,,missing_expected_sample,200.0,,0,0,Fault17-condition6-opening13
,Fault17/Fault17-condition6/Fault17-condition6-14.csv,17,6,14,False,missing_expected_sample,,missing_expected_sample,200.0,,0,0,Fault17-condition6-opening14
,Fault17/Fault17-condition6/Fault17-condition6-15.csv,17,6,15,False,missing_expected_sample,,missing_expected_sample,200.0,,0,0,Fault17-condition6-opening15
,Fault17/Fault17-condition6/Fault17-condition6-16.csv,17,6,16,False,missing_expected_sample,,missing_expected_sample,200.0,,0,0,Fault17-condition6-opening16
,Fault17/Fault17-condition6/Fault17-condition6-17.csv,17,6,17,False,missing_expected_sample,,missing_expected_sample,200.0,,0,0,Fault17-condition6-opening17
,Fault17/Fault17-condition6/Fault17-condition6-18.csv,17,6,18,False,missing_expected_sample,,missing_expected_sample,200.0,,0,0,Fault17-condition6-opening18
,Fault17/Fault17-condition6/Fault17-condition6-19.csv,17,6,19,False,missing_expected_sample,,missing_expected_sample,200.0,,0,0,Fault17-condition6-opening19
,Fault17/Fault17-condition6/Fault17-condition6-20.csv,17,6,20,False,missing_expected_sample,,missing_expected_sample,200.0,,0,0,Fault17-condition6-opening20
,Fault17/Fault17-condition7/Fault17-condition7-1.csv,17,7,1,False,missing_expected_sample,,missing_expected_sample,200.0,,0,0,Fault17-condition7-opening1
,Fault17/Fault17-condition7/Fault17-condition7-2.csv,17,7,2,False,missing_expected_sample,,missing_expected_sample,200.0,,0,0,Fault17-condition7-opening2
,Fault17/Fault17-condition7/Fault17-condition7-3.csv,17,7,3,False,missing_expected_sample,,missing_expected_sample,200.0,,0,0,Fault17-condition7-opening3
,Fault17/Fault17-condition7/Fault17-condition7-4.csv,17,7,4,False,missing_expected_sample,,missing_expected_sample,200.0,,0,0,Fault17-condition7-opening4
,Fault17/Fault17-condition7/Fault17-condition7-5.csv,17,7,5,False,missing_expected_sample,,missing_expected_sample,200.0,,0,0,Fault17-condition7-opening5
,Fault17/Fault17-condition7/Fault17-condition7-6.csv,17,7,6,False,missing_expected_sample,,missing_expected_sample,200.0,,0,0,Fault17-condition7-opening6
,Fault17/Fault17-condition7/Fault17-condition7-7.csv,17,7,7,False,missing_expected_sample,,missing_expected_sample,200.0,,0,0,Fault17-condition7-opening7
,Fault17/Fault17-condition7/Fault17-condition7-8.csv,17,7,8,False,missing_expected_sample,,missing_expected_sample,200.0,,0,0,Fault17-condition7-opening8
,Fault17/Fault17-condition7/Fault17-condition7-9.csv,17,7,9,False,missing_expected_sample,,missing_expected_sample,200.0,,0,0,Fault17-condition7-opening9
,Fault17/Fault17-condition7/Fault17-condition7-10.csv,17,7,10,False,missing_expected_sample,,missing_expected_sample,200.0,,0,0,Fault17-condition7-opening10
,Fault17/Fault17-condition7/Fault17-condition7-11.csv,17,7,11,False,missing_expected_sample,,missing_expected_sample,200.0,,0,0,Fault17-condition7-opening11
,Fault17/Fault17-condition7/Fault17-condition7-12.csv,17,7,12,False,missing_expected_sample,,missing_expected_sample,200.0,,0,0,Fault17-condition7-opening12
,Fault17/Fault17-condition7/Fault17-condition7-13.csv,17,7,13,False,missing_expected_sample,,missing_expected_sample,200.0,,0,0,Fault17-condition7-opening13
,Fault17/Fault17-condition7/Fault17-condition7-14.csv,17,7,14,False,missing_expected_sample,,missing_expected_sample,200.0,,0,0,Fault17-condition7-opening14
,Fault17/Fault17-condition7/Fault17-condition7-15.csv,17,7,15,False,missing_expected_sample,,missing_expected_sample,200.0,,0,0,Fault17-condition7-opening15
,Fault17/Fault17-condition7/Fault17-condition7-16.csv,17,7,16,False,missing_expected_sample,,missing_expected_sample,200.0,,0,0,Fault17-condition7-opening16
,Fault17/Fault17-condition7/Fault17-condition7-17.csv,17,7,17,False,missing_expected_sample,,missing_expected_sample,200.0,,0,0,Fault17-condition7-opening17
,Fault17/Fault17-condition7/Fault17-condition7-18.csv,17,7,18,False,missing_expected_sample,,missing_expected_sample,200.0,,0,0,Fault17-condition7-opening18
,Fault17/Fault17-condition7/Fault17-condition7-19.csv,17,7,19,False,missing_expected_sample,,missing_expected_sample,200.0,,0,0,Fault17-condition7-opening19
,Fault17/Fault17-condition7/Fault17-condition7-20.csv,17,7,20,False,missing_expected_sample,,missing_expected_sample,200.0,,0,0,Fault17-condition7-opening20
,Fault17/Fault17-condition8/Fault17-condition8-1.csv,17,8,1,False,missing_expected_sample,,missing_expected_sample,200.0,,0,0,Fault17-condition8-opening1
,Fault17/Fault17-condition8/Fault17-condition8-2.csv,17,8,2,False,missing_expected_sample,,missing_expected_sample,200.0,,0,0,Fault17-condition8-opening2
,Fault17/Fault17-condition8/Fault17-condition8-3.csv,17,8,3,False,missing_expected_sample,,missing_expected_sample,200.0,,0,0,Fault17-condition8-opening3
,Fault17/Fault17-condition8/Fault17-condition8-4.csv,17,8,4,False,missing_expected_sample,,missing_expected_sample,200.0,,0,0,Fault17-condition8-opening4
,Fault17/Fault17-condition8/Fault17-condition8-5.csv,17,8,5,False,missing_expected_sample,,missing_expected_sample,200.0,,0,0,Fault17-condition8-opening5
,Fault17/Fault17-condition8/Fault17-condition8-6.csv,17,8,6,False,missing_expected_sample,,missing_expected_sample,200.0,,0,0,Fault17-condition8-opening6
,Fault17/Fault17-condition8/Fault17-condition8-7.csv,17,8,7,False,missing_expected_sample,,missing_expected_sample,200.0,,0,0,Fault17-condition8-opening7
,Fault17/Fault17-condition8/Fault17-condition8-8.csv,17,8,8,False,missing_expected_sample,,missing_expected_sample,200.0,,0,0,Fault17-condition8-opening8
,Fault17/Fault17-condition8/Fault17-condition8-9.csv,17,8,9,False,missing_expected_sample,,missing_expected_sample,200.0,,0,0,Fault17-condition8-opening9
,Fault17/Fault17-condition8/Fault17-condition8-10.csv,17,8,10,False,missing_expected_sample,,missing_expected_sample,200.0,,0,0,Fault17-condition8-opening10
,Fault17/Fault17-condition8/Fault17-condition8-11.csv,17,8,11,False,missing_expected_sample,,missing_expected_sample,200.0,,0,0,Fault17-condition8-opening11
,Fault17/Fault17-condition8/Fault17-condition8-12.csv,17,8,12,False,missing_expected_sample,,missing_expected_sample,200.0,,0,0,Fault17-condition8-opening12
,Fault17/Fault17-condition8/Fault17-condition8-13.csv,17,8,13,False,missing_expected_sample,,missing_expected_sample,200.0,,0,0,Fault17-condition8-opening13
,Fault17/Fault17-condition8/Fault17-condition8-14.csv,17,8,14,False,missing_expected_sample,,missing_expected_sample,200.0,,0,0,Fault17-condition8-opening14
,Fault17/Fault17-condition8/Fault17-condition8-15.csv,17,8,15,False,missing_expected_sample,,missing_expected_sample,200.0,,0,0,Fault17-condition8-opening15
,Fault17/Fault17-condition8/Fault17-condition8-16.csv,17,8,16,False,missing_expected_sample,,missing_expected_sample,200.0,,0,0,Fault17-condition8-opening16
,Fault17/Fault17-condition8/Fault17-condition8-17.csv,17,8,17,False,missing_expected_sample,,missing_expected_sample,200.0,,0,0,Fault17-condition8-opening17
,Fault17/Fault17-condition8/Fault17-condition8-18.csv,17,8,18,False,missing_expected_sample,,missing_expected_sample,200.0,,0,0,Fault17-condition8-opening18
,Fault17/Fault17-condition8/Fault17-condition8-19.csv,17,8,19,False,missing_expected_sample,,missing_expected_sample,200.0,,0,0,Fault17-condition8-opening19
,Fault17/Fault17-condition8/Fault17-condition8-20.csv,17,8,20,False,missing_expected_sample,,missing_expected_sample,200.0,,0,0,Fault17-condition8-opening20
,Fault17/Fault17-condition9/Fault17-condition9-1.csv,17,9,1,False,missing_expected_sample,,missing_expected_sample,200.0,,0,0,Fault17-condition9-opening1
,Fault17/Fault17-condition9/Fault17-condition9-2.csv,17,9,2,False,missing_expected_sample,,missing_expected_sample,200.0,,0,0,Fault17-condition9-opening2
,Fault17/Fault17-condition9/Fault17-condition9-3.csv,17,9,3,False,missing_expected_sample,,missing_expected_sample,200.0,,0,0,Fault17-condition9-opening3
,Fault17/Fault17-condition9/Fault17-condition9-4.csv,17,9,4,False,missing_expected_sample,,missing_expected_sample,200.0,,0,0,Fault17-condition9-opening4
,Fault17/Fault17-condition9/Fault17-condition9-5.csv,17,9,5,False,missing_expected_sample,,missing_expected_sample,200.0,,0,0,Fault17-condition9-opening5
,Fault17/Fault17-condition9/Fault17-condition9-6.csv,17,9,6,False,missing_expected_sample,,missing_expected_sample,200.0,,0,0,Fault17-condition9-opening6
,Fault17/Fault17-condition9/Fault17-condition9-7.csv,17,9,7,False,missing_expected_sample,,missing_expected_sample,200.0,,0,0,Fault17-condition9-opening7
,Fault17/Fault17-condition9/Fault17-condition9-8.csv,17,9,8,False,missing_expected_sample,,missing_expected_sample,200.0,,0,0,Fault17-condition9-opening8
,Fault17/Fault17-condition9/Fault17-condition9-9.csv,17,9,9,False,missing_expected_sample,,missing_expected_sample,200.0,,0,0,Fault17-condition9-opening9
,Fault17/Fault17-condition9/Fault17-condition9-10.csv,17,9,10,False,missing_expected_sample,,missing_expected_sample,200.0,,0,0,Fault17-condition9-opening10
,Fault17/Fault17-condition9/Fault17-condition9-11.csv,17,9,11,False,missing_expected_sample,,missing_expected_sample,200.0,,0,0,Fault17-condition9-opening11
,Fault17/Fault17-condition9/Fault17-condition9-12.csv,17,9,12,False,missing_expected_sample,,missing_expected_sample,200.0,,0,0,Fault17-condition9-opening12
,Fault17/Fault17-condition9/Fault17-condition9-13.csv,17,9,13,False,missing_expected_sample,,missing_expected_sample,200.0,,0,0,Fault17-condition9-opening13
,Fault17/Fault17-condition9/Fault17-condition9-14.csv,17,9,14,False,missing_expected_sample,,missing_expected_sample,200.0,,0,0,Fault17-condition9-opening14
,Fault17/Fault17-condition9/Fault17-condition9-15.csv,17,9,15,False,missing_expected_sample,,missing_expected_sample,200.0,,0,0,Fault17-condition9-opening15
,Fault17/Fault17-condition9/Fault17-condition9-16.csv,17,9,16,False,missing_expected_sample,,missing_expected_sample,200.0,,0,0,Fault17-condition9-opening16
,Fault17/Fault17-condition9/Fault17-condition9-17.csv,17,9,17,False,missing_expected_sample,,missing_expected_sample,200.0,,0,0,Fault17-condition9-opening17
,Fault17/Fault17-condition9/Fault17-condition9-18.csv,17,9,18,False,missing_expected_sample,,missing_expected_sample,200.0,,0,0,Fault17-condition9-opening18
,Fault17/Fault17-condition9/Fault17-condition9-19.csv,17,9,19,False,missing_expected_sample,,missing_expected_sample,200.0,,0,0,Fault17-condition9-opening19
,Fault17/Fault17-condition9/Fault17-condition9-20.csv,17,9,20,False,missing_expected_sample,,missing_expected_sample,200.0,,0,0,Fault17-condition9-opening20
,Fault17/Fault17-condition10/Fault17-condition10-1.csv,17,10,1,False,missing_expected_sample,,missing_expected_sample,200.0,,0,0,Fault17-condition10-opening1
,Fault17/Fault17-condition10/Fault17-condition10-2.csv,17,10,2,False,missing_expected_sample,,missing_expected_sample,200.0,,0,0,Fault17-condition10-opening2
,Fault17/Fault17-condition10/Fault17-condition10-3.csv,17,10,3,False,missing_expected_sample,,missing_expected_sample,200.0,,0,0,Fault17-condition10-opening3
,Fault17/Fault17-condition10/Fault17-condition10-4.csv,17,10,4,False,missing_expected_sample,,missing_expected_sample,200.0,,0,0,Fault17-condition10-opening4
,Fault17/Fault17-condition10/Fault17-condition10-5.csv,17,10,5,False,missing_expected_sample,,missing_expected_sample,200.0,,0,0,Fault17-condition10-opening5
,Fault17/Fault17-condition10/Fault17-condition10-6.csv,17,10,6,False,missing_expected_sample,,missing_expected_sample,200.0,,0,0,Fault17-condition10-opening6
,Fault17/Fault17-condition10/Fault17-condition10-7.csv,17,10,7,False,missing_expected_sample,,missing_expected_sample,200.0,,0,0,Fault17-condition10-opening7
,Fault17/Fault17-condition10/Fault17-condition10-8.csv,17,10,8,False,missing_expected_sample,,missing_expected_sample,200.0,,0,0,Fault17-condition10-opening8
,Fault17/Fault17-condition10/Fault17-condition10-9.csv,17,10,9,False,missing_expected_sample,,missing_expected_sample,200.0,,0,0,Fault17-condition10-opening9
,Fault17/Fault17-condition10/Fault17-condition10-10.csv,17,10,10,False,missing_expected_sample,,missing_expected_sample,200.0,,0,0,Fault17-condition10-opening10
,Fault17/Fault17-condition10/Fault17-condition10-11.csv,17,10,11,False,missing_expected_sample,,missing_expected_sample,200.0,,0,0,Fault17-condition10-opening11
,Fault17/Fault17-condition10/Fault17-condition10-12.csv,17,10,12,False,missing_expected_sample,,missing_expected_sample,200.0,,0,0,Fault17-condition10-opening12
,Fault17/Fault17-condition10/Fault17-condition10-13.csv,17,10,13,False,missing_expected_sample,,missing_expected_sample,200.0,,0,0,Fault17-condition10-opening13
,Fault17/Fault17-condition10/Fault17-condition10-14.csv,17,10,14,False,missing_expected_sample,,missing_expected_sample,200.0,,0,0,Fault17-condition10-opening14
,Fault17/Fault17-condition10/Fault17-condition10-15.csv,17,10,15,False,missing_expected_sample,,missing_expected_sample,200.0,,0,0,Fault17-condition10-opening15
,Fault17/Fault17-condition10/Fault17-condition10-16.csv,17,10,16,False,missing_expected_sample,,missing_expected_sample,200.0,,0,0,Fault17-condition10-opening16
,Fault17/Fault17-condition10/Fault17-condition10-17.csv,17,10,17,False,missing_expected_sample,,missing_expected_sample,200.0,,0,0,Fault17-condition10-opening17
,Fault17/Fault17-condition10/Fault17-condition10-18.csv,17,10,18,False,missing_expected_sample,,missing_expected_sample,200.0,,0,0,Fault17-condition10-opening18
,Fault17/Fault17-condition10/Fault17-condition10-19.csv,17,10,19,False,missing_expected_sample,,missing_expected_sample,200.0,,0,0,Fault17-condition10-opening19
,Fault17/Fault17-condition10/Fault17-condition10-20.csv,17,10,20,False,missing_expected_sample,,missing_expected_sample,200.0,,0,0,Fault17-condition10-opening20
,Fault18/Fault18-condition1/Fault18-condition1-1.csv,18,1,1,False,missing_expected_sample,,missing_expected_sample,200.0,,0,0,Fault18-condition1-opening1
,Fault18/Fault18-condition1/Fault18-condition1-2.csv,18,1,2,False,missing_expected_sample,,missing_expected_sample,200.0,,0,0,Fault18-condition1-opening2
,Fault18/Fault18-condition1/Fault18-condition1-3.csv,18,1,3,False,missing_expected_sample,,missing_expected_sample,200.0,,0,0,Fault18-condition1-opening3
,Fault18/Fault18-condition1/Fault18-condition1-4.csv,18,1,4,False,missing_expected_sample,,missing_expected_sample,200.0,,0,0,Fault18-condition1-opening4
,Fault18/Fault18-condition1/Fault18-condition1-5.csv,18,1,5,False,missing_expected_sample,,missing_expected_sample,200.0,,0,0,Fault18-condition1-opening5
,Fault18/Fault18-condition1/Fault18-condition1-6.csv,18,1,6,False,missing_expected_sample,,missing_expected_sample,200.0,,0,0,Fault18-condition1-opening6
,Fault18/Fault18-condition1/Fault18-condition1-7.csv,18,1,7,False,missing_expected_sample,,missing_expected_sample,200.0,,0,0,Fault18-condition1-opening7
,Fault18/Fault18-condition1/Fault18-condition1-8.csv,18,1,8,False,missing_expected_sample,,missing_expected_sample,200.0,,0,0,Fault18-condition1-opening8
,Fault18/Fault18-condition1/Fault18-condition1-9.csv,18,1,9,False,missing_expected_sample,,missing_expected_sample,200.0,,0,0,Fault18-condition1-opening9
,Fault18/Fault18-condition1/Fault18-condition1-10.csv,18,1,10,False,missing_expected_sample,,missing_expected_sample,200.0,,0,0,Fault18-condition1-opening10
,Fault18/Fault18-condition1/Fault18-condition1-11.csv,18,1,11,False,missing_expected_sample,,missing_expected_sample,200.0,,0,0,Fault18-condition1-opening11
,Fault18/Fault18-condition1/Fault18-condition1-12.csv,18,1,12,False,missing_expected_sample,,missing_expected_sample,200.0,,0,0,Fault18-condition1-opening12
,Fault18/Fault18-condition1/Fault18-condition1-13.csv,18,1,13,False,missing_expected_sample,,missing_expected_sample,200.0,,0,0,Fault18-condition1-opening13
,Fault18/Fault18-condition1/Fault18-condition1-14.csv,18,1,14,False,missing_expected_sample,,missing_expected_sample,200.0,,0,0,Fault18-condition1-opening14
,Fault18/Fault18-condition1/Fault18-condition1-15.csv,18,1,15,False,missing_expected_sample,,missing_expected_sample,200.0,,0,0,Fault18-condition1-opening15
,Fault18/Fault18-condition1/Fault18-condition1-16.csv,18,1,16,False,missing_expected_sample,,missing_expected_sample,200.0,,0,0,Fault18-condition1-opening16
,Fault18/Fault18-condition1/Fault18-condition1-17.csv,18,1,17,False,missing_expected_sample,,missing_expected_sample,200.0,,0,0,Fault18-condition1-opening17
,Fault18/Fault18-condition1/Fault18-condition1-18.csv,18,1,18,False,missing_expected_sample,,missing_expected_sample,200.0,,0,0,Fault18-condition1-opening18
,Fault18/Fault18-condition1/Fault18-condition1-19.csv,18,1,19,False,missing_expected_sample,,missing_expected_sample,200.0,,0,0,Fault18-condition1-opening19
,Fault18/Fault18-condition1/Fault18-condition1-20.csv,18,1,20,False,missing_expected_sample,,missing_expected_sample,200.0,,0,0,Fault18-condition1-opening20
,Fault18/Fault18-condition2/Fault18-condition2-1.csv,18,2,1,False,missing_expected_sample,,missing_expected_sample,200.0,,0,0,Fault18-condition2-opening1
,Fault18/Fault18-condition2/Fault18-condition2-2.csv,18,2,2,False,missing_expected_sample,,missing_expected_sample,200.0,,0,0,Fault18-condition2-opening2
,Fault18/Fault18-condition2/Fault18-condition2-3.csv,18,2,3,False,missing_expected_sample,,missing_expected_sample,200.0,,0,0,Fault18-condition2-opening3
,Fault18/Fault18-condition2/Fault18-condition2-4.csv,18,2,4,False,missing_expected_sample,,missing_expected_sample,200.0,,0,0,Fault18-condition2-opening4
,Fault18/Fault18-condition2/Fault18-condition2-5.csv,18,2,5,False,missing_expected_sample,,missing_expected_sample,200.0,,0,0,Fault18-condition2-opening5
,Fault18/Fault18-condition2/Fault18-condition2-6.csv,18,2,6,False,missing_expected_sample,,missing_expected_sample,200.0,,0,0,Fault18-condition2-opening6
,Fault18/Fault18-condition2/Fault18-condition2-7.csv,18,2,7,False,missing_expected_sample,,missing_expected_sample,200.0,,0,0,Fault18-condition2-opening7
,Fault18/Fault18-condition2/Fault18-condition2-8.csv,18,2,8,False,missing_expected_sample,,missing_expected_sample,200.0,,0,0,Fault18-condition2-opening8
,Fault18/Fault18-condition2/Fault18-condition2-9.csv,18,2,9,False,missing_expected_sample,,missing_expected_sample,200.0,,0,0,Fault18-condition2-opening9
,Fault18/Fault18-condition2/Fault18-condition2-10.csv,18,2,10,False,missing_expected_sample,,missing_expected_sample,200.0,,0,0,Fault18-condition2-opening10
,Fault18/Fault18-condition2/Fault18-condition2-11.csv,18,2,11,False,missing_expected_sample,,missing_expected_sample,200.0,,0,0,Fault18-condition2-opening11
,Fault18/Fault18-condition2/Fault18-condition2-12.csv,18,2,12,False,missing_expected_sample,,missing_expected_sample,200.0,,0,0,Fault18-condition2-opening12
,Fault18/Fault18-condition2/Fault18-condition2-13.csv,18,2,13,False,missing_expected_sample,,missing_expected_sample,200.0,,0,0,Fault18-condition2-opening13
,Fault18/Fault18-condition2/Fault18-condition2-14.csv,18,2,14,False,missing_expected_sample,,missing_expected_sample,200.0,,0,0,Fault18-condition2-opening14
,Fault18/Fault18-condition2/Fault18-condition2-15.csv,18,2,15,False,missing_expected_sample,,missing_expected_sample,200.0,,0,0,Fault18-condition2-opening15
,Fault18/Fault18-condition2/Fault18-condition2-16.csv,18,2,16,False,missing_expected_sample,,missing_expected_sample,200.0,,0,0,Fault18-condition2-opening16
,Fault18/Fault18-condition2/Fault18-condition2-17.csv,18,2,17,False,missing_expected_sample,,missing_expected_sample,200.0,,0,0,Fault18-condition2-opening17
,Fault18/Fault18-condition2/Fault18-condition2-18.csv,18,2,18,False,missing_expected_sample,,missing_expected_sample,200.0,,0,0,Fault18-condition2-opening18
,Fault18/Fault18-condition2/Fault18-condition2-19.csv,18,2,19,False,missing_expected_sample,,missing_expected_sample,200.0,,0,0,Fault18-condition2-opening19
,Fault18/Fault18-condition2/Fault18-condition2-20.csv,18,2,20,False,missing_expected_sample,,missing_expected_sample,200.0,,0,0,Fault18-condition2-opening20
,Fault18/Fault18-condition3/Fault18-condition3-1.csv,18,3,1,False,missing_expected_sample,,missing_expected_sample,200.0,,0,0,Fault18-condition3-opening1
,Fault18/Fault18-condition3/Fault18-condition3-2.csv,18,3,2,False,missing_expected_sample,,missing_expected_sample,200.0,,0,0,Fault18-condition3-opening2
,Fault18/Fault18-condition3/Fault18-condition3-3.csv,18,3,3,False,missing_expected_sample,,missing_expected_sample,200.0,,0,0,Fault18-condition3-opening3
,Fault18/Fault18-condition3/Fault18-condition3-4.csv,18,3,4,False,missing_expected_sample,,missing_expected_sample,200.0,,0,0,Fault18-condition3-opening4
,Fault18/Fault18-condition3/Fault18-condition3-5.csv,18,3,5,False,missing_expected_sample,,missing_expected_sample,200.0,,0,0,Fault18-condition3-opening5
,Fault18/Fault18-condition3/Fault18-condition3-6.csv,18,3,6,False,missing_expected_sample,,missing_expected_sample,200.0,,0,0,Fault18-condition3-opening6
,Fault18/Fault18-condition3/Fault18-condition3-7.csv,18,3,7,False,missing_expected_sample,,missing_expected_sample,200.0,,0,0,Fault18-condition3-opening7
,Fault18/Fault18-condition3/Fault18-condition3-8.csv,18,3,8,False,missing_expected_sample,,missing_expected_sample,200.0,,0,0,Fault18-condition3-opening8
,Fault18/Fault18-condition3/Fault18-condition3-9.csv,18,3,9,False,missing_expected_sample,,missing_expected_sample,200.0,,0,0,Fault18-condition3-opening9
,Fault18/Fault18-condition3/Fault18-condition3-10.csv,18,3,10,False,missing_expected_sample,,missing_expected_sample,200.0,,0,0,Fault18-condition3-opening10
,Fault18/Fault18-condition3/Fault18-condition3-11.csv,18,3,11,False,missing_expected_sample,,missing_expected_sample,200.0,,0,0,Fault18-condition3-opening11
,Fault18/Fault18-condition3/Fault18-condition3-12.csv,18,3,12,False,missing_expected_sample,,missing_expected_sample,200.0,,0,0,Fault18-condition3-opening12
,Fault18/Fault18-condition3/Fault18-condition3-13.csv,18,3,13,False,missing_expected_sample,,missing_expected_sample,200.0,,0,0,Fault18-condition3-opening13
,Fault18/Fault18-condition3/Fault18-condition3-14.csv,18,3,14,False,missing_expected_sample,,missing_expected_sample,200.0,,0,0,Fault18-condition3-opening14
,Fault18/Fault18-condition3/Fault18-condition3-15.csv,18,3,15,False,missing_expected_sample,,missing_expected_sample,200.0,,0,0,Fault18-condition3-opening15
,Fault18/Fault18-condition3/Fault18-condition3-16.csv,18,3,16,False,missing_expected_sample,,missing_expected_sample,200.0,,0,0,Fault18-condition3-opening16
,Fault18/Fault18-condition3/Fault18-condition3-17.csv,18,3,17,False,missing_expected_sample,,missing_expected_sample,200.0,,0,0,Fault18-condition3-opening17
,Fault18/Fault18-condition3/Fault18-condition3-18.csv,18,3,18,False,missing_expected_sample,,missing_expected_sample,200.0,,0,0,Fault18-condition3-opening18
,Fault18/Fault18-condition3/Fault18-condition3-19.csv,18,3,19,False,missing_expected_sample,,missing_expected_sample,200.0,,0,0,Fault18-condition3-opening19
,Fault18/Fault18-condition3/Fault18-condition3-20.csv,18,3,20,False,missing_expected_sample,,missing_expected_sample,200.0,,0,0,Fault18-condition3-opening20
,Fault18/Fault18-condition4/Fault18-condition4-1.csv,18,4,1,False,missing_expected_sample,,missing_expected_sample,200.0,,0,0,Fault18-condition4-opening1
,Fault18/Fault18-condition4/Fault18-condition4-2.csv,18,4,2,False,missing_expected_sample,,missing_expected_sample,200.0,,0,0,Fault18-condition4-opening2
,Fault18/Fault18-condition4/Fault18-condition4-3.csv,18,4,3,False,missing_expected_sample,,missing_expected_sample,200.0,,0,0,Fault18-condition4-opening3
,Fault18/Fault18-condition4/Fault18-condition4-4.csv,18,4,4,False,missing_expected_sample,,missing_expected_sample,200.0,,0,0,Fault18-condition4-opening4
,Fault18/Fault18-condition4/Fault18-condition4-5.csv,18,4,5,False,missing_expected_sample,,missing_expected_sample,200.0,,0,0,Fault18-condition4-opening5
,Fault18/Fault18-condition4/Fault18-condition4-6.csv,18,4,6,False,missing_expected_sample,,missing_expected_sample,200.0,,0,0,Fault18-condition4-opening6
,Fault18/Fault18-condition4/Fault18-condition4-7.csv,18,4,7,False,missing_expected_sample,,missing_expected_sample,200.0,,0,0,Fault18-condition4-opening7
,Fault18/Fault18-condition4/Fault18-condition4-8.csv,18,4,8,False,missing_expected_sample,,missing_expected_sample,200.0,,0,0,Fault18-condition4-opening8
,Fault18/Fault18-condition4/Fault18-condition4-9.csv,18,4,9,False,missing_expected_sample,,missing_expected_sample,200.0,,0,0,Fault18-condition4-opening9
,Fault18/Fault18-condition4/Fault18-condition4-10.csv,18,4,10,False,missing_expected_sample,,missing_expected_sample,200.0,,0,0,Fault18-condition4-opening10
,Fault18/Fault18-condition4/Fault18-condition4-11.csv,18,4,11,False,missing_expected_sample,,missing_expected_sample,200.0,,0,0,Fault18-condition4-opening11
,Fault18/Fault18-condition4/Fault18-condition4-12.csv,18,4,12,False,missing_expected_sample,,missing_expected_sample,200.0,,0,0,Fault18-condition4-opening12
,Fault18/Fault18-condition4/Fault18-condition4-13.csv,18,4,13,False,missing_expected_sample,,missing_expected_sample,200.0,,0,0,Fault18-condition4-opening13
,Fault18/Fault18-condition4/Fault18-condition4-14.csv,18,4,14,False,missing_expected_sample,,missing_expected_sample,200.0,,0,0,Fault18-condition4-opening14
,Fault18/Fault18-condition4/Fault18-condition4-15.csv,18,4,15,False,missing_expected_sample,,missing_expected_sample,200.0,,0,0,Fault18-condition4-opening15
,Fault18/Fault18-condition4/Fault18-condition4-16.csv,18,4,16,False,missing_expected_sample,,missing_expected_sample,200.0,,0,0,Fault18-condition4-opening16
,Fault18/Fault18-condition4/Fault18-condition4-17.csv,18,4,17,False,missing_expected_sample,,missing_expected_sample,200.0,,0,0,Fault18-condition4-opening17
,Fault18/Fault18-condition4/Fault18-condition4-18.csv,18,4,18,False,missing_expected_sample,,missing_expected_sample,200.0,,0,0,Fault18-condition4-opening18
,Fault18/Fault18-condition4/Fault18-condition4-19.csv,18,4,19,False,missing_expected_sample,,missing_expected_sample,200.0,,0,0,Fault18-condition4-opening19
,Fault18/Fault18-condition4/Fault18-condition4-20.csv,18,4,20,False,missing_expected_sample,,missing_expected_sample,200.0,,0,0,Fault18-condition4-opening20
,Fault18/Fault18-condition5/Fault18-condition5-1.csv,18,5,1,False,missing_expected_sample,,missing_expected_sample,200.0,,0,0,Fault18-condition5-opening1
,Fault18/Fault18-condition5/Fault18-condition5-2.csv,18,5,2,False,missing_expected_sample,,missing_expected_sample,200.0,,0,0,Fault18-condition5-opening2
,Fault18/Fault18-condition5/Fault18-condition5-3.csv,18,5,3,False,missing_expected_sample,,missing_expected_sample,200.0,,0,0,Fault18-condition5-opening3
,Fault18/Fault18-condition5/Fault18-condition5-4.csv,18,5,4,False,missing_expected_sample,,missing_expected_sample,200.0,,0,0,Fault18-condition5-opening4
,Fault18/Fault18-condition5/Fault18-condition5-5.csv,18,5,5,False,missing_expected_sample,,missing_expected_sample,200.0,,0,0,Fault18-condition5-opening5
,Fault18/Fault18-condition5/Fault18-condition5-6.csv,18,5,6,False,missing_expected_sample,,missing_expected_sample,200.0,,0,0,Fault18-condition5-opening6
,Fault18/Fault18-condition5/Fault18-condition5-7.csv,18,5,7,False,missing_expected_sample,,missing_expected_sample,200.0,,0,0,Fault18-condition5-opening7
,Fault18/Fault18-condition5/Fault18-condition5-8.csv,18,5,8,False,missing_expected_sample,,missing_expected_sample,200.0,,0,0,Fault18-condition5-opening8
,Fault18/Fault18-condition5/Fault18-condition5-9.csv,18,5,9,False,missing_expected_sample,,missing_expected_sample,200.0,,0,0,Fault18-condition5-opening9
,Fault18/Fault18-condition5/Fault18-condition5-10.csv,18,5,10,False,missing_expected_sample,,missing_expected_sample,200.0,,0,0,Fault18-condition5-opening10
,Fault18/Fault18-condition5/Fault18-condition5-11.csv,18,5,11,False,missing_expected_sample,,missing_expected_sample,200.0,,0,0,Fault18-condition5-opening11
,Fault18/Fault18-condition5/Fault18-condition5-12.csv,18,5,12,False,missing_expected_sample,,missing_expected_sample,200.0,,0,0,Fault18-condition5-opening12
,Fault18/Fault18-condition5/Fault18-condition5-13.csv,18,5,13,False,missing_expected_sample,,missing_expected_sample,200.0,,0,0,Fault18-condition5-opening13
,Fault18/Fault18-condition5/Fault18-condition5-14.csv,18,5,14,False,missing_expected_sample,,missing_expected_sample,200.0,,0,0,Fault18-condition5-opening14
,Fault18/Fault18-condition5/Fault18-condition5-15.csv,18,5,15,False,missing_expected_sample,,missing_expected_sample,200.0,,0,0,Fault18-condition5-opening15
,Fault18/Fault18-condition5/Fault18-condition5-16.csv,18,5,16,False,missing_expected_sample,,missing_expected_sample,200.0,,0,0,Fault18-condition5-opening16
,Fault18/Fault18-condition5/Fault18-condition5-17.csv,18,5,17,False,missing_expected_sample,,missing_expected_sample,200.0,,0,0,Fault18-condition5-opening17
,Fault18/Fault18-condition5/Fault18-condition5-18.csv,18,5,18,False,missing_expected_sample,,missing_expected_sample,200.0,,0,0,Fault18-condition5-opening18
,Fault18/Fault18-condition5/Fault18-condition5-19.csv,18,5,19,False,missing_expected_sample,,missing_expected_sample,200.0,,0,0,Fault18-condition5-opening19
,Fault18/Fault18-condition5/Fault18-condition5-20.csv,18,5,20,False,missing_expected_sample,,missing_expected_sample,200.0,,0,0,Fault18-condition5-opening20
,Fault18/Fault18-condition6/Fault18-condition6-1.csv,18,6,1,False,missing_expected_sample,,missing_expected_sample,200.0,,0,0,Fault18-condition6-opening1
,Fault18/Fault18-condition6/Fault18-condition6-2.csv,18,6,2,False,missing_expected_sample,,missing_expected_sample,200.0,,0,0,Fault18-condition6-opening2
,Fault18/Fault18-condition6/Fault18-condition6-3.csv,18,6,3,False,missing_expected_sample,,missing_expected_sample,200.0,,0,0,Fault18-condition6-opening3
,Fault18/Fault18-condition6/Fault18-condition6-4.csv,18,6,4,False,missing_expected_sample,,missing_expected_sample,200.0,,0,0,Fault18-condition6-opening4
,Fault18/Fault18-condition6/Fault18-condition6-5.csv,18,6,5,False,missing_expected_sample,,missing_expected_sample,200.0,,0,0,Fault18-condition6-opening5
,Fault18/Fault18-condition6/Fault18-condition6-6.csv,18,6,6,False,missing_expected_sample,,missing_expected_sample,200.0,,0,0,Fault18-condition6-opening6
,Fault18/Fault18-condition6/Fault18-condition6-7.csv,18,6,7,False,missing_expected_sample,,missing_expected_sample,200.0,,0,0,Fault18-condition6-opening7
,Fault18/Fault18-condition6/Fault18-condition6-8.csv,18,6,8,False,missing_expected_sample,,missing_expected_sample,200.0,,0,0,Fault18-condition6-opening8
,Fault18/Fault18-condition6/Fault18-condition6-9.csv,18,6,9,False,missing_expected_sample,,missing_expected_sample,200.0,,0,0,Fault18-condition6-opening9
,Fault18/Fault18-condition6/Fault18-condition6-10.csv,18,6,10,False,missing_expected_sample,,missing_expected_sample,200.0,,0,0,Fault18-condition6-opening10
,Fault18/Fault18-condition6/Fault18-condition6-11.csv,18,6,11,False,missing_expected_sample,,missing_expected_sample,200.0,,0,0,Fault18-condition6-opening11
,Fault18/Fault18-condition6/Fault18-condition6-12.csv,18,6,12,False,missing_expected_sample,,missing_expected_sample,200.0,,0,0,Fault18-condition6-opening12
,Fault18/Fault18-condition6/Fault18-condition6-13.csv,18,6,13,False,missing_expected_sample,,missing_expected_sample,200.0,,0,0,Fault18-condition6-opening13
,Fault18/Fault18-condition6/Fault18-condition6-14.csv,18,6,14,False,missing_expected_sample,,missing_expected_sample,200.0,,0,0,Fault18-condition6-opening14
,Fault18/Fault18-condition6/Fault18-condition6-15.csv,18,6,15,False,missing_expected_sample,,missing_expected_sample,200.0,,0,0,Fault18-condition6-opening15
,Fault18/Fault18-condition6/Fault18-condition6-16.csv,18,6,16,False,missing_expected_sample,,missing_expected_sample,200.0,,0,0,Fault18-condition6-opening16
,Fault18/Fault18-condition6/Fault18-condition6-17.csv,18,6,17,False,missing_expected_sample,,missing_expected_sample,200.0,,0,0,Fault18-condition6-opening17
,Fault18/Fault18-condition6/Fault18-condition6-18.csv,18,6,18,False,missing_expected_sample,,missing_expected_sample,200.0,,0,0,Fault18-condition6-opening18
,Fault18/Fault18-condition6/Fault18-condition6-19.csv,18,6,19,False,missing_expected_sample,,missing_expected_sample,200.0,,0,0,Fault18-condition6-opening19
,Fault18/Fault18-condition6/Fault18-condition6-20.csv,18,6,20,False,missing_expected_sample,,missing_expected_sample,200.0,,0,0,Fault18-condition6-opening20
,Fault18/Fault18-condition7/Fault18-condition7-1.csv,18,7,1,False,missing_expected_sample,,missing_expected_sample,200.0,,0,0,Fault18-condition7-opening1
,Fault18/Fault18-condition7/Fault18-condition7-2.csv,18,7,2,False,missing_expected_sample,,missing_expected_sample,200.0,,0,0,Fault18-condition7-opening2
,Fault18/Fault18-condition7/Fault18-condition7-3.csv,18,7,3,False,missing_expected_sample,,missing_expected_sample,200.0,,0,0,Fault18-condition7-opening3
,Fault18/Fault18-condition7/Fault18-condition7-4.csv,18,7,4,False,missing_expected_sample,,missing_expected_sample,200.0,,0,0,Fault18-condition7-opening4
,Fault18/Fault18-condition7/Fault18-condition7-5.csv,18,7,5,False,missing_expected_sample,,missing_expected_sample,200.0,,0,0,Fault18-condition7-opening5
,Fault18/Fault18-condition7/Fault18-condition7-6.csv,18,7,6,False,missing_expected_sample,,missing_expected_sample,200.0,,0,0,Fault18-condition7-opening6
,Fault18/Fault18-condition7/Fault18-condition7-7.csv,18,7,7,False,missing_expected_sample,,missing_expected_sample,200.0,,0,0,Fault18-condition7-opening7
,Fault18/Fault18-condition7/Fault18-condition7-8.csv,18,7,8,False,missing_expected_sample,,missing_expected_sample,200.0,,0,0,Fault18-condition7-opening8
,Fault18/Fault18-condition7/Fault18-condition7-9.csv,18,7,9,False,missing_expected_sample,,missing_expected_sample,200.0,,0,0,Fault18-condition7-opening9
,Fault18/Fault18-condition7/Fault18-condition7-10.csv,18,7,10,False,missing_expected_sample,,missing_expected_sample,200.0,,0,0,Fault18-condition7-opening10
,Fault18/Fault18-condition7/Fault18-condition7-11.csv,18,7,11,False,missing_expected_sample,,missing_expected_sample,200.0,,0,0,Fault18-condition7-opening11
,Fault18/Fault18-condition7/Fault18-condition7-12.csv,18,7,12,False,missing_expected_sample,,missing_expected_sample,200.0,,0,0,Fault18-condition7-opening12
,Fault18/Fault18-condition7/Fault18-condition7-13.csv,18,7,13,False,missing_expected_sample,,missing_expected_sample,200.0,,0,0,Fault18-condition7-opening13
,Fault18/Fault18-condition7/Fault18-condition7-14.csv,18,7,14,False,missing_expected_sample,,missing_expected_sample,200.0,,0,0,Fault18-condition7-opening14
,Fault18/Fault18-condition7/Fault18-condition7-15.csv,18,7,15,False,missing_expected_sample,,missing_expected_sample,200.0,,0,0,Fault18-condition7-opening15
,Fault18/Fault18-condition7/Fault18-condition7-16.csv,18,7,16,False,missing_expected_sample,,missing_expected_sample,200.0,,0,0,Fault18-condition7-opening16
,Fault18/Fault18-condition7/Fault18-condition7-17.csv,18,7,17,False,missing_expected_sample,,missing_expected_sample,200.0,,0,0,Fault18-condition7-opening17
,Fault18/Fault18-condition7/Fault18-condition7-18.csv,18,7,18,False,missing_expected_sample,,missing_expected_sample,200.0,,0,0,Fault18-condition7-opening18
,Fault18/Fault18-condition7/Fault18-condition7-19.csv,18,7,19,False,missing_expected_sample,,missing_expected_sample,200.0,,0,0,Fault18-condition7-opening19
,Fault18/Fault18-condition7/Fault18-condition7-20.csv,18,7,20,False,missing_expected_sample,,missing_expected_sample,200.0,,0,0,Fault18-condition7-opening20
,Fault18/Fault18-condition8/Fault18-condition8-1.csv,18,8,1,False,missing_expected_sample,,missing_expected_sample,200.0,,0,0,Fault18-condition8-opening1
,Fault18/Fault18-condition8/Fault18-condition8-2.csv,18,8,2,False,missing_expected_sample,,missing_expected_sample,200.0,,0,0,Fault18-condition8-opening2
,Fault18/Fault18-condition8/Fault18-condition8-3.csv,18,8,3,False,missing_expected_sample,,missing_expected_sample,200.0,,0,0,Fault18-condition8-opening3
,Fault18/Fault18-condition8/Fault18-condition8-4.csv,18,8,4,False,missing_expected_sample,,missing_expected_sample,200.0,,0,0,Fault18-condition8-opening4
,Fault18/Fault18-condition8/Fault18-condition8-5.csv,18,8,5,False,missing_expected_sample,,missing_expected_sample,200.0,,0,0,Fault18-condition8-opening5
,Fault18/Fault18-condition8/Fault18-condition8-6.csv,18,8,6,False,missing_expected_sample,,missing_expected_sample,200.0,,0,0,Fault18-condition8-opening6
,Fault18/Fault18-condition8/Fault18-condition8-7.csv,18,8,7,False,missing_expected_sample,,missing_expected_sample,200.0,,0,0,Fault18-condition8-opening7
,Fault18/Fault18-condition8/Fault18-condition8-8.csv,18,8,8,False,missing_expected_sample,,missing_expected_sample,200.0,,0,0,Fault18-condition8-opening8
,Fault18/Fault18-condition8/Fault18-condition8-9.csv,18,8,9,False,missing_expected_sample,,missing_expected_sample,200.0,,0,0,Fault18-condition8-opening9
,Fault18/Fault18-condition8/Fault18-condition8-10.csv,18,8,10,False,missing_expected_sample,,missing_expected_sample,200.0,,0,0,Fault18-condition8-opening10
,Fault18/Fault18-condition8/Fault18-condition8-11.csv,18,8,11,False,missing_expected_sample,,missing_expected_sample,200.0,,0,0,Fault18-condition8-opening11
,Fault18/Fault18-condition8/Fault18-condition8-12.csv,18,8,12,False,missing_expected_sample,,missing_expected_sample,200.0,,0,0,Fault18-condition8-opening12
,Fault18/Fault18-condition8/Fault18-condition8-13.csv,18,8,13,False,missing_expected_sample,,missing_expected_sample,200.0,,0,0,Fault18-condition8-opening13
,Fault18/Fault18-condition8/Fault18-condition8-14.csv,18,8,14,False,missing_expected_sample,,missing_expected_sample,200.0,,0,0,Fault18-condition8-opening14
,Fault18/Fault18-condition8/Fault18-condition8-15.csv,18,8,15,False,missing_expected_sample,,missing_expected_sample,200.0,,0,0,Fault18-condition8-opening15
,Fault18/Fault18-condition8/Fault18-condition8-16.csv,18,8,16,False,missing_expected_sample,,missing_expected_sample,200.0,,0,0,Fault18-condition8-opening16
,Fault18/Fault18-condition8/Fault18-condition8-17.csv,18,8,17,False,missing_expected_sample,,missing_expected_sample,200.0,,0,0,Fault18-condition8-opening17
,Fault18/Fault18-condition8/Fault18-condition8-18.csv,18,8,18,False,missing_expected_sample,,missing_expected_sample,200.0,,0,0,Fault18-condition8-opening18
,Fault18/Fault18-condition8/Fault18-condition8-19.csv,18,8,19,False,missing_expected_sample,,missing_expected_sample,200.0,,0,0,Fault18-condition8-opening19
,Fault18/Fault18-condition8/Fault18-condition8-20.csv,18,8,20,False,missing_expected_sample,,missing_expected_sample,200.0,,0,0,Fault18-condition8-opening20
,Fault18/Fault18-condition9/Fault18-condition9-1.csv,18,9,1,False,missing_expected_sample,,missing_expected_sample,200.0,,0,0,Fault18-condition9-opening1
,Fault18/Fault18-condition9/Fault18-condition9-2.csv,18,9,2,False,missing_expected_sample,,missing_expected_sample,200.0,,0,0,Fault18-condition9-opening2
,Fault18/Fault18-condition9/Fault18-condition9-3.csv,18,9,3,False,missing_expected_sample,,missing_expected_sample,200.0,,0,0,Fault18-condition9-opening3
,Fault18/Fault18-condition9/Fault18-condition9-4.csv,18,9,4,False,missing_expected_sample,,missing_expected_sample,200.0,,0,0,Fault18-condition9-opening4
,Fault18/Fault18-condition9/Fault18-condition9-5.csv,18,9,5,False,missing_expected_sample,,missing_expected_sample,200.0,,0,0,Fault18-condition9-opening5
,Fault18/Fault18-condition9/Fault18-condition9-6.csv,18,9,6,False,missing_expected_sample,,missing_expected_sample,200.0,,0,0,Fault18-condition9-opening6
,Fault18/Fault18-condition9/Fault18-condition9-7.csv,18,9,7,False,missing_expected_sample,,missing_expected_sample,200.0,,0,0,Fault18-condition9-opening7
,Fault18/Fault18-condition9/Fault18-condition9-8.csv,18,9,8,False,missing_expected_sample,,missing_expected_sample,200.0,,0,0,Fault18-condition9-opening8
,Fault18/Fault18-condition9/Fault18-condition9-9.csv,18,9,9,False,missing_expected_sample,,missing_expected_sample,200.0,,0,0,Fault18-condition9-opening9
,Fault18/Fault18-condition9/Fault18-condition9-10.csv,18,9,10,False,missing_expected_sample,,missing_expected_sample,200.0,,0,0,Fault18-condition9-opening10
,Fault18/Fault18-condition9/Fault18-condition9-11.csv,18,9,11,False,missing_expected_sample,,missing_expected_sample,200.0,,0,0,Fault18-condition9-opening11
,Fault18/Fault18-condition9/Fault18-condition9-12.csv,18,9,12,False,missing_expected_sample,,missing_expected_sample,200.0,,0,0,Fault18-condition9-opening12
,Fault18/Fault18-condition9/Fault18-condition9-13.csv,18,9,13,False,missing_expected_sample,,missing_expected_sample,200.0,,0,0,Fault18-condition9-opening13
,Fault18/Fault18-condition9/Fault18-condition9-14.csv,18,9,14,False,missing_expected_sample,,missing_expected_sample,200.0,,0,0,Fault18-condition9-opening14
,Fault18/Fault18-condition9/Fault18-condition9-15.csv,18,9,15,False,missing_expected_sample,,missing_expected_sample,200.0,,0,0,Fault18-condition9-opening15
,Fault18/Fault18-condition9/Fault18-condition9-16.csv,18,9,16,False,missing_expected_sample,,missing_expected_sample,200.0,,0,0,Fault18-condition9-opening16
,Fault18/Fault18-condition9/Fault18-condition9-17.csv,18,9,17,False,missing_expected_sample,,missing_expected_sample,200.0,,0,0,Fault18-condition9-opening17
,Fault18/Fault18-condition9/Fault18-condition9-18.csv,18,9,18,False,missing_expected_sample,,missing_expected_sample,200.0,,0,0,Fault18-condition9-opening18
,Fault18/Fault18-condition9/Fault18-condition9-19.csv,18,9,19,False,missing_expected_sample,,missing_expected_sample,200.0,,0,0,Fault18-condition9-opening19
,Fault18/Fault18-condition9/Fault18-condition9-20.csv,18,9,20,False,missing_expected_sample,,missing_expected_sample,200.0,,0,0,Fault18-condition9-opening20
,Fault18/Fault18-condition10/Fault18-condition10-1.csv,18,10,1,False,missing_expected_sample,,missing_expected_sample,200.0,,0,0,Fault18-condition10-opening1
,Fault18/Fault18-condition10/Fault18-condition10-2.csv,18,10,2,False,missing_expected_sample,,missing_expected_sample,200.0,,0,0,Fault18-condition10-opening2
,Fault18/Fault18-condition10/Fault18-condition10-3.csv,18,10,3,False,missing_expected_sample,,missing_expected_sample,200.0,,0,0,Fault18-condition10-opening3
,Fault18/Fault18-condition10/Fault18-condition10-4.csv,18,10,4,False,missing_expected_sample,,missing_expected_sample,200.0,,0,0,Fault18-condition10-opening4
,Fault18/Fault18-condition10/Fault18-condition10-5.csv,18,10,5,False,missing_expected_sample,,missing_expected_sample,200.0,,0,0,Fault18-condition10-opening5
,Fault18/Fault18-condition10/Fault18-condition10-6.csv,18,10,6,False,missing_expected_sample,,missing_expected_sample,200.0,,0,0,Fault18-condition10-opening6
,Fault18/Fault18-condition10/Fault18-condition10-7.csv,18,10,7,False,missing_expected_sample,,missing_expected_sample,200.0,,0,0,Fault18-condition10-opening7
,Fault18/Fault18-condition10/Fault18-condition10-8.csv,18,10,8,False,missing_expected_sample,,missing_expected_sample,200.0,,0,0,Fault18-condition10-opening8
,Fault18/Fault18-condition10/Fault18-condition10-9.csv,18,10,9,False,missing_expected_sample,,missing_expected_sample,200.0,,0,0,Fault18-condition10-opening9
,Fault18/Fault18-condition10/Fault18-condition10-10.csv,18,10,10,False,missing_expected_sample,,missing_expected_sample,200.0,,0,0,Fault18-condition10-opening10
,Fault18/Fault18-condition10/Fault18-condition10-11.csv,18,10,11,False,missing_expected_sample,,missing_expected_sample,200.0,,0,0,Fault18-condition10-opening11
,Fault18/Fault18-condition10/Fault18-condition10-12.csv,18,10,12,False,missing_expected_sample,,missing_expected_sample,200.0,,0,0,Fault18-condition10-opening12
,Fault18/Fault18-condition10/Fault18-condition10-13.csv,18,10,13,False,missing_expected_sample,,missing_expected_sample,200.0,,0,0,Fault18-condition10-opening13
,Fault18/Fault18-condition10/Fault18-condition10-14.csv,18,10,14,False,missing_expected_sample,,missing_expected_sample,200.0,,0,0,Fault18-condition10-opening14
,Fault18/Fault18-condition10/Fault18-condition10-15.csv,18,10,15,False,missing_expected_sample,,missing_expected_sample,200.0,,0,0,Fault18-condition10-opening15
,Fault18/Fault18-condition10/Fault18-condition10-16.csv,18,10,16,False,missing_expected_sample,,missing_expected_sample,200.0,,0,0,Fault18-condition10-opening16
,Fault18/Fault18-condition10/Fault18-condition10-17.csv,18,10,17,False,missing_expected_sample,,missing_expected_sample,200.0,,0,0,Fault18-condition10-opening17
,Fault18/Fault18-condition10/Fault18-condition10-18.csv,18,10,18,False,missing_expected_sample,,missing_expected_sample,200.0,,0,0,Fault18-condition10-opening18
,Fault18/Fault18-condition10/Fault18-condition10-19.csv,18,10,19,False,missing_expected_sample,,missing_expected_sample,200.0,,0,0,Fault18-condition10-opening19
,Fault18/Fault18-condition10/Fault18-condition10-20.csv,18,10,20,False,missing_expected_sample,,missing_expected_sample,200.0,,0,0,Fault18-condition10-opening20
,Fault19/Fault19-condition1/Fault19-condition1-1.csv,19,1,1,False,missing_expected_sample,,missing_expected_sample,200.0,,0,0,Fault19-condition1-opening1
,Fault19/Fault19-condition1/Fault19-condition1-2.csv,19,1,2,False,missing_expected_sample,,missing_expected_sample,200.0,,0,0,Fault19-condition1-opening2
,Fault19/Fault19-condition1/Fault19-condition1-3.csv,19,1,3,False,missing_expected_sample,,missing_expected_sample,200.0,,0,0,Fault19-condition1-opening3
,Fault19/Fault19-condition1/Fault19-condition1-4.csv,19,1,4,False,missing_expected_sample,,missing_expected_sample,200.0,,0,0,Fault19-condition1-opening4
,Fault19/Fault19-condition1/Fault19-condition1-5.csv,19,1,5,False,missing_expected_sample,,missing_expected_sample,200.0,,0,0,Fault19-condition1-opening5
,Fault19/Fault19-condition1/Fault19-condition1-6.csv,19,1,6,False,missing_expected_sample,,missing_expected_sample,200.0,,0,0,Fault19-condition1-opening6
,Fault19/Fault19-condition1/Fault19-condition1-7.csv,19,1,7,False,missing_expected_sample,,missing_expected_sample,200.0,,0,0,Fault19-condition1-opening7
,Fault19/Fault19-condition1/Fault19-condition1-8.csv,19,1,8,False,missing_expected_sample,,missing_expected_sample,200.0,,0,0,Fault19-condition1-opening8
,Fault19/Fault19-condition1/Fault19-condition1-9.csv,19,1,9,False,missing_expected_sample,,missing_expected_sample,200.0,,0,0,Fault19-condition1-opening9
,Fault19/Fault19-condition1/Fault19-condition1-10.csv,19,1,10,False,missing_expected_sample,,missing_expected_sample,200.0,,0,0,Fault19-condition1-opening10
,Fault19/Fault19-condition1/Fault19-condition1-11.csv,19,1,11,False,missing_expected_sample,,missing_expected_sample,200.0,,0,0,Fault19-condition1-opening11
,Fault19/Fault19-condition1/Fault19-condition1-12.csv,19,1,12,False,missing_expected_sample,,missing_expected_sample,200.0,,0,0,Fault19-condition1-opening12
,Fault19/Fault19-condition1/Fault19-condition1-13.csv,19,1,13,False,missing_expected_sample,,missing_expected_sample,200.0,,0,0,Fault19-condition1-opening13
,Fault19/Fault19-condition1/Fault19-condition1-14.csv,19,1,14,False,missing_expected_sample,,missing_expected_sample,200.0,,0,0,Fault19-condition1-opening14
,Fault19/Fault19-condition1/Fault19-condition1-15.csv,19,1,15,False,missing_expected_sample,,missing_expected_sample,200.0,,0,0,Fault19-condition1-opening15
,Fault19/Fault19-condition1/Fault19-condition1-16.csv,19,1,16,False,missing_expected_sample,,missing_expected_sample,200.0,,0,0,Fault19-condition1-opening16
,Fault19/Fault19-condition1/Fault19-condition1-17.csv,19,1,17,False,missing_expected_sample,,missing_expected_sample,200.0,,0,0,Fault19-condition1-opening17
,Fault19/Fault19-condition1/Fault19-condition1-18.csv,19,1,18,False,missing_expected_sample,,missing_expected_sample,200.0,,0,0,Fault19-condition1-opening18
,Fault19/Fault19-condition1/Fault19-condition1-19.csv,19,1,19,False,missing_expected_sample,,missing_expected_sample,200.0,,0,0,Fault19-condition1-opening19
,Fault19/Fault19-condition1/Fault19-condition1-20.csv,19,1,20,False,missing_expected_sample,,missing_expected_sample,200.0,,0,0,Fault19-condition1-opening20
,Fault19/Fault19-condition2/Fault19-condition2-1.csv,19,2,1,False,missing_expected_sample,,missing_expected_sample,200.0,,0,0,Fault19-condition2-opening1
,Fault19/Fault19-condition2/Fault19-condition2-2.csv,19,2,2,False,missing_expected_sample,,missing_expected_sample,200.0,,0,0,Fault19-condition2-opening2
,Fault19/Fault19-condition2/Fault19-condition2-3.csv,19,2,3,False,missing_expected_sample,,missing_expected_sample,200.0,,0,0,Fault19-condition2-opening3
,Fault19/Fault19-condition2/Fault19-condition2-4.csv,19,2,4,False,missing_expected_sample,,missing_expected_sample,200.0,,0,0,Fault19-condition2-opening4
,Fault19/Fault19-condition2/Fault19-condition2-5.csv,19,2,5,False,missing_expected_sample,,missing_expected_sample,200.0,,0,0,Fault19-condition2-opening5
,Fault19/Fault19-condition2/Fault19-condition2-6.csv,19,2,6,False,missing_expected_sample,,missing_expected_sample,200.0,,0,0,Fault19-condition2-opening6
,Fault19/Fault19-condition2/Fault19-condition2-7.csv,19,2,7,False,missing_expected_sample,,missing_expected_sample,200.0,,0,0,Fault19-condition2-opening7
,Fault19/Fault19-condition2/Fault19-condition2-8.csv,19,2,8,False,missing_expected_sample,,missing_expected_sample,200.0,,0,0,Fault19-condition2-opening8
,Fault19/Fault19-condition2/Fault19-condition2-9.csv,19,2,9,False,missing_expected_sample,,missing_expected_sample,200.0,,0,0,Fault19-condition2-opening9
,Fault19/Fault19-condition2/Fault19-condition2-10.csv,19,2,10,False,missing_expected_sample,,missing_expected_sample,200.0,,0,0,Fault19-condition2-opening10
,Fault19/Fault19-condition2/Fault19-condition2-11.csv,19,2,11,False,missing_expected_sample,,missing_expected_sample,200.0,,0,0,Fault19-condition2-opening11
,Fault19/Fault19-condition2/Fault19-condition2-12.csv,19,2,12,False,missing_expected_sample,,missing_expected_sample,200.0,,0,0,Fault19-condition2-opening12
,Fault19/Fault19-condition2/Fault19-condition2-13.csv,19,2,13,False,missing_expected_sample,,missing_expected_sample,200.0,,0,0,Fault19-condition2-opening13
,Fault19/Fault19-condition2/Fault19-condition2-14.csv,19,2,14,False,missing_expected_sample,,missing_expected_sample,200.0,,0,0,Fault19-condition2-opening14
,Fault19/Fault19-condition2/Fault19-condition2-15.csv,19,2,15,False,missing_expected_sample,,missing_expected_sample,200.0,,0,0,Fault19-condition2-opening15
,Fault19/Fault19-condition2/Fault19-condition2-16.csv,19,2,16,False,missing_expected_sample,,missing_expected_sample,200.0,,0,0,Fault19-condition2-opening16
,Fault19/Fault19-condition2/Fault19-condition2-17.csv,19,2,17,False,missing_expected_sample,,missing_expected_sample,200.0,,0,0,Fault19-condition2-opening17
,Fault19/Fault19-condition2/Fault19-condition2-18.csv,19,2,18,False,missing_expected_sample,,missing_expected_sample,200.0,,0,0,Fault19-condition2-opening18
,Fault19/Fault19-condition2/Fault19-condition2-19.csv,19,2,19,False,missing_expected_sample,,missing_expected_sample,200.0,,0,0,Fault19-condition2-opening19
,Fault19/Fault19-condition2/Fault19-condition2-20.csv,19,2,20,False,missing_expected_sample,,missing_expected_sample,200.0,,0,0,Fault19-condition2-opening20
,Fault19/Fault19-condition3/Fault19-condition3-1.csv,19,3,1,False,missing_expected_sample,,missing_expected_sample,200.0,,0,0,Fault19-condition3-opening1
,Fault19/Fault19-condition3/Fault19-condition3-2.csv,19,3,2,False,missing_expected_sample,,missing_expected_sample,200.0,,0,0,Fault19-condition3-opening2
,Fault19/Fault19-condition3/Fault19-condition3-3.csv,19,3,3,False,missing_expected_sample,,missing_expected_sample,200.0,,0,0,Fault19-condition3-opening3
,Fault19/Fault19-condition3/Fault19-condition3-4.csv,19,3,4,False,missing_expected_sample,,missing_expected_sample,200.0,,0,0,Fault19-condition3-opening4
,Fault19/Fault19-condition3/Fault19-condition3-5.csv,19,3,5,False,missing_expected_sample,,missing_expected_sample,200.0,,0,0,Fault19-condition3-opening5
,Fault19/Fault19-condition3/Fault19-condition3-6.csv,19,3,6,False,missing_expected_sample,,missing_expected_sample,200.0,,0,0,Fault19-condition3-opening6
,Fault19/Fault19-condition3/Fault19-condition3-7.csv,19,3,7,False,missing_expected_sample,,missing_expected_sample,200.0,,0,0,Fault19-condition3-opening7
,Fault19/Fault19-condition3/Fault19-condition3-8.csv,19,3,8,False,missing_expected_sample,,missing_expected_sample,200.0,,0,0,Fault19-condition3-opening8
,Fault19/Fault19-condition3/Fault19-condition3-9.csv,19,3,9,False,missing_expected_sample,,missing_expected_sample,200.0,,0,0,Fault19-condition3-opening9
,Fault19/Fault19-condition3/Fault19-condition3-10.csv,19,3,10,False,missing_expected_sample,,missing_expected_sample,200.0,,0,0,Fault19-condition3-opening10
,Fault19/Fault19-condition3/Fault19-condition3-11.csv,19,3,11,False,missing_expected_sample,,missing_expected_sample,200.0,,0,0,Fault19-condition3-opening11
,Fault19/Fault19-condition3/Fault19-condition3-12.csv,19,3,12,False,missing_expected_sample,,missing_expected_sample,200.0,,0,0,Fault19-condition3-opening12
,Fault19/Fault19-condition3/Fault19-condition3-13.csv,19,3,13,False,missing_expected_sample,,missing_expected_sample,200.0,,0,0,Fault19-condition3-opening13
,Fault19/Fault19-condition3/Fault19-condition3-14.csv,19,3,14,False,missing_expected_sample,,missing_expected_sample,200.0,,0,0,Fault19-condition3-opening14
,Fault19/Fault19-condition3/Fault19-condition3-15.csv,19,3,15,False,missing_expected_sample,,missing_expected_sample,200.0,,0,0,Fault19-condition3-opening15
,Fault19/Fault19-condition3/Fault19-condition3-16.csv,19,3,16,False,missing_expected_sample,,missing_expected_sample,200.0,,0,0,Fault19-condition3-opening16
,Fault19/Fault19-condition3/Fault19-condition3-17.csv,19,3,17,False,missing_expected_sample,,missing_expected_sample,200.0,,0,0,Fault19-condition3-opening17
,Fault19/Fault19-condition3/Fault19-condition3-18.csv,19,3,18,False,missing_expected_sample,,missing_expected_sample,200.0,,0,0,Fault19-condition3-opening18
,Fault19/Fault19-condition3/Fault19-condition3-19.csv,19,3,19,False,missing_expected_sample,,missing_expected_sample,200.0,,0,0,Fault19-condition3-opening19
,Fault19/Fault19-condition3/Fault19-condition3-20.csv,19,3,20,False,missing_expected_sample,,missing_expected_sample,200.0,,0,0,Fault19-condition3-opening20
,Fault19/Fault19-condition4/Fault19-condition4-1.csv,19,4,1,False,missing_expected_sample,,missing_expected_sample,200.0,,0,0,Fault19-condition4-opening1
,Fault19/Fault19-condition4/Fault19-condition4-2.csv,19,4,2,False,missing_expected_sample,,missing_expected_sample,200.0,,0,0,Fault19-condition4-opening2
,Fault19/Fault19-condition4/Fault19-condition4-3.csv,19,4,3,False,missing_expected_sample,,missing_expected_sample,200.0,,0,0,Fault19-condition4-opening3
,Fault19/Fault19-condition4/Fault19-condition4-4.csv,19,4,4,False,missing_expected_sample,,missing_expected_sample,200.0,,0,0,Fault19-condition4-opening4
,Fault19/Fault19-condition4/Fault19-condition4-5.csv,19,4,5,False,missing_expected_sample,,missing_expected_sample,200.0,,0,0,Fault19-condition4-opening5
,Fault19/Fault19-condition4/Fault19-condition4-6.csv,19,4,6,False,missing_expected_sample,,missing_expected_sample,200.0,,0,0,Fault19-condition4-opening6
,Fault19/Fault19-condition4/Fault19-condition4-7.csv,19,4,7,False,missing_expected_sample,,missing_expected_sample,200.0,,0,0,Fault19-condition4-opening7
,Fault19/Fault19-condition4/Fault19-condition4-8.csv,19,4,8,False,missing_expected_sample,,missing_expected_sample,200.0,,0,0,Fault19-condition4-opening8
,Fault19/Fault19-condition4/Fault19-condition4-9.csv,19,4,9,False,missing_expected_sample,,missing_expected_sample,200.0,,0,0,Fault19-condition4-opening9
,Fault19/Fault19-condition4/Fault19-condition4-10.csv,19,4,10,False,missing_expected_sample,,missing_expected_sample,200.0,,0,0,Fault19-condition4-opening10
,Fault19/Fault19-condition4/Fault19-condition4-11.csv,19,4,11,False,missing_expected_sample,,missing_expected_sample,200.0,,0,0,Fault19-condition4-opening11
,Fault19/Fault19-condition4/Fault19-condition4-12.csv,19,4,12,False,missing_expected_sample,,missing_expected_sample,200.0,,0,0,Fault19-condition4-opening12
,Fault19/Fault19-condition4/Fault19-condition4-13.csv,19,4,13,False,missing_expected_sample,,missing_expected_sample,200.0,,0,0,Fault19-condition4-opening13
,Fault19/Fault19-condition4/Fault19-condition4-14.csv,19,4,14,False,missing_expected_sample,,missing_expected_sample,200.0,,0,0,Fault19-condition4-opening14
,Fault19/Fault19-condition4/Fault19-condition4-15.csv,19,4,15,False,missing_expected_sample,,missing_expected_sample,200.0,,0,0,Fault19-condition4-opening15
,Fault19/Fault19-condition4/Fault19-condition4-16.csv,19,4,16,False,missing_expected_sample,,missing_expected_sample,200.0,,0,0,Fault19-condition4-opening16
,Fault19/Fault19-condition4/Fault19-condition4-17.csv,19,4,17,False,missing_expected_sample,,missing_expected_sample,200.0,,0,0,Fault19-condition4-opening17
,Fault19/Fault19-condition4/Fault19-condition4-18.csv,19,4,18,False,missing_expected_sample,,missing_expected_sample,200.0,,0,0,Fault19-condition4-opening18
,Fault19/Fault19-condition4/Fault19-condition4-19.csv,19,4,19,False,missing_expected_sample,,missing_expected_sample,200.0,,0,0,Fault19-condition4-opening19
,Fault19/Fault19-condition4/Fault19-condition4-20.csv,19,4,20,False,missing_expected_sample,,missing_expected_sample,200.0,,0,0,Fault19-condition4-opening20
,Fault19/Fault19-condition5/Fault19-condition5-1.csv,19,5,1,False,missing_expected_sample,,missing_expected_sample,200.0,,0,0,Fault19-condition5-opening1
,Fault19/Fault19-condition5/Fault19-condition5-2.csv,19,5,2,False,missing_expected_sample,,missing_expected_sample,200.0,,0,0,Fault19-condition5-opening2
,Fault19/Fault19-condition5/Fault19-condition5-3.csv,19,5,3,False,missing_expected_sample,,missing_expected_sample,200.0,,0,0,Fault19-condition5-opening3
,Fault19/Fault19-condition5/Fault19-condition5-4.csv,19,5,4,False,missing_expected_sample,,missing_expected_sample,200.0,,0,0,Fault19-condition5-opening4
,Fault19/Fault19-condition5/Fault19-condition5-5.csv,19,5,5,False,missing_expected_sample,,missing_expected_sample,200.0,,0,0,Fault19-condition5-opening5
,Fault19/Fault19-condition5/Fault19-condition5-6.csv,19,5,6,False,missing_expected_sample,,missing_expected_sample,200.0,,0,0,Fault19-condition5-opening6
,Fault19/Fault19-condition5/Fault19-condition5-7.csv,19,5,7,False,missing_expected_sample,,missing_expected_sample,200.0,,0,0,Fault19-condition5-opening7
,Fault19/Fault19-condition5/Fault19-condition5-8.csv,19,5,8,False,missing_expected_sample,,missing_expected_sample,200.0,,0,0,Fault19-condition5-opening8
,Fault19/Fault19-condition5/Fault19-condition5-9.csv,19,5,9,False,missing_expected_sample,,missing_expected_sample,200.0,,0,0,Fault19-condition5-opening9
,Fault19/Fault19-condition5/Fault19-condition5-10.csv,19,5,10,False,missing_expected_sample,,missing_expected_sample,200.0,,0,0,Fault19-condition5-opening10
,Fault19/Fault19-condition5/Fault19-condition5-11.csv,19,5,11,False,missing_expected_sample,,missing_expected_sample,200.0,,0,0,Fault19-condition5-opening11
,Fault19/Fault19-condition5/Fault19-condition5-12.csv,19,5,12,False,missing_expected_sample,,missing_expected_sample,200.0,,0,0,Fault19-condition5-opening12
,Fault19/Fault19-condition5/Fault19-condition5-13.csv,19,5,13,False,missing_expected_sample,,missing_expected_sample,200.0,,0,0,Fault19-condition5-opening13
,Fault19/Fault19-condition5/Fault19-condition5-14.csv,19,5,14,False,missing_expected_sample,,missing_expected_sample,200.0,,0,0,Fault19-condition5-opening14
,Fault19/Fault19-condition5/Fault19-condition5-15.csv,19,5,15,False,missing_expected_sample,,missing_expected_sample,200.0,,0,0,Fault19-condition5-opening15
,Fault19/Fault19-condition5/Fault19-condition5-16.csv,19,5,16,False,missing_expected_sample,,missing_expected_sample,200.0,,0,0,Fault19-condition5-opening16
,Fault19/Fault19-condition5/Fault19-condition5-17.csv,19,5,17,False,missing_expected_sample,,missing_expected_sample,200.0,,0,0,Fault19-condition5-opening17
,Fault19/Fault19-condition5/Fault19-condition5-18.csv,19,5,18,False,missing_expected_sample,,missing_expected_sample,200.0,,0,0,Fault19-condition5-opening18
,Fault19/Fault19-condition5/Fault19-condition5-19.csv,19,5,19,False,missing_expected_sample,,missing_expected_sample,200.0,,0,0,Fault19-condition5-opening19
,Fault19/Fault19-condition5/Fault19-condition5-20.csv,19,5,20,False,missing_expected_sample,,missing_expected_sample,200.0,,0,0,Fault19-condition5-opening20
,Fault19/Fault19-condition6/Fault19-condition6-1.csv,19,6,1,False,missing_expected_sample,,missing_expected_sample,200.0,,0,0,Fault19-condition6-opening1
,Fault19/Fault19-condition6/Fault19-condition6-2.csv,19,6,2,False,missing_expected_sample,,missing_expected_sample,200.0,,0,0,Fault19-condition6-opening2
,Fault19/Fault19-condition6/Fault19-condition6-3.csv,19,6,3,False,missing_expected_sample,,missing_expected_sample,200.0,,0,0,Fault19-condition6-opening3
,Fault19/Fault19-condition6/Fault19-condition6-4.csv,19,6,4,False,missing_expected_sample,,missing_expected_sample,200.0,,0,0,Fault19-condition6-opening4
,Fault19/Fault19-condition6/Fault19-condition6-5.csv,19,6,5,False,missing_expected_sample,,missing_expected_sample,200.0,,0,0,Fault19-condition6-opening5
,Fault19/Fault19-condition6/Fault19-condition6-6.csv,19,6,6,False,missing_expected_sample,,missing_expected_sample,200.0,,0,0,Fault19-condition6-opening6
,Fault19/Fault19-condition6/Fault19-condition6-7.csv,19,6,7,False,missing_expected_sample,,missing_expected_sample,200.0,,0,0,Fault19-condition6-opening7
,Fault19/Fault19-condition6/Fault19-condition6-8.csv,19,6,8,False,missing_expected_sample,,missing_expected_sample,200.0,,0,0,Fault19-condition6-opening8
,Fault19/Fault19-condition6/Fault19-condition6-9.csv,19,6,9,False,missing_expected_sample,,missing_expected_sample,200.0,,0,0,Fault19-condition6-opening9
,Fault19/Fault19-condition6/Fault19-condition6-10.csv,19,6,10,False,missing_expected_sample,,missing_expected_sample,200.0,,0,0,Fault19-condition6-opening10
,Fault19/Fault19-condition6/Fault19-condition6-11.csv,19,6,11,False,missing_expected_sample,,missing_expected_sample,200.0,,0,0,Fault19-condition6-opening11
,Fault19/Fault19-condition6/Fault19-condition6-12.csv,19,6,12,False,missing_expected_sample,,missing_expected_sample,200.0,,0,0,Fault19-condition6-opening12
,Fault19/Fault19-condition6/Fault19-condition6-13.csv,19,6,13,False,missing_expected_sample,,missing_expected_sample,200.0,,0,0,Fault19-condition6-opening13
,Fault19/Fault19-condition6/Fault19-condition6-14.csv,19,6,14,False,missing_expected_sample,,missing_expected_sample,200.0,,0,0,Fault19-condition6-opening14
,Fault19/Fault19-condition6/Fault19-condition6-15.csv,19,6,15,False,missing_expected_sample,,missing_expected_sample,200.0,,0,0,Fault19-condition6-opening15
,Fault19/Fault19-condition6/Fault19-condition6-16.csv,19,6,16,False,missing_expected_sample,,missing_expected_sample,200.0,,0,0,Fault19-condition6-opening16
,Fault19/Fault19-condition6/Fault19-condition6-17.csv,19,6,17,False,missing_expected_sample,,missing_expected_sample,200.0,,0,0,Fault19-condition6-opening17
,Fault19/Fault19-condition6/Fault19-condition6-18.csv,19,6,18,False,missing_expected_sample,,missing_expected_sample,200.0,,0,0,Fault19-condition6-opening18
,Fault19/Fault19-condition6/Fault19-condition6-19.csv,19,6,19,False,missing_expected_sample,,missing_expected_sample,200.0,,0,0,Fault19-condition6-opening19
,Fault19/Fault19-condition6/Fault19-condition6-20.csv,19,6,20,False,missing_expected_sample,,missing_expected_sample,200.0,,0,0,Fault19-condition6-opening20
,Fault19/Fault19-condition7/Fault19-condition7-1.csv,19,7,1,False,missing_expected_sample,,missing_expected_sample,200.0,,0,0,Fault19-condition7-opening1
,Fault19/Fault19-condition7/Fault19-condition7-2.csv,19,7,2,False,missing_expected_sample,,missing_expected_sample,200.0,,0,0,Fault19-condition7-opening2
,Fault19/Fault19-condition7/Fault19-condition7-3.csv,19,7,3,False,missing_expected_sample,,missing_expected_sample,200.0,,0,0,Fault19-condition7-opening3
,Fault19/Fault19-condition7/Fault19-condition7-4.csv,19,7,4,False,missing_expected_sample,,missing_expected_sample,200.0,,0,0,Fault19-condition7-opening4
,Fault19/Fault19-condition7/Fault19-condition7-5.csv,19,7,5,False,missing_expected_sample,,missing_expected_sample,200.0,,0,0,Fault19-condition7-opening5
,Fault19/Fault19-condition7/Fault19-condition7-6.csv,19,7,6,False,missing_expected_sample,,missing_expected_sample,200.0,,0,0,Fault19-condition7-opening6
,Fault19/Fault19-condition7/Fault19-condition7-7.csv,19,7,7,False,missing_expected_sample,,missing_expected_sample,200.0,,0,0,Fault19-condition7-opening7
,Fault19/Fault19-condition7/Fault19-condition7-8.csv,19,7,8,False,missing_expected_sample,,missing_expected_sample,200.0,,0,0,Fault19-condition7-opening8
,Fault19/Fault19-condition7/Fault19-condition7-9.csv,19,7,9,False,missing_expected_sample,,missing_expected_sample,200.0,,0,0,Fault19-condition7-opening9
,Fault19/Fault19-condition7/Fault19-condition7-10.csv,19,7,10,False,missing_expected_sample,,missing_expected_sample,200.0,,0,0,Fault19-condition7-opening10
,Fault19/Fault19-condition7/Fault19-condition7-11.csv,19,7,11,False,missing_expected_sample,,missing_expected_sample,200.0,,0,0,Fault19-condition7-opening11
,Fault19/Fault19-condition7/Fault19-condition7-12.csv,19,7,12,False,missing_expected_sample,,missing_expected_sample,200.0,,0,0,Fault19-condition7-opening12
,Fault19/Fault19-condition7/Fault19-condition7-13.csv,19,7,13,False,missing_expected_sample,,missing_expected_sample,200.0,,0,0,Fault19-condition7-opening13
,Fault19/Fault19-condition7/Fault19-condition7-14.csv,19,7,14,False,missing_expected_sample,,missing_expected_sample,200.0,,0,0,Fault19-condition7-opening14
,Fault19/Fault19-condition7/Fault19-condition7-15.csv,19,7,15,False,missing_expected_sample,,missing_expected_sample,200.0,,0,0,Fault19-condition7-opening15
,Fault19/Fault19-condition7/Fault19-condition7-16.csv,19,7,16,False,missing_expected_sample,,missing_expected_sample,200.0,,0,0,Fault19-condition7-opening16
,Fault19/Fault19-condition7/Fault19-condition7-17.csv,19,7,17,False,missing_expected_sample,,missing_expected_sample,200.0,,0,0,Fault19-condition7-opening17
,Fault19/Fault19-condition7/Fault19-condition7-18.csv,19,7,18,False,missing_expected_sample,,missing_expected_sample,200.0,,0,0,Fault19-condition7-opening18
,Fault19/Fault19-condition7/Fault19-condition7-19.csv,19,7,19,False,missing_expected_sample,,missing_expected_sample,200.0,,0,0,Fault19-condition7-opening19
,Fault19/Fault19-condition7/Fault19-condition7-20.csv,19,7,20,False,missing_expected_sample,,missing_expected_sample,200.0,,0,0,Fault19-condition7-opening20
,Fault19/Fault19-condition8/Fault19-condition8-1.csv,19,8,1,False,missing_expected_sample,,missing_expected_sample,200.0,,0,0,Fault19-condition8-opening1
,Fault19/Fault19-condition8/Fault19-condition8-2.csv,19,8,2,False,missing_expected_sample,,missing_expected_sample,200.0,,0,0,Fault19-condition8-opening2
,Fault19/Fault19-condition8/Fault19-condition8-3.csv,19,8,3,False,missing_expected_sample,,missing_expected_sample,200.0,,0,0,Fault19-condition8-opening3
,Fault19/Fault19-condition8/Fault19-condition8-4.csv,19,8,4,False,missing_expected_sample,,missing_expected_sample,200.0,,0,0,Fault19-condition8-opening4
,Fault19/Fault19-condition8/Fault19-condition8-5.csv,19,8,5,False,missing_expected_sample,,missing_expected_sample,200.0,,0,0,Fault19-condition8-opening5
,Fault19/Fault19-condition8/Fault19-condition8-6.csv,19,8,6,False,missing_expected_sample,,missing_expected_sample,200.0,,0,0,Fault19-condition8-opening6
,Fault19/Fault19-condition8/Fault19-condition8-7.csv,19,8,7,False,missing_expected_sample,,missing_expected_sample,200.0,,0,0,Fault19-condition8-opening7
,Fault19/Fault19-condition8/Fault19-condition8-8.csv,19,8,8,False,missing_expected_sample,,missing_expected_sample,200.0,,0,0,Fault19-condition8-opening8
,Fault19/Fault19-condition8/Fault19-condition8-9.csv,19,8,9,False,missing_expected_sample,,missing_expected_sample,200.0,,0,0,Fault19-condition8-opening9
,Fault19/Fault19-condition8/Fault19-condition8-10.csv,19,8,10,False,missing_expected_sample,,missing_expected_sample,200.0,,0,0,Fault19-condition8-opening10
,Fault19/Fault19-condition8/Fault19-condition8-11.csv,19,8,11,False,missing_expected_sample,,missing_expected_sample,200.0,,0,0,Fault19-condition8-opening11
,Fault19/Fault19-condition8/Fault19-condition8-12.csv,19,8,12,False,missing_expected_sample,,missing_expected_sample,200.0,,0,0,Fault19-condition8-opening12
,Fault19/Fault19-condition8/Fault19-condition8-13.csv,19,8,13,False,missing_expected_sample,,missing_expected_sample,200.0,,0,0,Fault19-condition8-opening13
,Fault19/Fault19-condition8/Fault19-condition8-14.csv,19,8,14,False,missing_expected_sample,,missing_expected_sample,200.0,,0,0,Fault19-condition8-opening14
,Fault19/Fault19-condition8/Fault19-condition8-15.csv,19,8,15,False,missing_expected_sample,,missing_expected_sample,200.0,,0,0,Fault19-condition8-opening15
,Fault19/Fault19-condition8/Fault19-condition8-16.csv,19,8,16,False,missing_expected_sample,,missing_expected_sample,200.0,,0,0,Fault19-condition8-opening16
,Fault19/Fault19-condition8/Fault19-condition8-17.csv,19,8,17,False,missing_expected_sample,,missing_expected_sample,200.0,,0,0,Fault19-condition8-opening17
,Fault19/Fault19-condition8/Fault19-condition8-18.csv,19,8,18,False,missing_expected_sample,,missing_expected_sample,200.0,,0,0,Fault19-condition8-opening18
,Fault19/Fault19-condition8/Fault19-condition8-19.csv,19,8,19,False,missing_expected_sample,,missing_expected_sample,200.0,,0,0,Fault19-condition8-opening19
,Fault19/Fault19-condition8/Fault19-condition8-20.csv,19,8,20,False,missing_expected_sample,,missing_expected_sample,200.0,,0,0,Fault19-condition8-opening20
,Fault19/Fault19-condition9/Fault19-condition9-1.csv,19,9,1,False,missing_expected_sample,,missing_expected_sample,200.0,,0,0,Fault19-condition9-opening1
,Fault19/Fault19-condition9/Fault19-condition9-2.csv,19,9,2,False,missing_expected_sample,,missing_expected_sample,200.0,,0,0,Fault19-condition9-opening2
,Fault19/Fault19-condition9/Fault19-condition9-3.csv,19,9,3,False,missing_expected_sample,,missing_expected_sample,200.0,,0,0,Fault19-condition9-opening3
,Fault19/Fault19-condition9/Fault19-condition9-4.csv,19,9,4,False,missing_expected_sample,,missing_expected_sample,200.0,,0,0,Fault19-condition9-opening4
,Fault19/Fault19-condition9/Fault19-condition9-5.csv,19,9,5,False,missing_expected_sample,,missing_expected_sample,200.0,,0,0,Fault19-condition9-opening5
,Fault19/Fault19-condition9/Fault19-condition9-6.csv,19,9,6,False,missing_expected_sample,,missing_expected_sample,200.0,,0,0,Fault19-condition9-opening6
,Fault19/Fault19-condition9/Fault19-condition9-7.csv,19,9,7,False,missing_expected_sample,,missing_expected_sample,200.0,,0,0,Fault19-condition9-opening7
,Fault19/Fault19-condition9/Fault19-condition9-8.csv,19,9,8,False,missing_expected_sample,,missing_expected_sample,200.0,,0,0,Fault19-condition9-opening8
,Fault19/Fault19-condition9/Fault19-condition9-9.csv,19,9,9,False,missing_expected_sample,,missing_expected_sample,200.0,,0,0,Fault19-condition9-opening9
,Fault19/Fault19-condition9/Fault19-condition9-10.csv,19,9,10,False,missing_expected_sample,,missing_expected_sample,200.0,,0,0,Fault19-condition9-opening10
,Fault19/Fault19-condition9/Fault19-condition9-11.csv,19,9,11,False,missing_expected_sample,,missing_expected_sample,200.0,,0,0,Fault19-condition9-opening11
,Fault19/Fault19-condition9/Fault19-condition9-12.csv,19,9,12,False,missing_expected_sample,,missing_expected_sample,200.0,,0,0,Fault19-condition9-opening12
,Fault19/Fault19-condition9/Fault19-condition9-13.csv,19,9,13,False,missing_expected_sample,,missing_expected_sample,200.0,,0,0,Fault19-condition9-opening13
,Fault19/Fault19-condition9/Fault19-condition9-14.csv,19,9,14,False,missing_expected_sample,,missing_expected_sample,200.0,,0,0,Fault19-condition9-opening14
,Fault19/Fault19-condition9/Fault19-condition9-15.csv,19,9,15,False,missing_expected_sample,,missing_expected_sample,200.0,,0,0,Fault19-condition9-opening15
,Fault19/Fault19-condition9/Fault19-condition9-16.csv,19,9,16,False,missing_expected_sample,,missing_expected_sample,200.0,,0,0,Fault19-condition9-opening16
,Fault19/Fault19-condition9/Fault19-condition9-17.csv,19,9,17,False,missing_expected_sample,,missing_expected_sample,200.0,,0,0,Fault19-condition9-opening17
,Fault19/Fault19-condition9/Fault19-condition9-18.csv,19,9,18,False,missing_expected_sample,,missing_expected_sample,200.0,,0,0,Fault19-condition9-opening18
,Fault19/Fault19-condition9/Fault19-condition9-19.csv,19,9,19,False,missing_expected_sample,,missing_expected_sample,200.0,,0,0,Fault19-condition9-opening19
,Fault19/Fault19-condition9/Fault19-condition9-20.csv,19,9,20,False,missing_expected_sample,,missing_expected_sample,200.0,,0,0,Fault19-condition9-opening20
,Fault19/Fault19-condition10/Fault19-condition10-1.csv,19,10,1,False,missing_expected_sample,,missing_expected_sample,200.0,,0,0,Fault19-condition10-opening1
,Fault19/Fault19-condition10/Fault19-condition10-2.csv,19,10,2,False,missing_expected_sample,,missing_expected_sample,200.0,,0,0,Fault19-condition10-opening2
,Fault19/Fault19-condition10/Fault19-condition10-3.csv,19,10,3,False,missing_expected_sample,,missing_expected_sample,200.0,,0,0,Fault19-condition10-opening3
,Fault19/Fault19-condition10/Fault19-condition10-4.csv,19,10,4,False,missing_expected_sample,,missing_expected_sample,200.0,,0,0,Fault19-condition10-opening4
,Fault19/Fault19-condition10/Fault19-condition10-5.csv,19,10,5,False,missing_expected_sample,,missing_expected_sample,200.0,,0,0,Fault19-condition10-opening5
,Fault19/Fault19-condition10/Fault19-condition10-6.csv,19,10,6,False,missing_expected_sample,,missing_expected_sample,200.0,,0,0,Fault19-condition10-opening6
,Fault19/Fault19-condition10/Fault19-condition10-7.csv,19,10,7,False,missing_expected_sample,,missing_expected_sample,200.0,,0,0,Fault19-condition10-opening7
,Fault19/Fault19-condition10/Fault19-condition10-8.csv,19,10,8,False,missing_expected_sample,,missing_expected_sample,200.0,,0,0,Fault19-condition10-opening8
,Fault19/Fault19-condition10/Fault19-condition10-9.csv,19,10,9,False,missing_expected_sample,,missing_expected_sample,200.0,,0,0,Fault19-condition10-opening9
,Fault19/Fault19-condition10/Fault19-condition10-10.csv,19,10,10,False,missing_expected_sample,,missing_expected_sample,200.0,,0,0,Fault19-condition10-opening10
,Fault19/Fault19-condition10/Fault19-condition10-11.csv,19,10,11,False,missing_expected_sample,,missing_expected_sample,200.0,,0,0,Fault19-condition10-opening11
,Fault19/Fault19-condition10/Fault19-condition10-12.csv,19,10,12,False,missing_expected_sample,,missing_expected_sample,200.0,,0,0,Fault19-condition10-opening12
,Fault19/Fault19-condition10/Fault19-condition10-13.csv,19,10,13,False,missing_expected_sample,,missing_expected_sample,200.0,,0,0,Fault19-condition10-opening13
,Fault19/Fault19-condition10/Fault19-condition10-14.csv,19,10,14,False,missing_expected_sample,,missing_expected_sample,200.0,,0,0,Fault19-condition10-opening14
,Fault19/Fault19-condition10/Fault19-condition10-15.csv,19,10,15,False,missing_expected_sample,,missing_expected_sample,200.0,,0,0,Fault19-condition10-opening15
,Fault19/Fault19-condition10/Fault19-condition10-16.csv,19,10,16,False,missing_expected_sample,,missing_expected_sample,200.0,,0,0,Fault19-condition10-opening16
,Fault19/Fault19-condition10/Fault19-condition10-17.csv,19,10,17,False,missing_expected_sample,,missing_expected_sample,200.0,,0,0,Fault19-condition10-opening17
,Fault19/Fault19-condition10/Fault19-condition10-18.csv,19,10,18,False,missing_expected_sample,,missing_expected_sample,200.0,,0,0,Fault19-condition10-opening18
,Fault19/Fault19-condition10/Fault19-condition10-19.csv,19,10,19,False,missing_expected_sample,,missing_expected_sample,200.0,,0,0,Fault19-condition10-opening19
,Fault19/Fault19-condition10/Fault19-condition10-20.csv,19,10,20,False,missing_expected_sample,,missing_expected_sample,200.0,,0,0,Fault19-condition10-opening20
